index	Transcript	AB0I	AB0H	AAXU	AAXT	AAXN	AAXJ	AAXI	AAXF	AAXD	AAXB	AAXA	AAX8	AAX4	AAVH	AA62	AA5X	AA43	AA42	AA41	AA3Z	AA3Y	AA3X	AA3W	AA1J	A9V5	A9V4	A9V3	A9V2	A9V1	A9V0	A9UZ	A9UY	A9UV	A9UU	A9UT	A9UR	A9UQ	A9UP	A9UO	A9UM	A9UL	A9UJ	A9UI	A9UH	A9UD	A9UC	A9UB	A9U7	A9U6	A9U5	A9DA	A97N	A959	A958	A957	A954	A953	A952	A950	A94Z	A94Y	A94X	A94W	A913	A907	A905	A902	A901	A8ZZ	A8YY	A8YT	A8YR	A8YQ	A8YF	A8XK	A8XJ	A8XI	A8XH	A8TJ	A8QR	A8QQ	A8QO	A8QM	A8QH	A8QF	A8QC	A8QA	A8Q9	A8Q8	A8MA	A8JM	A8EL	A8EK	A8EJ	A8EI	A8EH	A8EG	A8EC	A8EB	A852	A834	A7XC	A7X8	A7X5	A7X3	A7WI	A7WH	A7WF	A7UI	A7UH	A7UE	A7UC	A7PI	A7PF	A7PD	A7HU	A7CO	A7CM	A7CL	A7CK	A7CJ	A7CH	A7CG	A78R	A770	A741	A73S	A73R	A73Q	A73P	A73O	A6QX	A6DW	A6DV	A6DT	A69V	A69M	A69L	A69B	A5ZF	A5ZE	A5ZD	A5YI	A5XV	A5VL	A5VK	A5VJ	A5VI	A5VH	A5VG	A5U3	A5U2	A5RQ	A5R3	A5R2	A5R1	A5QV	A5O9	A5FO	A5BE	A5BD	A57G	A556	A51Y	A50E	A4S6	A4BA	A4AX	A4AW	A4AV	A4AU	A44S	A449	A43B	A439	A411	A410	A40J	A3YQ	A3Y4	A3WB	A3TX	A3TQ	A3QE	A3QD	A3Q8	A3Q0	A3PZ	A3NI	A3LQ	A3LL	A3LK	A3LI	A3LH	A3LF	A3LC	A3LB	A3LA	A3L7	A3L1	A3JK	A3HZ	A3HY	A3HU	A3HT	A3HS	A3HR	A3HQ	A3HL	A3HF	A3HE	A3HD	A3GN	A3GM	A3GK	A3GJ	A2RO	A2RN	A2RM	A2RL	A2RK	A2RJ	A2RE	A2RC	A2RB	A2RA	A2R9	A2R8	A2R7	A2QG	A2PM	A2PL	A2PK	A2PI	A2PG	A2PA	A2M2	A2M1	A2LZ	A2LY	A2LX	A2LV	A2LT	A2LS	A2KM	A2KL	A2KK	A2KJ	A2KH	A2IR	A2IP	A2H1	A2H0	A2GZ	A23L	A23K	A20A	A1QT	A1QS	A1OD	A1OC	A1OB	A1OA	A1O9	A1MQ	A1MP	A1MN	A1ML	A1MK	A1MJ	A1MI	A1MH	A1MF	A1ME	A1M9	A1M8	A1M7	A1M6	A1M5	A1H6	A1H5	A1BQ	A1BN	A1BM	A1BL	A1BK	A1BJ	A1BI	A1BF	A1BE	A0ZM	A0ZL	A0VS	A0VR	A0VN	A0VM	A0VL	A0VK	A0TN	A7PG	A6W2	A5BF	A3JJ	A3EO
TP53	TP53-001	5.28966	10.0913	7.02919	8.96461	7.49613	0.951556	0.745418	11.6632	9.4511	1.25227	17.8441	10.7785	14.8339	5.98833	16.6426	5.01484	15.0517	5.9753099999999995	8.79903	17.4362	7.121989999999999	7.45415	25.3558	10.0386	9.06431	7.0906	17.746	8.96017	6.53636	9.69362	11.7474	8.87209	12.4066	9.228019999999999	2.3580200000000002	16.1104	15.5986	7.74913	3.00494	14.2948	26.1298	21.2869	10.068	5.604430000000001	1.9857900000000002	15.5056	24.6893	8.10806	8.96493	18.417	14.7936	25.7125	7.007339999999999	5.5384	2.7425599999999997	12.4253	12.3785	10.0749	7.7676300000000005	6.3528400000000005	1.29406	5.83082	25.0016	35.8188	5.59399	17.7313	10.4835	12.9875	9.376610000000001	19.5717	30.6493	3.0234	10.2178	11.8178	15.9911	13.7227	11.0509	9.39615	13.7601	2.31129	5.292619999999999	31.3092	13.4605	7.84812	3.0491599999999996	5.57022	31.2928	1.89523	0.767347	5.412730000000001	10.1687	2.42568	7.11866	0.462446	4.723730000000001	13.2137	17.708	8.124410000000001	3.7253	0.025090099999999997	16.0019	5.38797	2.39119	9.17067	5.1231	0.799351	4.3475	23.2865	0.17615799999999998	11.5394	0.257646	7.48717	13.7101	15.3703	12.9381	12.5869	3.6001300000000005	4.800590000000001	4.83437	14.133	15.0122	5.5366599999999995	9.70432	0.10827	14.1755	3.6613800000000003	4.14115	25.833000000000002	11.4218	5.785419999999999	10.4499	6.8494600000000005	14.5671	8.72499	5.6470199999999995	0.52163	3.3263300000000005	6.50845	5.0411	3.4081599999999996	5.46703	8.479569999999999	5.2725599999999995	10.5727	9.1619	2.94533	5.68524	7.6609	8.68834	10.0721	8.55308	10.7615	5.27888	0.0933952	1.5734700000000001	5.48592	5.67523	3.9904300000000004	14.4808	3.16967	7.68473	8.52988	15.0506	13.0329	3.14823	21.4519	0.0	14.9499	7.298989999999999	0.0	4.71416	1.8398299999999999	6.23421	0.325907	8.72607	9.39603	12.9378	12.0538	8.74438	9.32214e-05	24.0743	36.9145	20.1306	6.9630600000000005	3.02762	2.86918	14.5535	4.3979099999999995	11.6116	7.29356	0.11994200000000001	5.63704	0.058688599999999994	4.60356	5.006390000000001	6.23116	0.327287	7.401330000000001	17.9677	8.32421	9.95352	5.2983199999999995	5.26661	9.68542	11.4329	14.7548	14.3322	31.6528	14.3974	14.3095	2.0343400000000003	7.34789	2.15923	5.31399	16.0561	2.25801	4.82418	6.901229999999999e-09	2.81271	8.87324	2.85918	1.56013	4.42408	5.6653199999999995	0.22152600000000003	1.37405	1.5292700000000001	4.9343900000000005	3.30004	13.2875	7.2466	1.9971400000000001	2.85723	5.85958	0.18654300000000001	9.406939999999999	13.1097	6.82963	8.99742	0.514487	0.00215882	3.04992	3.72591	5.15198	4.70694	15.0171	22.7204	0.0	15.138	10.7494	0.424335	2.63911	1.9361599999999999	5.541119999999999	12.5125	2.71788e-09	6.48263	6.961289999999999	14.8889	2.68313	5.70098	1.12982	2.90517	7.3845	1.30774	9.22064	8.30306	10.4311	8.13818	20.4563	23.2865	11.4578	0.00588675	0.360535	20.4092	5.2788699999999995	11.4687	8.01113	10.1992	0.017349400000000004	8.86014	4.53913	6.17628	5.92664	6.561789999999999	4.07284	9.02923	5.6919900000000005	4.09375	9.84308	0.000297161	5.96535	11.0604	12.6808	2.37621	5.43519	6.642760000000001	13.0291	4.96391	8.102205	18.381865	2.980037	8.586335	2.429795
TP53	TP53-019	0.270177	0.20550900000000002	0.580771	0.633034	0.186696	0.588288	0.241851	2.29485	0.261544	0.259997	0.82878	2.78436	0.7549859999999999	0.151723	0.48572299999999996	0.30325	0.588966	0.08520739999999999	0.27199	0.43094399999999994	0.314052	0.285047	0.9419370000000001	0.367305	0.189249	1.21307	0.550058	0.24351599999999998	0.0	0.0	0.7253390000000001	0.351877	0.32466799999999996	0.44329300000000005	0.127556	0.82075	0.18293099999999998	0.48743400000000003	0.28921199999999997	0.631263	1.4568299999999998	0.964756	0.100268	0.755734	0.22188400000000003	0.64904	0.526621	0.441317	0.08800670000000001	0.759429	0.4271	0.41811899999999996	0.6968949999999999	0.2671	0.911004	0.646422	0.592568	0.479192	0.24233000000000002	0.265732	0.07321799999999999	0.3203	1.55531	0.631288	0.300048	0.328532	0.413633	0.614953	3.5611099999999998	0.428069	0.9947389999999999	0.29795	0.0	0.632035	0.398411	0.813287	0.33702600000000005	0.102622	0.385617	0.15398599999999998	0.07814510000000001	1.30149	0.508	0.398602	0.108412	0.10282899999999999	0.766004	0.349491	0.44332299999999997	0.661481	0.42454	0.245171	0.368229	0.192935	0.271778	0.263464	0.616767	0.34257600000000005	0.0	0.216322	0.676603	0.351473	0.36151500000000003	0.142901	0.476191	0.24421199999999998	0.434613	0.500424	0.208666	0.279866	0.495993	0.056069299999999996	0.39728600000000003	0.5770390000000001	0.32004	0.43617700000000004	0.20631599999999997	0.431208	0.35325500000000004	0.6391180000000001	0.419703	0.19656099999999999	0.25745	0.32153899999999996	0.272994	0.12331700000000001	0.236946	1.45478	0.579471	0.06961410000000001	0.8698459999999999	0.207013	0.674876	0.32367399999999996	0.3116	0.13588499999999998	0.176149	0.038997000000000004	0.115763	0.378999	0.265386	0.170322	0.172255	0.562136	0.5812350000000001	0.9110469999999999	0.17097	0.896008	0.654885	0.749466	0.43229700000000004	0.5196689999999999	0.307635	0.744189	0.34108	0.081334	0.116743	0.429541	0.571451	0.029055400000000002	0.541942	0.369596	0.957145	0.29802	0.733429	0.5647909999999999	1.1091600000000001	0.9968809999999999	0.5252819999999999	0.0	0.263848	0.41872700000000007	2.06955	0.181833	0.430036	0.36024	0.517085	0.769646	0.44204899999999997	0.318814	0.606477	0.42568999999999996	0.482735	0.25654099999999996	0.44181000000000004	0.21853000000000003	0.322233	0.0328029	0.267002	0.311661	0.614826	0.259248	0.0490661	0.145203	0.41396000000000005	0.156277	0.44802	0.187343	0.363987	0.2013	0.147619	0.46300699999999995	0.129717	0.167889	0.283344	0.476412	0.22751999999999997	0.339413	0.279404	0.176824	0.09413719999999999	0.303252	0.146675	0.122767	0.474145	0.290865	0.136055	0.07042469999999999	0.18431199999999998	0.210569	0.311745	0.0995273	1.2816299999999998	0.286779	0.17713099999999998	0.28727199999999997	0.513443	0.181122	0.0888727	0.23113000000000003	0.73487	0.145698	0.113193	0.68883	0.19333	0.244655	0.39507	0.14135899999999998	0.668099	0.11228199999999999	0.497745	0.184247	0.260716	0.42585100000000004	0.200915	0.386414	0.5562739999999999	0.513753	0.52609	0.266679	0.212856	0.626942	0.0694272	0.311299	0.292365	0.13814200000000001	0.250295	0.360356	0.423563	0.276527	0.407055	0.12903	0.11247599999999999	0.13431600000000002	0.111626	0.217986	0.429914	0.211844	0.357732	0.165667	0.23689699999999997	0.47676899999999994	0.122939	0.0983607	0.893094	1.6143	0.6059260000000001	1.1662299999999999	0.137875	1.41534	0.225647	0.152326	0.323141	0.18704500000000002	0.399588	0.135184	0.389048	0.22056399999999998	0.188825	0.20579899999999998	0.06967419999999999	0.349611	0.45207600000000003	0.485965	0.214017	0.237308	0.496845	0.23461700000000002	0.30978	0.222916	2.2544735	0.3004605	0.1849785	0.2071185
TP53	TP53-018	0.29844899999999996	0.406204	0.0468832	0.21599200000000002	0.0713812	0.148536	0.153479	0.42094899999999996	0.440763	0.155644	0.472562	0.627482	0.45581800000000006	0.459858	0.208657	0.42389899999999997	0.37833	0.0883434	0.200578	0.0	0.0499939	0.08592260000000002	0.35973299999999997	0.5277930000000001	0.373357	0.296926	0.44935600000000003	0.121946	0.377662	0.0	0.360842	0.263681	0.21721500000000002	0.63241	0.42263999999999996	0.7461810000000001	0.281252	1.2848899999999999	0.500396	0.506959	0.60723	0.752811	0.288505	0.0605627	0.0617515	0.55575	0.12276400000000001	0.28446	0.27896	1.14713	0.18446300000000002	0.6132479999999999	0.164993	0.218926	0.0	0.277723	0.16922	0.769891	0.0585624	0.586313	0.34194	0.164322	0.568336	0.387393	0.0	0.633001	0.0380787	0.447212	0.363769	0.10165700000000001	0.0	0.297651	0.33831999999999995	0.164847	0.298883	0.674323	0.0895304	0.115345	0.503838	0.258709	0.188668	0.525877	0.275509	0.0612678	0.19353299999999998	0.244015	0.213162	0.9132469999999999	0.037921300000000005	0.48153900000000005	0.0	0.0	0.42582600000000004	0.26050700000000004	0.18418199999999998	0.186547	0.199694	0.189683	0.0837793	0.10467699999999999	0.47800699999999996	0.414249	0.209494	0.166929	0.078875	0.0664033	1.06396	0.217072	0.11055999999999999	0.352187	0.0845966	0.058916199999999995	0.23851799999999998	0.29940900000000004	0.41206800000000005	0.113481	0.09952860000000001	0.171733	0.797134	0.443194	0.216881	0.223358	0.24524200000000002	0.0345818	0.167567	0.0992569	0.0	0.372512	0.42032200000000003	0.10651600000000001	0.31292800000000004	0.240781	0.198892	0.487649	0.33355	0.0	0.0894663	0.039557800000000004	0.19039	0.360769	0.09351389999999998	0.205303	0.21883200000000003	0.281875	0.202123	0.0	0.245585	0.136541	0.314603	0.256271	0.13780699999999999	0.17435799999999999	0.10002899999999999	0.27015300000000003	0.0345434	0.177254	0.222185	0.0	0.208024	0.21563000000000002	0.13098900000000002	0.117396	0.549487	0.487645	0.286819	0.6126119999999999	0.0	0.20554899999999998	0.18596600000000002	0.120429	0.132615	0.0317495	0.449896	0.044517	0.332343	0.32643099999999997	0.3354	0.415602	0.301994	0.0335955	0.264823	0.355765	0.37281	0.282487	0.375407	0.0586192	0.14224	0.0	0.13808099999999998	0.141809	0.134485	0.0767661	0.0	0.115165	0.46345299999999995	0.153798	0.0613552	0.100685	0.287079	0.05303240000000001	0.05560740000000001	0.0	0.034631	0.21499200000000002	0.0	0.180841	0.160531	0.317902	0.0904821	0.48372	0.15495499999999998	0.257707	0.25257199999999996	0.422055	0.34579899999999997	0.171757	0.13203299999999998	0.0186003	0.209222	0.14682699999999999	0.6218229999999999	0.10681500000000001	0.10702300000000001	0.06628099999999999	0.11748299999999999	0.15196099999999998	0.166237	0.078582	0.129252	0.16589	0.035492800000000005	0.0875322	0.0600523	0.201265	0.0232585	0.8236879999999999	0.451871	0.165346	0.457818	0.034593900000000004	0.123851	0.0340279	0.0802145	0.39019899999999996	0.0	0.31556799999999996	0.269759	0.0269897	0.30895	0.106993	0.10734500000000001	0.0309388	0.146199	0.11947999999999999	0.45736899999999997	0.0700697	0.48124799999999995	0.18767899999999998	0.20875300000000002	0.201823	0.0699326	0.099717	0.462075	0.144446	0.0	0.1439	0.06662739999999999	0.296059	0.198659	0.5025029999999999	0.631479	0.12061	0.0710354	0.11158900000000001	0.061905499999999995	0.23320500000000002	0.181146	0.260178	0.364942	0.07875650000000001	0.195651	0.156145	0.14141700000000001	0.09136389999999998	0.296576	0.15096800000000002	0.21214699999999997	0.306402	0.171736	0.17661300000000002	0.08899220000000001	0.229911	0.180148	0.0976128	0.0812735	0.0680489	0.231109	0.061635300000000004	0.0465154	0.3345355	0.4177705	0.0772345	0.10121795	0.082024
TP53	TP53-005	0.609542	0.260241	0.723647	0.412131	0.506165	0.0	0.24082699999999999	0.5554359999999999	0.35905	0.0	0.398969	0.388079	0.595893	0.370208	0.0850404	0.265975	0.152588	0.0	0.64415	0.30676	0.21648699999999999	0.0	0.811883	0.41423999999999994	0.365673	0.0	0.21791100000000002	0.08166439999999998	0.6008979999999999	0.4313	0.239598	0.0	0.0968584	0.229084	0.16456099999999999	0.0	0.0	0.532434	0.283926	0.3858	0.582777	0.12353399999999999	0.140048	0.173375	0.26264499999999996	0.139889	0.230837	0.141523	0.168955	0.57926	0.745503	0.527456	0.10786400000000002	0.0	1.88399	0.00392402	0.166703	0.36234	0.0853561	0.0	0.14447100000000002	0.0	0.283856	0.24065999999999999	0.42971499999999996	1.00124	0.07134810000000001	0.320025	0.305737	0.768699	0.000836495	0.421347	0.0	0.150124	0.298729	0.08886110000000001	0.827824	0.130972	0.977865	0.10453699999999999	0.0	1.4149100000000001	0.141677	0.454696	0.00851018	0.0	0.539771	0.559679	0.540614	0.510825	0.0	0.0	0.124204	0.0238711	0.0	0.0	0.113196	0.0	0.0	0.0	0.26794	0.317934	0.10340099999999999	0.0	0.0	0.156398	0.148748	0.083826	0.456983	0.728226	0.340325	0.154917	0.169099	0.39958899999999997	0.350632	0.0	0.15076099999999998	0.270269	0.0	0.7458279999999999	1.1298700000000002	0.27508699999999997	0.133208	0.247126	0.444266	0.0	0.0	0.712492	4.05231e-05	0.175475	0.197911	0.152816	0.761306	0.9905950000000001	0.568342	0.0	0.334742	0.484958	0.274502	0.197451	0.076003	1.33541	0.0763837	0.322029	0.47880100000000003	0.23290100000000002	0.11580499999999999	0.0	0.224429	0.275565	0.071746	0.13116	0.350562	0.0	0.0	0.548033	0.145047	0.00044757900000000003	0.29175500000000004	0.142811	0.0	0.536866	1.17844	0.9433299999999999	0.724621	0.67699	0.18071900000000002	0.29494899999999996	0.263966	0.0	0.0	0.0	0.262579	0.193107	0.315192	0.575328	0.226805	0.49461400000000005	0.226964	0.135249	0.677262	0.700601	1.0931799999999998	0.21552399999999997	0.73853	0.0	0.291652	0.0	0.8637959999999999	0.0	0.0271844	0.281943	0.133562	0.198115	0.713869	0.550967	0.162982	0.684597	0.415591	0.0	0.341907	0.0	0.416498	0.0	0.33211199999999996	0.17754	0.158401	0.7866449999999999	1.16485	0.176451	0.379744	0.0	0.270397	0.424637	0.43081	0.0	0.588558	0.42509600000000003	0.17016099999999998	0.486108	0.127393	0.0	0.161885	0.291704	0.079415	0.238783	0.30645	0.0	0.0	0.6150260000000001	0.0	0.260295	0.213025	0.335162	0.0813172	0.0	0.41367	0.07682739999999999	0.12644	0.0	0.0	0.26213600000000004	0.0	0.546557	0.24946100000000002	0.192592	0.821652	0.0	0.8310629999999999	0.273256	0.07925080000000001	0.260511	0.12411300000000001	0.615898	0.38207399999999997	0.051963999999999996	0.610013	0.25045300000000004	0.20356400000000002	0.441666	0.43724399999999997	0.232281	0.593134	6.0818999999999995e-05	0.0	0.321858	0.20610100000000003	0.339416	0.279238	0.282649	0.9073959999999999	0.37906799999999996	0.0	0.0	0.319704	0.884438	0.381415	0.8623370000000001	0.0	0.0	0.24873699999999999	0.288056	0.127397	0.806266	0.22475100000000003	0.102401	0.218034	0.0	0.106347	0.33292	0.0	0.41727600000000004	0.402026	0.419637	0.0851315	0.195669	0.55104	0.34375700000000003	0.31912399999999996	0.31302245	0.5821955	0.03949355	0.4634285	0.0550285
TP53	TP53-002	6.98928	6.32556	9.33663	7.3774	8.12448	0.683353	0.149654	8.84024	11.0705	3.2593	14.1258	9.89563	9.17677	10.7909	4.53517	5.7842199999999995	14.5491	10.2254	5.30019	16.4208	3.19714	2.18055	20.141	5.63627	10.0656	8.59485	4.5229800000000004	4.53274	5.48637	10.9562	11.9466	7.80288	9.9464	12.7691	1.08999	12.9573	11.9342	4.87125	5.556019999999999	7.550669999999999	26.7395	11.2073	10.5911	9.383230000000001	3.66379	4.2096	11.422	8.071110000000001	3.4329099999999997	10.012	15.5798	13.0661	8.56359	5.45222	21.184	16.0367	8.398769999999999	12.0527	8.66479	6.0012300000000005	1.1860600000000001	4.57399	15.5023	9.588230000000001	9.47718	12.8373	10.6721	3.04355	2.00772	12.6521	11.2653	2.75391	3.24898	9.40024	7.5168	3.7200800000000003	5.6942699999999995	5.8034300000000005	12.0985	2.5674200000000003	3.75118	13.84	7.74695	12.5651	4.61949	4.2548	30.3226	0.9109309999999999	2.30105	9.29889	9.77324	10.1594	2.84672	0.0	4.0743599999999995	16.4104	7.7152899999999995	5.37557	5.0972	1.1600700000000002	9.84235	4.51389	2.9902	6.50746	2.7013599999999998	3.3452900000000003	0.000297138	7.17748	1.22326	9.657010000000001	3.30229	5.34849	3.4851300000000003	10.4467	11.6435	9.14997	3.07912	5.351030000000001	3.9674099999999997	9.87617	10.6094	7.08752	16.0929	1.07572	3.3668199999999997	4.04234	3.25937	11.9916	9.43356	7.706980000000001	7.15787	5.01898	7.51713	13.9043	9.91106	1.8691400000000002	6.45956	6.47401	7.186139999999999	9.127880000000001	8.842	12.3459	8.44464	8.922239999999999	17.9592	4.9657	6.20171	12.8576	13.7867	21.5651	11.3148	15.9115	9.11774	0.0	2.32809	3.4681300000000004	2.75768	10.3402	22.4335	4.33416	13.1245	12.3847	25.0712	11.6253	4.33434	7.088710000000001	1.7117799999999999	9.43845	8.09207	0.28291700000000003	3.4659400000000002	0.629861	8.14194	3.3134699999999997	10.672	10.7162	10.71	18.1504	7.18576	0.146731	20.5828	30.8328	20.1288	5.9611	7.7835	3.2339599999999997	11.4667	5.05171	9.86867	14.8804	0.0123566	4.82701	1.7179799999999998	4.96401	11.5337	9.7479	3.20407	8.919960000000001	13.4058	5.9131	18.4468	7.81442	5.46964	10.4891	11.7436	16.6674	13.8328	14.1362	13.1297	13.5355	4.2132	4.30879	5.93457	8.6052	19.6154	3.3836	12.8056	0.577128	2.63567	14.572000000000001	5.43239	1.00737	6.03304	10.0246	1.49442	2.86686	2.9723	3.41731	5.7751	9.4472	13.1325	1.76732	5.29628	8.0284	1.25996	8.97795	10.5362	10.0109	14.8037	2.04972	1.38731	6.555560000000001	5.65644	13.2852	5.58174	8.70696	16.6378	0.0	16.8631	13.1375	0.615722	3.65879	2.1294	10.0333	11.4865	0.0020221	10.9853	13.651	10.5507	5.9788	6.3115	0.0186615	4.85657	8.605789999999999	1.41316	10.6893	3.43551	8.92705	9.8301	8.730369999999999	8.017560000000001	13.2727	0.157932	0.00121563	21.2897	4.44301	12.8996	9.52171	11.3582	0.557983	12.0416	7.04276	5.9045	7.54806	6.4205	6.11685	7.651339999999999	5.673430000000001	4.76136	9.4852	0.228431	6.88473	6.712610000000001	13.1964	5.49103	8.67731	8.0079	22.2639	9.31969	2.905685	11.48199	5.3938785	11.10532	3.489728
TP53	TP53-004	4.33163e-09	1.3345900000000001e-10	0.0018176	0.0	4.95008e-11	7.639220000000001e-06	6.0038900000000006e-05	0.0	0.695398	3.7079400000000004e-06	3.0979900000000005e-10	4.29922e-07	0.0	0.330789	0.0	0.0	0.0	0.0	0.0	0.0	9.68425e-06	0.0	0.0	1.82435e-08	0.0	0.0	0.0	0.0	0.0	0.0	0.0	0.0	0.0	0.0	0.0	0.0	0.0	0.0	0.0	0.0	0.0	0.21391100000000002	0.0	0.028459699999999997	0.549341	0.0	0.0	8.15643e-08	0.0	0.0981295	0.0	0.0	0.0	0.22321300000000002	0.00023056400000000002	0.0	0.0	9.1901e-10	0.0	0.0	0.0	0.0	0.0	0.0007019639999999999	0.0	0.0	0.0	2.23386e-09	0.0	0.0	0.0	4.3050499999999995e-06	0.0	9.80102e-08	0.0	0.0	0.0	0.0	0.0	0.0	0.0	0.0	0.0056492	3.12847e-07	8.49488e-08	0.401998	0.12187200000000001	0.0532187	0.0011056	7.98309e-09	0.147927	1.1115599999999998e-09	2.2119299999999997e-05	0.0	0.0	0.0	0.0	0.463237	0.0	0.076977	0.0	0.0	1.03366e-07	0.0	0.15120699999999998	0.0	0.0	0.0	0.159466	0.0	0.155096	0.000316446	0.024621599999999997	0.0	0.0	0.196185	0.0	0.00180368	0.0	0.0	0.0	6.63586e-06	0.0	8.683809999999999e-07	0.0	0.0	0.0	2.41442e-10	0.0	0.0	5.263969999999999e-10	0.00164823	0.0	0.0	1.5442e-08	3.6448300000000002e-06	0.0	0.0	0.0	0.0	0.0	0.00154096	0.0	0.00420518	0.0	0.00225634	0.0	0.0	1.40657e-10	0.0	0.0	0.0	0.0	0.0	0.0	4.1623300000000005e-09	0.0341625	0.0341684	1.9183e-07	0.0	0.0	0.0	0.0	4.81783e-10	0.0	0.0	0.0	0.0	0.0	0.0	0.14317	1.49653e-09	0.0	0.0	8.484860000000001e-06	0.0	1.82592e-07	0.0	0.0	0.00226262	0.0	0.0	4.42541e-05	7.385720000000001e-07	1.7252500000000002e-07	2.5528700000000003e-07	0.0	0.0	1.5005e-06	0.291931	0.00981298	7.69935e-06	0.00406785	0.0	1.49926e-08	5.07217e-09	0.243193	0.0	0.0	0.0	1.4529e-09	0.0758722	1.05437e-06	0.0	0.0	0.0	1.60525e-06	0.0	1.90357e-07	0.0	0.266656	0.0	0.0	0.0	0.010537000000000001	0.0	2.6560700000000003e-09	0.0143803	0.0	0.0	7.414109999999999e-09	0.108204	0.0	0.0	4.33767e-08	6.60687e-05	1.5353e-10	0.0	0.00386351	0.0	0.0	3.86561e-09	0.00661453	0.131078	2.4495100000000002e-05	0.0	0.0	0.018109	0.0	9.82835e-11	0.386737	1.73872e-08	0.0	7.87851e-05	0.0	0.0	1.88104e-10	0.0	0.0	0.0	0.00030494	1.5373400000000001e-06	0.0	7.84064e-09	1.08293e-06	1.87879e-07	0.0394427	0.0	1.5457399999999999e-09	1.45384e-07	7.89135e-10	0.0	0.654784	0.0	6.029400000000001e-10	0.235954	0.0	0.0	2.44419e-07	0.0	7.92058e-05	0.0438711	0.0275656	0.0186539	6.59064e-11	0.161961	2.29052e-05	1.21456e-09	0.13558800000000001	0.0008041039999999999	0.321725	0.0	0.0	0.365517	0.0	0.14490899999999998	0.0	0.161522	0.003139	0.00026964599999999996	0.151954	0.0	1.35602e-05	0.11477000000000001	0.216533	0.18342	0.0	2.1755400000000004e-08	6.653279999999999e-07	0.0	1.612755e-05	0.0	3.35573e-10	0.00593395
TP53	TP53-003	0.0	0.0	0.0	0.0	0.00228901	0.0	0.0	0.0	0.0	0.0	0.0	0.0	0.0	0.0	0.0	0.0	0.0	0.0	0.0	0.0	0.0	0.0	0.0	0.0	0.0	0.0	0.0	0.0	0.0	0.0	0.0	0.0	0.0	0.0	0.0	0.0	0.0	0.0	0.060905999999999995	0.0	0.0	0.0	0.0	0.0	0.0	0.0	0.0	0.0	0.0	0.0	0.0	0.0	0.0	0.12834	0.0	0.0	0.0	0.0	0.0	0.0	0.0	0.0	0.0	0.0	0.0854141	0.08631710000000001	0.0731064	0.0	0.0	0.0	0.0	0.0	0.0	0.0	0.0	0.0	0.0	0.0	0.0	0.0	0.0	0.0	0.0	0.041336300000000006	0.0705716	0.0	0.0	0.0	0.0	0.0	0.079184	0.0	0.328104	0.07485139999999998	0.0	0.08320219999999999	0.0	0.0	0.0	0.0631173	0.0	0.0	0.0	0.0	0.0	0.0	0.0	0.0	0.0	0.0	0.0	7.5266999999999994e-06	0.0	0.0	0.0	0.06283430000000001	0.06250900000000001	0.0	0.0	0.0	0.0	0.0	0.0	0.0	0.0	0.0	0.0	0.0	0.0	0.0	0.0	0.0	0.0	0.0	0.0	0.0	0.0	0.0	0.116869	0.0	0.0	0.0	0.0	0.0	0.0	0.17528	0.0	0.0	0.097755	0.07558610000000002	0.0	0.0679061	0.0842942	0.0	0.0	0.0	0.0	0.0	0.11909700000000001	0.0	0.0	0.0	0.0	0.0	0.0	0.0	0.0	0.117442	0.0	0.0	0.0771447	0.0	0.0	0.0	0.0	0.0	0.0	2.3337299999999998e-07	0.0	0.0	0.0	0.0	0.0	0.0	0.056902499999999995	0.0	0.0	0.0	0.0	0.0	0.039457099999999995	0.0	0.0	0.0	0.223931	0.0	0.129358	0.0644925	0.0	0.0	0.0	0.0	0.0	0.0	0.0	0.0	0.0	0.0	0.0	0.0	0.102533	0.08128010000000001	0.0513996	0.0	0.153647	0.0	0.0	0.0	0.0	0.0980559	0.0	0.0	0.0	0.0	0.0	0.0	0.11277000000000001	0.0	0.0	0.0	0.0	0.0	0.0610386	0.0	0.0	0.0600431	0.0	4.6724e-06	0.273528	0.0	0.0	0.0	0.0	0.0	0.0	0.0	5.69353e-08	0.0	0.0341955	0.0	0.0	0.0	0.0	0.0	0.0	0.0	0.0	0.0	0.0	0.0	0.0	0.0	0.06585189999999999	0.0	0.0	0.0	0.0	0.0	0.0	0.0	0.0	0.000342224	0.0	0.0	0.0	0.134265	0.0	0.00926429	0.060499199999999996	0.0	0.0	0.0	0.0	0.053365499999999996	0.0	0.0	0.139553	9.65066e-08	0.0	0.19809100000000002	0.0	0.0	0.060315499999999994	0.05926030000000001	0.0	0.0513673	0.0	0.0	0.0	0.0	0.0	0.0	0.03103725	0.0328871
TP53	TP53-006	0.0	0.0	0.0	0.0	0.0	0.0	0.0	0.0	0.0	0.0	0.0	0.0	0.0	0.0	0.0	0.0	0.0	0.0	0.0	0.0	0.0	0.0	0.0	0.0	0.0	0.0	0.0	0.0	0.0	0.0	0.0	0.0	0.0	0.0	0.0	0.0	0.0	0.0	0.0	0.0	0.0	0.0	0.0	0.0	0.0	0.0	0.0	0.0	0.0	0.0	0.0	0.0	0.0	0.0	0.0	0.0	0.0	0.0	0.0	0.0	0.0	0.0	0.0	0.0	0.0	0.0	0.0	0.0	0.0	0.0	0.0	0.0	0.0	0.0	0.0	0.0	0.0	0.0	0.0	0.0	0.0	0.0	0.0	0.0	0.0	0.0	0.0	0.0	0.0	0.0	0.0	0.0	0.0	0.0	0.0	0.0	0.0	0.0	0.0	0.0	0.0	0.0	0.0	0.0	0.0	0.0	0.0	0.0	0.0	0.0	0.0	0.0	0.0	0.0	0.0	0.0	0.0	0.0	0.0	0.0	0.0	0.0	0.0	0.0	0.0	0.0	0.0	0.0	0.0	0.0	0.0	0.0	0.0	0.0	0.0	0.0	0.0	0.0	0.0	0.0	0.0	0.0	0.0	0.0	0.0	0.0	0.0	0.0	0.0	0.0	0.0	0.0	0.0	0.0	0.0	0.0	0.0	0.0	0.0	0.0	0.0	0.0	0.0	0.0	0.0	0.0	0.0	0.0	0.0	0.0	0.0	0.0	0.0	0.0	0.0	0.0	0.0	0.0	0.0	0.0	0.0	0.0	0.0	0.0	0.0	0.0	0.0	0.0	0.0	0.0	0.0141172	0.0	0.0	0.0	0.0	0.0	0.0	0.0	0.0	0.0	0.0	0.0	0.0	0.0	0.0	0.0	0.0	0.0	0.0	0.0	0.0	0.0	0.0	0.0	0.0	0.0	0.0	0.0	0.0	0.0	0.0	0.0	0.0	0.0	3.8709299999999996e-09	0.0	0.0	0.0	0.0	0.0	0.0	0.0	0.0	0.0	0.0	0.0	0.0	0.0	0.0	0.0	0.0	0.0	0.0	0.0	0.0	0.0	0.0	0.0	0.0	0.0	0.0	0.0	0.0	0.0	0.0	0.0	0.0	0.0	0.0	0.0	0.0	0.0	0.0	0.0	0.0	0.0	0.0	0.0	0.0	0.0	0.0	0.0	0.0	0.0	0.0	0.0	0.0	0.0	0.0	0.0	0.0	0.0	0.0	0.0	0.0	0.0	0.0	0.0	0.0	0.0	0.0	0.0	0.0	0.0	0.0	0.0	0.0	0.0	0.0	0.0	0.0	0.0	0.0	0.0
TP53	TP53-008	0.8199719999999999	1.52419	8.07883	0.756984	1.18865	19.1295	18.046	0.9445979999999999	1.20072	12.3916	0.790042	0.604183	2.66241	3.9766800000000004	0.42054899999999995	1.07196	0.583699	1.09261	1.0237100000000001	1.10446	0.156449	0.344305	0.920068	0.7926890000000001	1.619	2.2086099999999997	0.805984	1.71422	0.841817	0.569142	1.12114	0.41182299999999994	0.530104	0.658012	0.362598	0.45058100000000006	0.7670779999999999	1.7768599999999999	2.18635	0.04036819999999999	0.928061	1.19156	0.0	3.8299800000000004	18.1493	0.307759	1.25241	11.9374	0.5831	0.6870229999999999	0.0847938	0.774073	0.709011	0.208718	0.0	4.30181	0.275751	1.39599	0.0	0.762785	0.7512260000000001	0.7525649999999999	0.643091	0.206775	5.51281	0.6711	2.8425599999999998	0.177226	0.41764799999999996	1.2513299999999998	0.467189	1.7867	0.197875	0.09589919999999999	0.7392479999999999	0.6830579999999999	0.46612	3.7965199999999997	0.52649	1.23511	0.0589127	0.31843299999999997	0.431167	5.03009	2.4359	0.547963	4.30896	3.28517	12.3746	4.5435300000000005	1.62889	0.799407	0.158255	1.0063799999999998	2.47246	0.9734	0.164436	1.81043	0.741143	22.0127	0.44342	0.322847	8.961260000000001	0.877539	2.82685	10.3923	0.375301	0.539131	12.7925	0.502851	18.4437	0.5781609999999999	0.625336	0.9367790000000001	0.510792	11.9688	5.97697	2.34897	3.15278	0.998835	0.488983	3.23837	1.56126	11.3586	1.04535	4.89771	5.02564	0.623641	1.7284099999999998	0.9954040000000001	0.417678	0.565263	0.27274299999999996	7.9200800000000005	5.91669	7.284619999999999	2.16151	2.28039	1.82297	1.67802	1.8566599999999998	1.52772	1.6753099999999999	0.117676	3.2119299999999997	15.3903	2.47782	0.829102	1.02241	7.682169999999999	0.355069	2.28982	3.0234	12.3511	11.3036	7.85478	7.68658	12.3952	1.84611	9.659939999999999	13.0705	2.26207	14.2416	0.149041	3.5908800000000003	0.414191	30.5613	1.13221	3.55554	5.99089	0.710671	9.20983	1.8954	11.9049	2.50067	4.06254	1.5023	5.77933	0.9465629999999999	9.513530000000001	3.12206	0.954406	0.448741	0.733466	10.8801	10.2328	0.253314	1.23619	0.784624	0.553424	14.3489	3.6838300000000004	11.5953	4.78684	8.24134	6.23038	10.8573	2.03463	1.18499	0.07333610000000002	1.9261599999999999	1.3044200000000001	0.911018	0.189599	1.11947	0.477551	0.33423	0.258238	0.202578	1.0469700000000002	6.842219999999999	1.69077	6.829960000000001	1.9371900000000002	0.293725	2.94711	13.075	3.19587	8.0326	5.69555	17.9016	1.16304	0.268978	8.2611	8.58287	13.8947	12.7813	1.53186	5.51916	0.542605	5.9547	13.8416	2.90821	11.1668	7.956410000000001	1.65189	1.17082	1.3406	2.92652	13.0605	17.4652	8.5905	3.1179799999999998	7.59553	0.144203	0.708508	0.727684	1.84828	1.92828	5.68582	9.702169999999999	16.3137	4.21633	2.4977400000000003	4.13984	10.2177	1.46855	0.722184	0.473674	16.1969	0.35989299999999996	0.5570579999999999	5.85499	0.77496	7.01415	0.32733	0.0249767	0.951578	0.751474	0.228645	0.358556	0.5332399999999999	9.42335	8.12626	1.0676700000000001	10.1593	1.2775100000000001	1.13838	4.24294	12.3312	7.527710000000001	0.892458	0.5060100000000001	3.67061	0.579737	14.0501	0.363832	0.29480300000000004	0.30127800000000005	2.401	11.1775	3.22601	0.7543529999999999	1.24876	4.29681	7.57037	1.68081	4.97424	8.68341	0.75165	4.9345415	2.78002	0.812634	5.388655
TP53	TP53-009	0.130387	0.177822	0.10762000000000001	0.115601	0.25211999999999996	0.0	0.0897049	0.227108	0.5891810000000001	0.0	0.189648	0.228875	0.0619696	0.381305	0.0618063	0.319389	0.0441909	0.0386491	0.225004	0.200703	0.045315	0.0	0.191274	0.550443	0.396964	0.279477	0.626363	0.151595	0.1639	0.0	0.161614	0.065947	0.0551518	0.108358	0.09950360000000001	0.0	0.20910900000000002	0.0900026	0.1786	0.0679179	0.23365999999999998	0.214022	0.152615	0.06424869999999999	0.09687860000000001	0.337331	0.15354600000000002	0.020691099999999997	0.29066	0.389497	0.41679799999999995	0.460255	0.535995	0.0516092	0.0	0.10775	0.131431	0.5890489999999999	0.105653	0.0979031	0.281317	0.0	0.14913900000000002	0.10972	0.295066	0.21791799999999997	0.033004	0.055447699999999996	0.253011	0.225991	0.174521	0.0	0.0506983	0.145977	0.350731	0.72512	0.0392952	0.188227	0.14011400000000002	0.07578689999999999	0.121001	0.573687	0.23011900000000002	0.129666	0.12293299999999999	0.15276199999999998	0.6078939999999999	0.172511	0.0552558	0.28236100000000003	0.148653	0.15701700000000002	0.21600100000000003	0.08926519999999999	0.11170799999999999	0.151277	0.103505	0.0396782	0.036514	0.0545665	0.263189	0.126572	0.1057	0.08503739999999999	0.032851099999999994	0.15256199999999998	0.16481700000000002	0.0594989	0.030319400000000003	0.24871999999999997	0.0298084	0.0527894	0.49996999999999997	0.262098	0.226333	0.197638	0.171165	0.24801700000000002	0.23527199999999998	0.353161	0.182631	0.22127199999999997	0.10300000000000001	0.0258423	0.21936999999999998	0.151231	0.0443853	0.6927760000000001	0.17962	0.0883939	0.138796	0.210259	0.182668	0.354758	0.08491389999999999	0.0	0.11161199999999999	0.13405	0.124175	0.0910741	0.041947399999999996	0.135719	0.11653800000000002	0.048176300000000005	0.163578	0.0417282	0.139379	0.134265	0.33338	0.0683353	0.0941478	0.11769400000000001	0.0	0.0112728	0.13011199999999998	0.039156699999999996	0.163418	0.12140899999999999	0.227925	0.0287132	0.0782784	0.249158	0.5793729999999999	0.132327	0.200517	0.434586	0.15564	0.05353430000000001	0.323954	0.042624800000000004	0.0769967	0.0911779	0.21625100000000003	0.0603374	0.230152	0.22748400000000002	0.216036	0.403235	0.171245	0.109402	0.315021	0.25328	0.21865199999999999	0.0401645	0.189921	0.0394583	0.049480300000000005	0.0649898	0.060965	0.105468	0.0780092	0.0857704	0.0695318	0.100293	0.40284899999999996	0.0248707	0.27079200000000003	0.192637	0.10787000000000001	0.0919675	0.250275	0.22540900000000003	0.05521	0.120179	0.030995799999999997	0.317422	0.258331	0.202243	0.141833	0.264232	0.0699255	0.07041739999999999	0.103349	0.139405	0.064065	0.10911300000000002	0.0344158	0.0439483	0.120331	0.14567	0.052079099999999996	0.174795	0.034778699999999996	0.059173500000000004	0.138274	0.173342	0.0688508	0.143296	0.10303399999999999	0.0959645	0.262344	0.0922598	0.0782443	0.18385	0.0405231	0.305533	0.12266600000000001	0.138409	0.27229000000000003	0.0290887	0.0429246	0.0	0.0978512	0.18839	0.07746979999999999	0.189649	0.163012	0.057511900000000005	0.404998	0.133055	0.16916199999999998	0.11431300000000001	0.09631210000000001	0.0479925	0.11685799999999999	0.0454437	0.314564	0.12113	0.253058	0.140377	0.21250300000000003	0.0293063	0.026288299999999997	0.06982569999999999	0.0481534	0.0727997	0.0529205	0.364358	0.27221799999999996	0.0722162	0.420716	0.14438399999999998	0.0	0.06573639999999999	0.126278	0.141914	0.047007	0.285478	0.240627	0.0588092	0.0808166	0.149394	0.0775596	0.120326	0.04414559999999999	0.0729734	0.20724099999999998	0.023505	0.0530203	0.194482	0.0928567	0.295106	0.132321	0.258238	0.0393584	0.0891957	0.063524	0.13975	0.0311411	0.162075	0.2440135	0.0378529	0.1922765	0.0079612
TP53	TP53-014	0.0	0.0	0.0	0.10859200000000001	0.0996087	0.0	0.192454	0.261519	0.0	0.0	0.0977901	0.0	0.0	0.102969	0.116676	0.0	0.0	0.0	0.0962921	0.0	0.0	0.0	0.0	0.0	0.30348800000000004	0.566511	0.244973	0.0	0.0	0.0	0.18174500000000002	0.0	0.0	0.160801	0.0	0.194363	0.0	0.17469400000000002	4.25558e-09	0.515249	1.1072	0.0	0.161424	0.0	0.0	0.0	0.0	0.0428452	0.243727	0.382789	0.0939715	0.0	0.0	1.90803e-06	0.0	0.0	0.220567	0.350149	0.0	0.0	0.0	0.0	0.0961085	0.21801199999999998	0.0	0.0	0.0	0.119558	0.0	0.0	0.255432	0.0	0.108724	0.281985	0.0	0.0	0.0	0.0	0.188921	0.09173680000000001	0.0	0.11888800000000001	0.37964499999999995	0.0414362	0.0	0.0	0.0	0.0671666	0.0	0.0	0.0	0.0	0.0	0.0	0.0	1.3999100000000002e-06	0.20491199999999998	0.0	0.0	0.0	0.314519	0.0	0.0	0.0	0.0	0.0	0.143859	0.124713	0.0	0.197161	0.0	0.10504100000000001	0.236893	0.0	0.0	0.0	0.0	0.0	0.09165380000000001	0.287966	0.0	0.242135	0.0	0.0	0.11811700000000001	0.166498	0.0	0.102657	0.0	0.0	0.102086	0.0	0.250128	0.0	0.08518710000000002	0.0	0.0774943	0.22159099999999998	0.0	0.0	0.0	0.0	0.0	0.0	0.0	0.0	0.20761300000000002	0.298291	0.00113288	0.0	0.0	1.21087e-07	6.10611e-08	0.0	0.0	0.0	0.0	0.065469	1.49263e-09	0.0	0.0886724	0.0	0.0	0.0	0.0	0.0	0.0	0.0	0.0872427	0.0	0.0	0.0	0.169423	0.0	0.0	0.301399	0.0753211	0.113738	0.12858599999999998	0.0	0.0	0.280041	0.0	0.0	0.0	0.0	0.0	0.0	0.07218939999999999	0.0	0.0	0.0	0.0	0.0	7.935830000000001e-09	0.0	0.0	0.0	0.162723	0.0	0.0812078	0.0	0.0	0.06586950000000001	0.0	0.08382089999999999	0.160299	0.106255	0.0	0.0	0.0	7.33349e-08	0.0	0.0759272	0.0	0.0	0.0	0.0	0.0	0.0	0.0	0.0	0.0	0.0	0.08365739999999999	0.100531	0.0	0.0	0.09679410000000001	0.0	0.0	0.0	0.0	0.0	0.0	0.00276956	0.0	0.08718989999999999	0.0	0.0	0.0	0.0	0.0	0.0	0.0	0.0	0.0621684	0.0	0.0193152	0.050294099999999994	0.0429008	0.0	0.0	0.0	0.255051	0.0	0.07384980000000001	0.0	0.0	0.080144	0.0	0.0664951	0.0	0.0	0.0	0.0	0.0	0.140198	0.0	0.351541	0.22519499999999998	0.06258580000000001	0.0	0.0	0.165595	0.0	0.0	0.20322	0.0582346	0.0	0.0	0.062236900000000005	0.0	0.0	0.093868	0.0	0.0	0.05279349999999999	0.0	1.01281e-08	0.0	0.0	0.0005848030000000001	0.0	0.0	0.0	0.0	0.0	0.0	0.0	0.3226105	0.0	0.0	0.0
TP53	TP53-015	0.0	0.0	0.0	0.0	0.0	0.0	0.0	0.0	0.0	0.0	0.0	0.0	0.0	0.0	0.0	0.0	0.0	0.0	0.0	0.0	0.0	0.0	0.0	0.0	0.0	0.0	0.0	0.0	0.0	0.0	0.0	0.0	0.0	0.0	0.0	0.0	0.0	0.0	0.0	0.0	0.0	0.0	0.0	0.0	0.0	0.0	0.0	0.0	0.0	0.0	0.0	0.0	0.0	0.0	0.0	0.0	0.0	0.0	0.0	0.0	0.0	0.0	0.0	0.102217	0.0	0.0	0.0	0.0	0.0	0.0	0.0	0.0	0.0	0.0	0.0	0.0	0.0	0.0	0.0	0.0	0.0	0.0	0.0	0.0	0.0	0.0	0.0	0.0	0.0	0.0	0.0	0.0	0.0	0.0	0.0	0.0	0.0	0.0	0.0	0.0	0.0	0.0	0.0	0.0	0.0	0.0	0.0	0.0	0.0	0.0	0.0	0.0	0.0	0.0	0.0	0.0	0.0	0.0	0.0	0.0	0.0	0.0	0.0	0.0	0.0	0.0	0.0	0.0	0.0	0.0	0.0	0.0	0.0	0.0	0.0	0.0	0.0	0.0	0.0	0.0	0.0	0.0	0.0	0.0	0.0	0.0	0.0	0.0	0.0	0.0	0.0	0.05498009999999999	0.0	0.0	0.0	0.0	0.0	0.0	0.0	0.0	0.0	0.0	0.0	0.0	0.0	0.0	0.0	0.0	0.0	0.0	0.0	0.0	0.0	0.0	0.0	0.0	0.0	0.0	0.0	0.0	0.0	0.0	0.0	0.0	0.0	0.0	0.0	0.0	0.0	0.0	0.0	0.0466525	0.0	0.0	0.0	0.0	0.0	0.0	0.0	0.0	0.0	0.0	0.0	0.0	0.0	0.0	0.0	0.0	0.07639689999999999	0.0	0.0	0.0	0.0	0.0	0.0	0.0	0.0	0.0	0.0	0.0	0.0	0.0	0.0	0.0	0.0	0.0	0.0650937	0.0	0.0	0.0	0.0	0.0	0.0	0.0	0.0	0.0	0.0	0.0	0.0	0.0	0.0	0.0	0.0	0.0	0.0	0.0	0.0	0.0	0.0	0.0	0.0	0.0	0.0	0.0	0.0	0.0	0.0	0.0	0.0	0.0	0.0	0.0	0.0	0.0	0.0	0.0	0.0	0.0	0.0	0.0	0.0	0.0	0.0	0.0	0.0	0.0	0.0	0.0	0.0	0.0	0.0	0.0	0.0	0.0	0.0	0.0	0.0	0.0	0.0	0.0	0.0	0.0	0.0	0.0	0.0	0.0	0.0	0.0	0.0	0.0	0.091665	0.0	0.0	0.0
TP53	TP53-007	0.0	0.0	0.0	0.0	0.0	0.0	3.18188e-09	0.0	0.0	0.0	0.0	0.0	0.0	0.0	0.0	0.0	0.0	0.0	0.0	0.0	0.0	0.0	0.0	0.0	0.0	0.0	0.0	0.0	0.0	0.0	0.0	0.0	0.0	0.0	0.0	0.0	0.0	0.0	0.0	0.0	0.0	0.0	0.0	0.0	0.0	0.0	0.0	0.0	0.0	0.0	0.0	0.0	0.0	0.0	0.0	0.0	0.0	0.0	0.0	0.0	0.0	0.0	0.0	0.0	0.0	0.0	0.0	0.0	0.0	0.0	0.0	0.0	0.0	0.0	0.0	0.0	0.0	0.0	0.0	0.0	0.0	0.0	0.0	0.0	0.0	0.0	0.0	1.3590900000000001e-09	1.83633e-09	0.0	0.0	0.0	0.0	0.0363552	0.0	0.0	0.0	0.0	0.0	0.0	0.0	0.0	0.0	0.0	0.0	0.0	0.0	0.0	0.0	0.0	0.0	0.0	0.0	0.0	0.0	0.0	0.0	0.0	0.0	0.0	0.0	0.0	0.0	0.0	0.0	0.0	0.0	0.0	0.0	0.0	0.0	0.0	0.0	0.0	0.0	0.0	0.0	0.0	0.0	0.0	0.0	0.0	0.0	0.0	0.0	0.0	0.0	0.0	0.0	0.0	0.0	0.0	0.0	0.0	0.0	0.0	0.0	0.0	0.0	0.0	0.0	0.0	0.0	0.0	0.0	0.0	0.0	0.0	0.0	0.0	0.0	0.0	0.0	5.05735e-07	0.0	0.0	0.0	0.0	0.0	0.0	0.0	0.0	0.0	0.0	3.3672e-10	0.0	0.0	0.0	0.0	0.0	0.050785699999999996	0.0	0.0	0.0	0.0	0.0	0.0	0.0	0.0	0.0	0.0	0.0	0.0	0.0	0.0	0.0	0.0	0.0	0.0	0.0	0.0	0.0	0.0	0.0	0.0	0.0	0.0	0.0	0.0	0.0	0.0	0.0	0.0	0.0	0.0510411	0.0	0.0	0.0	0.0	0.0	0.0	0.0	0.0	0.0	0.0	0.0	0.0	0.0	0.0	0.0	0.0	0.0	0.0	0.0	0.0	0.0	0.0	0.0	0.0	0.0	0.0	0.0	0.0	0.0	0.0	2.0670900000000005e-08	0.0	0.0	0.0	0.0	0.0	0.0	0.0	0.0	0.0	0.0	0.0	0.0	0.0	0.0	0.0	0.0	0.0	0.0	0.0	0.0	0.0	0.0	0.0	0.0	0.0	0.0	0.0	0.0	0.0	0.0	0.0	0.0	0.0	0.0	0.0	0.0	0.0	0.0	0.0	0.0	0.0	0.0	0.0	0.0	0.0	0.0	0.0	0.0
TP53	TP53-013	0.0	0.0	0.040487199999999994	0.0	0.10886199999999999	0.0	0.0	0.0	0.0	0.0	0.0	0.10984300000000001	0.0	0.0	0.0	0.0	0.0	0.0	0.0	0.0	0.0	0.0	0.0	0.0	0.0	0.0	0.0	0.0	0.0	0.0	0.0	0.0	0.0	0.0	0.0	0.0	0.0	0.140528	0.0	0.0	0.0	0.0	0.0	0.0	0.120503	0.0	0.0	0.0	0.0	0.0	0.0	0.0	0.0	0.0	0.0	0.0	0.0	0.11193399999999999	0.0	0.0	0.0	0.0	0.0	0.10319300000000001	0.0	0.0	0.0	0.0	0.0	0.0	0.0	0.0	0.0	0.0	0.0	0.141959	0.0	0.0	0.0	0.0	0.0	0.0	0.0	0.0	0.0	0.0	0.0	0.0	0.0	0.0	0.0	0.0	0.0	0.0	0.0	0.0	0.0840386	0.0	0.0	0.0	0.0	0.0	0.0	0.0	0.0	0.0	0.0	0.0	0.0	0.0	0.0	0.0	0.0	0.0	0.0	0.0	0.0	0.0	0.0	0.0	0.0	0.0	0.0788103	0.0614967	0.0	0.0	0.0	0.0	0.0	0.0	0.0	0.08898489999999999	0.0	0.0	0.0	0.0	0.0	0.0	0.0	0.0	0.0	0.0	0.0	0.0	0.0	0.0	0.0	0.0	0.0	0.0	0.0	0.0	0.0	0.0	0.0	0.0	0.0	0.0	0.0	0.0	0.0	0.0	0.0	0.0	0.0	0.0	0.0	0.0	0.0	0.0	0.0	0.0	0.0	0.0	0.0	0.0	0.166417	0.0533928	0.0	0.0	0.0	0.0631701	0.0	0.0	0.0	0.0	0.100892	0.0	0.0	0.0	0.0	0.0	0.0	0.0	0.0	0.0	0.0	0.0	0.0	0.0	0.0	0.0	0.0	0.0	0.0	0.0	0.0	0.0697323	0.0	0.0	0.0	0.0	0.0	0.06790399999999999	0.0	0.0	0.0	0.0	0.0	0.0	0.0	0.0	0.0	0.0	0.0	0.0	0.0	0.0	0.0	0.0	0.0	0.0	0.0	0.0	0.0	0.0	0.0	0.0	0.0	0.0	0.0	0.0	0.0519459	0.0	0.0	0.0	0.0	0.0	0.0	0.0	0.0	0.0	0.0	0.0	0.0	0.0	0.0	0.0	0.0	0.0	0.0	0.0	0.0	0.0	0.0	0.0	0.0	0.0	0.0	0.0	0.153847	0.0	0.0	0.0	0.0	0.0	0.0	0.0	0.0	0.0	0.0	0.0	0.0	0.0	0.0	0.0	0.0491302	0.0	0.0	0.0	0.0	0.0	0.11303099999999999	0.0	0.0	0.0	0.0	0.0	0.0	0.0	0.0	0.0	0.0	0.0
TP53	TP53-016	0.0	0.0	0.0	0.0	0.0	0.0	0.0	0.0	0.0	0.0	0.0	0.0	0.0	0.0	0.0	0.0	0.0	0.0	0.0	0.0	0.0	0.0	0.0	0.0	0.0	0.0	0.0	0.0	0.0	0.0	0.0	0.0	0.0	0.0	0.0	0.0	0.0	0.0	0.0	0.0	0.0	0.0	0.0	0.0	0.0	0.0	0.0	0.0	0.0	0.0	0.0	0.0	0.0	0.0	0.0	0.0	0.0	0.0	0.0	0.0	0.0	0.0	0.0	0.0	0.0	0.0	0.0	0.0	0.0	0.0	0.0	0.0	0.0	0.0	0.0	0.0	0.0	0.0	0.0	0.0	0.0	0.0	0.0	0.0	0.0	0.0	0.0	0.0	0.0	0.0	0.0	0.0	0.0	0.0	0.0	0.0	0.0	0.0	0.0	0.0	0.0	0.0	0.0	0.0	0.0	0.0	0.0	0.0	0.0	0.0	0.0	0.0	0.0	0.0	0.0	0.0	0.0	0.0	0.0	0.0	0.0	0.0	0.0	0.0	0.0	0.0	0.0	0.0	0.0	0.0	0.0	0.0	0.0	0.0	0.0	0.0	0.0	0.0	0.0	0.0	0.0	0.0	0.0	0.0	0.0	0.0	0.0	0.0	0.0	0.0	0.0	0.0	0.0	0.0	0.0	0.0	0.0	0.0	0.0	0.0	0.0	0.0	0.0	0.0	0.0	0.0	0.0	0.0	0.0	0.0	0.0	0.0	0.0	0.0	0.0	0.0	0.0	0.0	0.0	0.0	0.0	0.0	0.0	0.0	0.0	0.0	0.0	0.0	0.0	0.0	0.0	0.0	0.0	0.0	0.0	0.0	0.0	0.0	0.0	0.0	0.0	0.0	0.0	0.0	0.0	0.0	0.0	0.0	0.0	0.0	0.0	0.0	0.0	0.0	0.0	0.0	0.0	0.0	0.0	0.0	0.0	0.0	0.0	0.0	0.0	0.0	0.0	0.0	0.0	0.0	0.0	0.0	0.0	0.0	0.0	0.0	0.0	0.0	0.0	0.0	0.0	0.0	0.0	0.0	0.0	0.0	0.0	0.0	0.0	0.0	0.0	0.0	0.0	0.0	0.0	0.0	0.0	0.0	0.0	0.0	0.0	0.0	0.0	0.0	0.0	0.0	0.0	0.0	0.0	0.0	0.0	0.0	0.0	0.0	0.0	0.0	0.0	0.0	0.0	0.0	0.0	0.0	0.0	0.0	0.0	0.0	0.0	0.0	0.0	0.0	0.0	0.0	0.0	0.0	0.0	0.0	0.0	0.0	0.0	0.0	0.0	0.0	0.0	0.0
TP53	TP53-017	0.0	0.0	0.0	0.0	0.0	0.0	0.0	0.0	1.81825	0.0	0.392886	0.0	0.0	0.0	0.0	0.0	0.0	0.0	0.0	0.0	0.0	0.0	0.0	0.0	0.0	0.0	0.0	0.0	0.0	0.0	0.0	0.0	0.0	0.0	0.0	0.0	0.0	0.0	0.0	0.0	0.0	0.0	0.0	0.0	0.0	0.0	1.35327	0.41320100000000004	0.0	0.0	0.0	0.0	0.0	0.0	0.0	0.0	0.0	0.0	0.0	0.0	0.0	0.0	0.0	0.0	0.0	0.723126	0.0	0.0	0.0	0.0	0.0	0.0	0.0	0.0	0.0	0.0	0.0	0.0	0.0	0.0	0.0	0.0	0.0	0.0	0.0	0.0	0.0	0.0	0.0	0.0	0.0	0.0	0.0	0.0	0.0	0.0	0.0	0.639319	0.0	0.0	0.0	0.0	0.0	0.0	0.0	0.0	0.0	0.0	0.0	0.0	0.0	0.850384	0.0	0.0	0.0	0.0	0.0	0.0	0.0	0.0	0.0	0.0	0.0	0.0	0.0	0.0	0.0	0.0	0.0	0.0	0.0	0.0	0.0	0.0	0.0	0.0	0.0	0.0	0.0	0.0	0.0	0.0	0.0	0.0	0.0	0.0	0.0	0.0	0.0	0.0	0.0	0.0	0.0	0.0	0.0	0.0	0.0	0.0	2.1544	0.0	0.0	0.0	0.0	0.0	0.0	0.0	0.0	0.0	0.0	0.0	0.0	0.0	0.0	0.0	0.0	0.0	0.0	0.0	0.0	0.0	0.0	0.0	0.0	0.0	1.21579	0.0	0.0	0.0	0.0	0.0	0.0	0.0	0.0	0.0	0.0	0.0	0.0	0.0	0.0	0.0	0.0	0.0	0.0	0.0	0.0	0.0	0.0	0.49215	0.0	0.0	0.0	0.0	0.0	0.582576	0.0	0.0	0.0	0.0	0.0	0.0	0.0	0.0	0.0	0.0	0.0	0.0	0.0	0.0	0.0	0.0	0.0	0.0	0.0	0.0	0.0	0.0	0.772176	0.0	0.0	0.0	0.0	0.0	0.0	0.0	0.0	0.0	0.540107	0.0	0.0	0.0	0.0	0.0	0.0	0.0	0.0	0.0	0.0	0.0	0.0	0.0	0.0	0.0	0.0	0.0	0.0	0.0	0.0	0.0	0.0	0.0	0.0	0.0	0.0	0.0	0.0	0.0	0.0	0.0	0.0	0.0	0.0	0.0	0.0	0.408596	0.0	0.0	0.0	0.0	0.0	0.0	0.0	0.0	0.0	0.0	0.0	0.0	0.0	0.0	0.0	0.0	0.751325	0.0	0.2714025	0.0
TP53	TP53-020	0.0	0.0	0.0	0.0	0.0	0.0	0.0	0.0	0.0	0.0	0.0986576	0.246383	0.0	0.0	0.0	0.0	0.0	0.0	0.0	0.0	0.0	0.0	0.0	0.32865700000000003	0.0	0.0	0.0	0.0	0.0	0.0	0.0	0.0	0.0	0.0	0.0	0.0	0.0	0.0	0.0	0.0	0.0	0.0	0.0	0.0	0.0	0.0	0.0	0.0	0.0	0.0	0.0	0.0	0.0	0.0	0.0	0.0	0.0	0.0	0.178674	0.0	0.0	0.0	0.0	0.0	0.0	0.0	0.0	0.0	0.0	0.0	0.0	0.0	0.0	0.0	0.0	0.0	0.0	0.0	0.0	0.0	0.0	0.6184529999999999	0.0	0.0	0.0	0.165435	0.0	0.0	0.0	0.0	0.0	0.0	0.0	0.0	0.0	0.0	0.0	0.0	0.0	0.0	0.0	0.0	0.0	0.0	0.0	0.0	0.0	0.0	0.0	0.0	0.0	0.0	0.0	0.0	0.0	0.0	0.0	0.0	0.0	0.0	0.0	0.0	0.0	0.0	0.0	0.0	0.13557	0.0	0.0	0.0	0.0	0.0	0.0	0.0	0.0	0.0	0.0	0.0	0.0	0.0	0.0	0.0	0.0	0.0	0.0	0.0	0.0	0.0	0.0	0.0	0.0	0.0	0.0	0.0	0.0	0.0	0.0	0.0	0.0	0.0	0.0	0.0	0.0	0.0	0.0	0.0	0.0	0.0	0.0	0.0	0.0	0.0	0.157369	0.0	0.0	0.0	0.0	0.0	0.0	0.0	0.0	0.0	0.0	0.0	0.0	0.0	0.0	0.0	0.150369	0.0	0.0	0.0	0.0	0.0	0.0	0.0	0.0	0.0	0.0	0.0	0.0	0.0	0.0	0.0	0.0	0.0	0.0	0.0	0.0	0.0	0.0	0.0	0.0	0.0	0.0	0.0	0.0	0.0	0.0	0.0791225	0.0	0.0	0.0	0.0	0.0	0.0	0.0	0.0	0.0	0.0	0.0	0.0	0.0	0.0	0.0	0.0	0.0	0.0	0.0	0.0	0.0	0.0	0.0	0.0	0.0	0.0	0.0	0.0	0.0	0.0	0.0	0.0	0.0	0.0	0.08733049999999999	0.0	0.0	0.0801765	0.0	0.0	0.0	0.0	0.0	0.0	0.0	0.0	0.0	0.0	0.0	0.0	0.0	0.0	0.0	0.0	0.0	0.0	0.0	0.0	0.0	0.0	0.0	0.0	0.0	0.0	0.0	0.0	0.0	0.0	0.0	0.0	0.0	0.0	0.0	0.0	0.0	0.0772961	0.0	0.0	0.0	0.459317	0.0	0.0	0.0	0.0
TP53	TP53-022	0.0	0.787696	0.21199899999999997	0.195798	0.0	0.0	0.0409611	0.0	0.361575	0.0	1.47925	1.08427	0.759652	0.0198114	0.7735350000000001	0.5137619999999999	0.90489	0.24175500000000003	0.376346	0.269883	0.48855	0.133519	0.363205	0.693665	0.0	10.0978	0.0	0.0258511	0.731513	1.1693799999999999	0.9722850000000001	1.28712	2.2351400000000003	0.0	0.0	0.6614220000000001	0.836299	0.507797	0.14514100000000002	0.350638	0.77554	0.49308599999999997	0.622959	0.0	0.0	0.08098889999999999	1.42391	0.48449799999999993	0.00127361	0.864116	0.434172	0.18142	0.0764584	0.0	3.06107	0.0628097	0.306823	0.0	0.453579	0.5823510000000001	9.433290000000001e-05	0.19761199999999998	0.741174	1.1623299999999999	0.0	0.20643699999999998	0.100367	0.448719	0.0595237	0.763798	2.3057	0.9080440000000001	0.440212	0.254443	0.0	0.0622572	0.8697010000000001	0.177281	0.318887	0.0	0.158383	2.2421900000000003	0.18626099999999998	0.0	0.0211412	0.19475	0.8768440000000001	0.0	0.0	0.187187	0.00274083	0.0	0.0	0.0	0.0304936	0.0	0.38748499999999997	0.470235	0.136679	0.0	0.383312	0.0420834	0.0	1.3218	0.121806	2.87965e-07	0.0	1.2704799999999998	0.48280100000000004	0.839924	0.0	0.879505	0.00476994	0.0	0.264667	0.0650785	0.581576	0.060550400000000004	0.0	0.307137	0.138422	0.299886	0.697812	0.0	0.7826569999999999	0.0385503	0.0	0.456254	1.4827799999999999e-06	0.623517	0.104224	0.0973446	0.864024	0.5828260000000001	0.409034	0.0	0.159603	0.00062024	1.2339800000000001e-09	0.665432	0.5575100000000001	0.38554299999999997	0.0	0.243907	0.569862	0.0	0.226873	0.9269280000000001	0.139958	0.381684	0.549124	0.41300299999999995	0.158941	0.0	3.1313599999999995e-06	0.31482	0.0	0.0	0.48064399999999996	0.098649	0.29344000000000003	0.224037	0.10839800000000001	0.676809	0.0	0.0	0.0	1.55715	0.0	0.0	0.21189699999999997	0.0	0.26505	0.0	0.21074600000000002	0.577942	0.599093	3.24638e-10	0.282321	0.0	1.25727	0.54392	1.0651	0.0	0.543045	0.0	0.7647689999999999	0.18928	0.192858	0.19838599999999998	0.0	0.5493140000000001	0.0	0.0	0.0918224	0.294118	0.018286700000000003	0.367368	0.46496099999999996	0.18304600000000001	0.0	1.00925e-09	0.260684	0.690449	0.48747399999999996	0.345725	0.752271	0.479315	0.49844799999999995	0.366232	0.0	0.0505896	7.45975e-07	0.47942399999999996	0.0379242	0.0022221	0.123153	0.0	0.0101086	0.333241	0.0	0.0	0.169455	0.7769659999999999	0.00044431099999999997	0.284046	0.299703	0.00018570299999999998	0.0	0.377975	0.1928	0.0	0.024072200000000002	0.0	0.102016	0.6780189999999999	0.206371	1.6676400000000002	0.08384889999999999	0.0	0.0	0.38761599999999996	0.0148488	0.6863779999999999	0.14768499999999998	0.616214	0.6221760000000001	0.0	0.17341099999999998	0.26614299999999996	0.0	0.0	0.130269	0.128523	0.590592	0.0	9.07158e-09	0.268795	0.0	0.308003	0.0	0.202034	0.8543620000000001	0.45619399999999993	0.14839000000000002	0.413879	0.565621	0.288646	0.5934010000000001	1.16009	1.3702299999999998	0.5659770000000001	0.0	0.0	0.8547600000000001	0.0483201	0.0430653	0.0	0.21475300000000003	0.0	0.202317	0.0	0.33324699999999996	0.10607799999999999	0.887684	0.0	0.013521799999999999	0.05291080000000001	0.0664528	0.0	0.0	0.21166100000000002	0.157548	0.408169	0.310875	0.584313	0.06762699999999999	0.80381	0.0	3.86693e-09	0.0	0.2188	0.277846	0.1154655
TP53	TP53-027	4.33163e-09	1.3345900000000001e-10	0.0018176	0.0	4.95008e-11	7.639220000000001e-06	6.0038900000000006e-05	0.0	0.695398	3.7079400000000004e-06	3.0979900000000005e-10	4.29922e-07	0.0	0.330789	0.0	0.0	0.0	0.0	0.0	0.0	9.68425e-06	0.0	0.0	1.82435e-08	0.0	0.0	0.0	0.0	0.0	0.0	0.0	0.0	0.0	0.0	0.0	0.0	0.0	0.0	0.0	0.0	0.0	0.21391100000000002	0.0	0.028459699999999997	0.549341	0.0	0.0	8.15643e-08	0.0	0.0981295	0.0	0.0	0.0	0.22321300000000002	0.00023056400000000002	0.0	0.0	9.1901e-10	0.0	0.0	0.0	0.0	0.0	0.0007019639999999999	0.0	0.0	0.0	2.23386e-09	0.0	0.0	0.0	4.3050499999999995e-06	0.0	9.80102e-08	0.0	0.0	0.0	0.0	0.0	0.0	0.0	0.0	0.0056492	3.12847e-07	8.49488e-08	0.401998	0.12187200000000001	0.0532187	0.0011056	7.98309e-09	0.147927	1.1115599999999998e-09	2.2119299999999997e-05	0.0	0.0	0.0	0.0	0.463237	0.0	0.076977	0.0	0.0	1.03366e-07	0.0	0.15120699999999998	0.0	0.0	0.0	0.159466	0.0	0.155096	0.000316446	0.024621599999999997	0.0	0.0	0.196185	0.0	0.00180368	0.0	0.0	0.0	6.63586e-06	0.0	8.683809999999999e-07	0.0	0.0	0.0	2.41442e-10	0.0	0.0	5.263969999999999e-10	0.00164823	0.0	0.0	1.5442e-08	3.6448300000000002e-06	0.0	0.0	0.0	0.0	0.0	0.00154096	0.0	0.00420518	0.0	0.00225634	0.0	0.0	1.40657e-10	0.0	0.0	0.0	0.0	0.0	0.0	4.1623300000000005e-09	0.0341625	0.0341684	1.9183e-07	0.0	0.0	0.0	0.0	4.81783e-10	0.0	0.0	0.0	0.0	0.0	0.0	0.14317	1.49653e-09	0.0	0.0	8.484860000000001e-06	0.0	1.82592e-07	0.0	0.0	0.00226262	0.0	0.0	4.42541e-05	7.385720000000001e-07	1.7252500000000002e-07	2.5528700000000003e-07	0.0	0.0	1.5005e-06	0.291931	0.00981298	7.69935e-06	0.00406785	0.0	1.49926e-08	5.07217e-09	0.243193	0.0	0.0	0.0	1.4529e-09	0.0758722	1.05437e-06	0.0	0.0	0.0	1.60525e-06	0.0	1.90357e-07	0.0	0.266656	0.0	0.0	0.0	0.010537000000000001	0.0	2.6560700000000003e-09	0.0143803	0.0	0.0	7.414109999999999e-09	0.108204	0.0	0.0	4.33767e-08	6.60687e-05	1.5353e-10	0.0	0.00386351	0.0	0.0	3.86561e-09	0.00661453	0.131078	2.4495100000000002e-05	0.0	0.0	0.018109	0.0	9.82835e-11	0.386737	1.73872e-08	0.0	7.87851e-05	0.0	0.0	1.88104e-10	0.0	0.0	0.0	0.00030494	1.5373400000000001e-06	0.0	7.84064e-09	1.08293e-06	1.87879e-07	0.0394427	0.0	1.5457399999999999e-09	1.45384e-07	7.89135e-10	0.0	0.654784	0.0	6.029400000000001e-10	0.235954	0.0	0.0	2.44419e-07	0.0	7.92058e-05	0.0438711	0.0275656	0.0186539	6.59064e-11	0.161961	2.29052e-05	1.21456e-09	0.13558800000000001	0.0008041039999999999	0.321725	0.0	0.0	0.365517	0.0	0.14490899999999998	0.0	0.161522	0.003139	0.00026964599999999996	0.151954	0.0	1.35602e-05	0.11477000000000001	0.216533	0.18342	0.0	2.1755400000000004e-08	6.653279999999999e-07	0.0	1.612755e-05	0.0	3.35573e-10	0.00593395
TP53	TP53-026	0.0	0.0	0.0	0.0	0.0	0.0	0.0	0.0	0.0	0.0	0.0	0.0	0.0	0.0	0.0	0.0	0.0	0.0	0.0	0.0	0.0	0.0	0.0	0.0	0.0	0.0	0.0	0.0	0.0	0.0	0.0	0.0	0.0	0.0	0.0	0.0	0.0	0.0	0.0	0.0	0.0	0.0	0.0	0.0	0.0	0.0	0.0	0.0	0.0	0.0	0.0	0.0	0.0	0.0	0.0	0.0	0.0	0.0	0.0	0.0	0.0	0.0	0.0	0.0	0.0	0.0	0.0	0.0	0.0	0.0	0.0	0.0	0.0	0.0	0.0	0.0	0.0	0.0	0.0	0.0	0.0	0.0	0.0	0.0	0.0	0.0	0.0	0.0	0.0	0.0	0.0	0.0	0.0	0.0	0.0	0.0	0.0	0.0	0.0	0.0	0.0	0.0	0.0	0.0	0.0	0.0	0.0	0.0	0.0	0.0	0.0	0.0	0.0	0.0	0.0	0.0	0.0	0.0	0.0	0.0	0.0	0.0	0.0	0.0	0.0	0.0	0.0	0.0	0.0	0.0	0.0	0.0	0.0	0.0	0.0	0.0	0.0	0.0	0.0	0.0	0.0	0.0	0.0	0.0	0.0	0.0	0.0	0.0	0.0	0.0	0.0	0.0	0.0	0.0	0.0	0.0	0.0	0.0	0.0	0.0	0.0	0.0	0.0	0.0	0.0	0.0	0.0	0.0	0.0	0.0	0.0	0.0	0.0	0.0	0.0	0.0	0.0	0.0	0.0	0.0	0.0	0.0	0.0	0.0	0.0	0.0	0.0	0.0	0.0	0.0	0.0141172	0.0	0.0	0.0	0.0	0.0	0.0	0.0	0.0	0.0	0.0	0.0	0.0	0.0	0.0	0.0	0.0	0.0	0.0	0.0	0.0	0.0	0.0	0.0	0.0	0.0	0.0	0.0	0.0	0.0	0.0	0.0	0.0	0.0	3.8709299999999996e-09	0.0	0.0	0.0	0.0	0.0	0.0	0.0	0.0	0.0	0.0	0.0	0.0	0.0	0.0	0.0	0.0	0.0	0.0	0.0	0.0	0.0	0.0	0.0	0.0	0.0	0.0	0.0	0.0	0.0	0.0	0.0	0.0	0.0	0.0	0.0	0.0	0.0	0.0	0.0	0.0	0.0	0.0	0.0	0.0	0.0	0.0	0.0	0.0	0.0	0.0	0.0	0.0	0.0	0.0	0.0	0.0	0.0	0.0	0.0	0.0	0.0	0.0	0.0	0.0	0.0	0.0	0.0	0.0	0.0	0.0	0.0	0.0	0.0	0.0	0.0	0.0	0.0	0.0	0.0
TP53	TP53-201	0.0	0.0	0.0	0.0	0.0	0.0	0.0	0.0	0.0	0.0	0.0	0.0	0.0	0.0	0.0	0.0	0.0	0.0	0.0	0.0	0.0	0.0	0.0702568	0.0	0.0	0.0	0.0	0.0	0.0	0.0	0.0	0.0	0.0	0.0	0.0	0.0	0.0	0.0	0.0	0.0	0.0	0.0	0.0	0.0	0.0	0.0	0.0	0.0	0.0	0.0	0.0	0.0	0.0	0.0	0.0	0.0	0.0	0.0	0.0	0.0	0.0	0.0	0.0646577	0.0	0.0	0.0	0.0	0.0	0.0	0.0	0.0	0.0	0.0	0.0	0.0	0.0	0.0	0.0	0.0	0.0	0.0	0.0	0.0	0.0419986	0.0	0.0	0.0	0.0	0.0	0.0	0.0	0.0	0.0	0.0	0.0	0.0	0.0	0.0	0.0	0.0	0.0	0.0	0.0	0.0	0.0	0.0	0.0	0.0	0.0	0.0	0.0	0.060199699999999995	0.0	0.0	0.0	0.0	0.0	0.0	0.0	0.0	0.0	0.0	0.0	0.0	0.0	0.0	0.0	0.0	0.0	0.0	0.0	0.0	0.0	0.0	0.0	0.0	0.0	0.0	0.0	0.0	0.0	0.0	0.0	0.0668705	0.0	0.0	0.0	0.0	0.0	0.0	0.0	0.0	0.0	0.0	0.0	0.0	0.0	0.0	0.0	0.0	0.0	0.0	0.041742800000000004	0.0	0.0	0.0	0.0	0.0	0.0	0.0	0.0	0.0	0.0	0.0	0.0	0.0	0.0	0.0	0.0	0.0	0.0	0.0	0.0	0.0	0.0	0.0	0.0	0.0	0.0	0.0	0.0	0.0	0.0	0.0	0.0	0.0	0.0	0.0	0.0	0.0	0.0	0.0	0.0	0.0	0.0	0.0	0.0	0.0	0.0	0.0	0.0	0.0	0.0	0.0	0.0	0.0	0.0	0.0	0.0	0.0	0.0	0.0	0.0	0.0	0.0	0.0	0.0	0.0	0.0	0.0	0.0	0.0	0.0	0.0	0.0	0.0	0.0	0.0	0.0	0.025666700000000004	0.0	0.0	0.0	0.0	0.0	0.0	0.0	0.0	0.0	0.0	0.0	0.0	0.0	0.0	0.0	0.0	0.0	0.0	0.0	0.0158138	0.0	0.0	0.0	0.0	0.0	0.0	0.0	0.0	0.0	0.0	0.0	0.0	0.0	0.0	0.0	0.0	0.0	0.0	0.0	0.0	0.0	0.0	0.0	0.0	0.0	0.0	0.0	0.0	0.0	0.0	0.0	0.0	0.0	0.0	0.0	0.0	0.0	0.0	0.0	0.0	0.0	0.0	0.0	0.0
TP53	TP53-202	0.00018591200000000002	0.0	2.88829e-07	0.405066	0.0	0.0270727	0.0	0.0	0.0	0.0	4.34458e-07	0.0	0.0	0.0	0.0	0.0	0.0	0.0	9.16441e-07	0.0	0.0	0.0	0.0	0.0	0.0	0.0	0.662533	0.0	0.0	0.0	0.0	0.0	0.0	0.0	0.0	0.0	0.0	0.0	0.0	9.58266e-08	0.0	0.0	0.0	0.0	0.0	0.0	0.0	0.0	0.0	0.0	0.0	0.0	0.0	0.0	0.0	0.335338	0.0	0.0	8.44309e-09	0.0	0.0	0.0	0.0	0.298228	0.0	0.0	1.9098800000000002e-07	0.0	0.0	0.308635	0.46825200000000006	0.0	0.554612	0.37249299999999996	0.0	0.0	0.0	0.0	2.90878e-08	0.0	0.0	0.0	0.0	0.0	0.612962	0.0	0.0	0.0	0.0	0.0	0.0	0.0	0.0	2.63774e-05	0.0	0.0	0.0	0.0	0.0	0.0	0.584707	0.0	0.0	0.095962	0.0	0.0	0.0	4.63029e-08	0.0	0.0	0.0	0.0	0.0	0.0	0.0	0.0	0.0	0.0	0.0	0.0	0.0	0.0	0.0	0.0	0.0	0.0	0.0	0.292996	0.723121	0.0	0.0	0.0	0.0	0.0	0.0	0.0	0.0	0.0	0.0	0.0	0.0	0.0	0.0	0.0	0.0	0.0	7.59131e-08	0.0	0.0	0.0	0.0	0.0	0.0	0.0	0.0	0.0	0.0	0.272725	0.0	0.0	0.11950799999999999	0.0	0.0	0.0	0.0	0.0	0.0	0.0	0.0	0.0	0.0	0.0	0.0	1.5716e-10	0.0	0.0	0.0	0.0	0.0	0.0	3.5076799999999996e-09	0.0	0.0	0.0	0.0	0.0	0.0	0.0	0.0	0.0902196	8.938429999999999e-07	0.0	0.0	0.0	0.0	0.0	0.0	0.0	0.0	0.0	0.0	0.21705	0.0	0.0	0.27967	0.0	0.0	0.0	0.0	0.0	0.0	0.0907105	0.0	0.0	0.0	0.0	0.0	0.0	0.0	0.0	0.0	0.0	0.0	0.0	1.60404e-06	0.0	0.0	0.0	0.445353	1.7440400000000001e-09	0.0	0.0	0.0	0.0	0.0	0.0	0.0	0.0	0.0	0.0	0.0	0.0	0.0	0.0	0.0	4.3081399999999997e-10	6.586e-06	0.0	0.0	0.0	2.42368e-08	0.0	0.0	0.0	5.7207e-08	0.0	0.0	0.0	0.0	0.0	8.57376e-05	0.0	0.0	0.302304	0.0	0.0	0.0180297	0.0	0.0	0.0	0.0	0.0	0.0	0.0	0.0	0.0	0.0	0.0	0.0	0.0	0.0	0.0	0.0	2.0535500000000002e-09	0.0	0.0	3.52156e-06	0.0	0.0	0.0	0.0	0.0	0.0	0.0413835	0.0	0.0	0.0	5.0331e-05	0.0	1.05779e-09	2.06778e-10	0.0	0.0	0.0
TP53	TP53-024	0.0	0.0	0.0	0.0	0.0	0.0	3.18188e-09	0.0	0.0	0.0	0.0	0.0	0.0	0.0	0.0	0.0	0.0	0.0	0.0	0.0	0.0	0.0	0.0	0.0	0.0	0.0	0.0	0.0	0.0	0.0	0.0	0.0	0.0	0.0	0.0	0.0	0.0	0.0	0.0	0.0	0.0	0.0	0.0	0.0	0.0	0.0	0.0	0.0	0.0	0.0	0.0	0.0	0.0	0.0	0.0	0.0	0.0	0.0	0.0	0.0	0.0	0.0	0.0	0.0	0.0	0.0	0.0	0.0	0.0	0.0	0.0	0.0	0.0	0.0	0.0	0.0	0.0	0.0	0.0	0.0	0.0	0.0	0.0	0.0	0.0	0.0	0.0	1.3590900000000001e-09	1.83633e-09	0.0	0.0	0.0	0.0	0.0363552	0.0	0.0	0.0	0.0	0.0	0.0	0.0	0.0	0.0	0.0	0.0	0.0	0.0	0.0	0.0	0.0	0.0	0.0	0.0	0.0	0.0	0.0	0.0	0.0	0.0	0.0	0.0	0.0	0.0	0.0	0.0	0.0	0.0	0.0	0.0	0.0	0.0	0.0	0.0	0.0	0.0	0.0	0.0	0.0	0.0	0.0	0.0	0.0	0.0	0.0	0.0	0.0	0.0	0.0	0.0	0.0	0.0	0.0	0.0	0.0	0.0	0.0	0.0	0.0	0.0	0.0	0.0	0.0	0.0	0.0	0.0	0.0	0.0	0.0	0.0	0.0	0.0	0.0	0.0	5.05735e-07	0.0	0.0	0.0	0.0	0.0	0.0	0.0	0.0	0.0	0.0	3.3672e-10	0.0	0.0	0.0	0.0	0.0	0.050785699999999996	0.0	0.0	0.0	0.0	0.0	0.0	0.0	0.0	0.0	0.0	0.0	0.0	0.0	0.0	0.0	0.0	0.0	0.0	0.0	0.0	0.0	0.0	0.0	0.0	0.0	0.0	0.0	0.0	0.0	0.0	0.0	0.0	0.0	0.0510411	0.0	0.0	0.0	0.0	0.0	0.0	0.0	0.0	0.0	0.0	0.0	0.0	0.0	0.0	0.0	0.0	0.0	0.0	0.0	0.0	0.0	0.0	0.0	0.0	0.0	0.0	0.0	0.0	0.0	0.0	2.0670900000000005e-08	0.0	0.0	0.0	0.0	0.0	0.0	0.0	0.0	0.0	0.0	0.0	0.0	0.0	0.0	0.0	0.0	0.0	0.0	0.0	0.0	0.0	0.0	0.0	0.0	0.0	0.0	0.0	0.0	0.0	0.0	0.0	0.0	0.0	0.0	0.0	0.0	0.0	0.0	0.0	0.0	0.0	0.0	0.0	0.0	0.0	0.0	0.0	0.0
TP53	TP53-023	0.8199719999999999	1.52419	8.07883	0.756984	1.18865	19.1295	18.046	0.9445979999999999	1.20072	12.3916	0.790042	0.604183	2.66241	3.9766800000000004	0.42054899999999995	1.07196	0.583699	1.09261	1.0237100000000001	1.10446	0.156449	0.344305	0.920068	0.7926890000000001	1.619	2.2086099999999997	0.805984	1.71422	0.841817	0.569142	1.12114	0.41182299999999994	0.530104	0.658012	0.362598	0.45058100000000006	0.7670779999999999	1.7768599999999999	2.18635	0.04036819999999999	0.928061	1.19156	0.0	3.8299800000000004	18.1493	0.307759	1.25241	11.9374	0.5831	0.6870229999999999	0.0847938	0.774073	0.709011	0.208718	0.0	4.30181	0.275751	1.39599	0.0	0.762785	0.7512260000000001	0.7525649999999999	0.643091	0.206775	5.51281	0.6711	2.8425599999999998	0.177226	0.41764799999999996	1.2513299999999998	0.467189	1.7867	0.197875	0.09589919999999999	0.7392479999999999	0.6830579999999999	0.46612	3.7965199999999997	0.52649	1.23511	0.0589127	0.31843299999999997	0.431167	5.03009	2.4359	0.547963	4.30896	3.28517	12.3746	4.5435300000000005	1.62889	0.799407	0.158255	1.0063799999999998	2.47246	0.9734	0.164436	1.81043	0.741143	22.0127	0.44342	0.322847	8.961260000000001	0.877539	2.82685	10.3923	0.375301	0.539131	12.7925	0.502851	18.4437	0.5781609999999999	0.625336	0.9367790000000001	0.510792	11.9688	5.97697	2.34897	3.15278	0.998835	0.488983	3.23837	1.56126	11.3586	1.04535	4.89771	5.02564	0.623641	1.7284099999999998	0.9954040000000001	0.417678	0.565263	0.27274299999999996	7.9200800000000005	5.91669	7.284619999999999	2.16151	2.28039	1.82297	1.67802	1.8566599999999998	1.52772	1.6753099999999999	0.117676	3.2119299999999997	15.3903	2.47782	0.829102	1.02241	7.682169999999999	0.355069	2.28982	3.0234	12.3511	11.3036	7.85478	7.68658	12.3952	1.84611	9.659939999999999	13.0705	2.26207	14.2416	0.149041	3.5908800000000003	0.414191	30.5613	1.13221	3.55554	5.99089	0.710671	9.20983	1.8954	11.9049	2.50067	4.06254	1.5023	5.77933	0.9465629999999999	9.513530000000001	3.12206	0.954406	0.448741	0.733466	10.8801	10.2328	0.253314	1.23619	0.784624	0.553424	14.3489	3.6838300000000004	11.5953	4.78684	8.24134	6.23038	10.8573	2.03463	1.18499	0.07333610000000002	1.9261599999999999	1.3044200000000001	0.911018	0.189599	1.11947	0.477551	0.33423	0.258238	0.202578	1.0469700000000002	6.842219999999999	1.69077	6.829960000000001	1.9371900000000002	0.293725	2.94711	13.075	3.19587	8.0326	5.69555	17.9016	1.16304	0.268978	8.2611	8.58287	13.8947	12.7813	1.53186	5.51916	0.542605	5.9547	13.8416	2.90821	11.1668	7.956410000000001	1.65189	1.17082	1.3406	2.92652	13.0605	17.4652	8.5905	3.1179799999999998	7.59553	0.144203	0.708508	0.727684	1.84828	1.92828	5.68582	9.702169999999999	16.3137	4.21633	2.4977400000000003	4.13984	10.2177	1.46855	0.722184	0.473674	16.1969	0.35989299999999996	0.5570579999999999	5.85499	0.77496	7.01415	0.32733	0.0249767	0.951578	0.751474	0.228645	0.358556	0.5332399999999999	9.42335	8.12626	1.0676700000000001	10.1593	1.2775100000000001	1.13838	4.24294	12.3312	7.527710000000001	0.892458	0.5060100000000001	3.67061	0.579737	14.0501	0.363832	0.29480300000000004	0.30127800000000005	2.401	11.1775	3.22601	0.7543529999999999	1.24876	4.29681	7.57037	1.68081	4.97424	8.68341	0.75165	4.9345415	2.78002	0.812634	5.388655
TP53	TP53-028	6.98928	6.32556	9.33663	7.3774	8.12448	0.683353	0.149654	8.84024	11.0705	3.2593	14.1258	9.89563	9.17677	10.7909	4.53517	5.7842199999999995	14.5491	10.2254	5.30019	16.4208	3.19714	2.18055	20.141	5.63627	10.0656	8.59485	4.5229800000000004	4.53274	5.48637	10.9562	11.9466	7.80288	9.9464	12.7691	1.08999	12.9573	11.9342	4.87125	5.556019999999999	7.550669999999999	26.7395	11.2073	10.5911	9.383230000000001	3.66379	4.2096	11.422	8.071110000000001	3.4329099999999997	10.012	15.5798	13.0661	8.56359	5.45222	21.184	16.0367	8.398769999999999	12.0527	8.66479	6.0012300000000005	1.1860600000000001	4.57399	15.5023	9.588230000000001	9.47718	12.8373	10.6721	3.04355	2.00772	12.6521	11.2653	2.75391	3.24898	9.40024	7.5168	3.7200800000000003	5.6942699999999995	5.8034300000000005	12.0985	2.5674200000000003	3.75118	13.84	7.74695	12.5651	4.61949	4.2548	30.3226	0.9109309999999999	2.30105	9.29889	9.77324	10.1594	2.84672	0.0	4.0743599999999995	16.4104	7.7152899999999995	5.37557	5.0972	1.1600700000000002	9.84235	4.51389	2.9902	6.50746	2.7013599999999998	3.3452900000000003	0.000297138	7.17748	1.22326	9.657010000000001	3.30229	5.34849	3.4851300000000003	10.4467	11.6435	9.14997	3.07912	5.351030000000001	3.9674099999999997	9.87617	10.6094	7.08752	16.0929	1.07572	3.3668199999999997	4.04234	3.25937	11.9916	9.43356	7.706980000000001	7.15787	5.01898	7.51713	13.9043	9.91106	1.8691400000000002	6.45956	6.47401	7.186139999999999	9.127880000000001	8.842	12.3459	8.44464	8.922239999999999	17.9592	4.9657	6.20171	12.8576	13.7867	21.5651	11.3148	15.9115	9.11774	0.0	2.32809	3.4681300000000004	2.75768	10.3402	22.4335	4.33416	13.1245	12.3847	25.0712	11.6253	4.33434	7.088710000000001	1.7117799999999999	9.43845	8.09207	0.28291700000000003	3.4659400000000002	0.629861	8.14194	3.3134699999999997	10.672	10.7162	10.71	18.1504	7.18576	0.146731	20.5828	30.8328	20.1288	5.9611	7.7835	3.2339599999999997	11.4667	5.05171	9.86867	14.8804	0.0123566	4.82701	1.7179799999999998	4.96401	11.5337	9.7479	3.20407	8.919960000000001	13.4058	5.9131	18.4468	7.81442	5.46964	10.4891	11.7436	16.6674	13.8328	14.1362	13.1297	13.5355	4.2132	4.30879	5.93457	8.6052	19.6154	3.3836	12.8056	0.577128	2.63567	14.572000000000001	5.43239	1.00737	6.03304	10.0246	1.49442	2.86686	2.9723	3.41731	5.7751	9.4472	13.1325	1.76732	5.29628	8.0284	1.25996	8.97795	10.5362	10.0109	14.8037	2.04972	1.38731	6.555560000000001	5.65644	13.2852	5.58174	8.70696	16.6378	0.0	16.8631	13.1375	0.615722	3.65879	2.1294	10.0333	11.4865	0.0020221	10.9853	13.651	10.5507	5.9788	6.3115	0.0186615	4.85657	8.605789999999999	1.41316	10.6893	3.43551	8.92705	9.8301	8.730369999999999	8.017560000000001	13.2727	0.157932	0.00121563	21.2897	4.44301	12.8996	9.52171	11.3582	0.557983	12.0416	7.04276	5.9045	7.54806	6.4205	6.11685	7.651339999999999	5.673430000000001	4.76136	9.4852	0.228431	6.88473	6.712610000000001	13.1964	5.49103	8.67731	8.0079	22.2639	9.31969	2.905685	11.48199	5.3938785	11.10532	3.489728
TP53	TP53-021	5.28966	10.0913	7.02919	8.96461	7.49613	0.951556	0.745418	11.6632	9.4511	1.25227	17.8441	10.7785	14.8339	5.98833	16.6426	5.01484	15.0517	5.9753099999999995	8.79903	17.4362	7.121989999999999	7.45415	25.3558	10.0386	9.06431	7.0906	17.746	8.96017	6.53636	9.69362	11.7474	8.87209	12.4066	9.228019999999999	2.3580200000000002	16.1104	15.5986	7.74913	3.00494	14.2948	26.1298	21.2869	10.068	5.604430000000001	1.9857900000000002	15.5056	24.6893	8.10806	8.96493	18.417	14.7936	25.7125	7.007339999999999	5.5384	2.7425599999999997	12.4253	12.3785	10.0749	7.7676300000000005	6.3528400000000005	1.29406	5.83082	25.0016	35.8188	5.59399	17.7313	10.4835	12.9875	9.376610000000001	19.5717	30.6493	3.0234	10.2178	11.8178	15.9911	13.7227	11.0509	9.39615	13.7601	2.31129	5.292619999999999	31.3092	13.4605	7.84812	3.0491599999999996	5.57022	31.2928	1.89523	0.767347	5.412730000000001	10.1687	2.42568	7.11866	0.462446	4.723730000000001	13.2137	17.708	8.124410000000001	3.7253	0.025090099999999997	16.0019	5.38797	2.39119	9.17067	5.1231	0.799351	4.3475	23.2865	0.17615799999999998	11.5394	0.257646	7.48717	13.7101	15.3703	12.9381	12.5869	3.6001300000000005	4.800590000000001	4.83437	14.133	15.0122	5.5366599999999995	9.70432	0.10827	14.1755	3.6613800000000003	4.14115	25.833000000000002	11.4218	5.785419999999999	10.4499	6.8494600000000005	14.5671	8.72499	5.6470199999999995	0.52163	3.3263300000000005	6.50845	5.0411	3.4081599999999996	5.46703	8.479569999999999	5.2725599999999995	10.5727	9.1619	2.94533	5.68524	7.6609	8.68834	10.0721	8.55308	10.7615	5.27888	0.0933952	1.5734700000000001	5.48592	5.67523	3.9904300000000004	14.4808	3.16967	7.68473	8.52988	15.0506	13.0329	3.14823	21.4519	0.0	14.9499	7.298989999999999	0.0	4.71416	1.8398299999999999	6.23421	0.325907	8.72607	9.39603	12.9378	12.0538	8.74438	9.32214e-05	24.0743	36.9145	20.1306	6.9630600000000005	3.02762	2.86918	14.5535	4.3979099999999995	11.6116	7.29356	0.11994200000000001	5.63704	0.058688599999999994	4.60356	5.006390000000001	6.23116	0.327287	7.401330000000001	17.9677	8.32421	9.95352	5.2983199999999995	5.26661	9.68542	11.4329	14.7548	14.3322	31.6528	14.3974	14.3095	2.0343400000000003	7.34789	2.15923	5.31399	16.0561	2.25801	4.82418	6.901229999999999e-09	2.81271	8.87324	2.85918	1.56013	4.42408	5.6653199999999995	0.22152600000000003	1.37405	1.5292700000000001	4.9343900000000005	3.30004	13.2875	7.2466	1.9971400000000001	2.85723	5.85958	0.18654300000000001	9.406939999999999	13.1097	6.82963	8.99742	0.514487	0.00215882	3.04992	3.72591	5.15198	4.70694	15.0171	22.7204	0.0	15.138	10.7494	0.424335	2.63911	1.9361599999999999	5.541119999999999	12.5125	2.71788e-09	6.48263	6.961289999999999	14.8889	2.68313	5.70098	1.12982	2.90517	7.3845	1.30774	9.22064	8.30306	10.4311	8.13818	20.4563	23.2865	11.4578	0.00588675	0.360535	20.4092	5.2788699999999995	11.4687	8.01113	10.1992	0.017349400000000004	8.86014	4.53913	6.17628	5.92664	6.561789999999999	4.07284	9.02923	5.6919900000000005	4.09375	9.84308	0.000297161	5.96535	11.0604	12.6808	2.37621	5.43519	6.642760000000001	13.0291	4.96391	8.102205	18.381865	2.980037	8.586335	2.429795
TP53	TP53-025	0.609542	0.260241	0.723647	0.412131	0.506165	0.0	0.24082699999999999	0.5554359999999999	0.35905	0.0	0.398969	0.388079	0.595893	0.370208	0.0850404	0.265975	0.152588	0.0	0.64415	0.30676	0.21648699999999999	0.0	0.811883	0.41423999999999994	0.365673	0.0	0.21791100000000002	0.08166439999999998	0.6008979999999999	0.4313	0.239598	0.0	0.0968584	0.229084	0.16456099999999999	0.0	0.0	0.532434	0.283926	0.3858	0.582777	0.12353399999999999	0.140048	0.173375	0.26264499999999996	0.139889	0.230837	0.141523	0.168955	0.57926	0.745503	0.527456	0.10786400000000002	0.0	1.88399	0.00392402	0.166703	0.36234	0.0853561	0.0	0.14447100000000002	0.0	0.283856	0.24065999999999999	0.42971499999999996	1.00124	0.07134810000000001	0.320025	0.305737	0.768699	0.000836495	0.421347	0.0	0.150124	0.298729	0.08886110000000001	0.827824	0.130972	0.977865	0.10453699999999999	0.0	1.4149100000000001	0.141677	0.454696	0.00851018	0.0	0.539771	0.559679	0.540614	0.510825	0.0	0.0	0.124204	0.0238711	0.0	0.0	0.113196	0.0	0.0	0.0	0.26794	0.317934	0.10340099999999999	0.0	0.0	0.156398	0.148748	0.083826	0.456983	0.728226	0.340325	0.154917	0.169099	0.39958899999999997	0.350632	0.0	0.15076099999999998	0.270269	0.0	0.7458279999999999	1.1298700000000002	0.27508699999999997	0.133208	0.247126	0.444266	0.0	0.0	0.712492	4.05231e-05	0.175475	0.197911	0.152816	0.761306	0.9905950000000001	0.568342	0.0	0.334742	0.484958	0.274502	0.197451	0.076003	1.33541	0.0763837	0.322029	0.47880100000000003	0.23290100000000002	0.11580499999999999	0.0	0.224429	0.275565	0.071746	0.13116	0.350562	0.0	0.0	0.548033	0.145047	0.00044757900000000003	0.29175500000000004	0.142811	0.0	0.536866	1.17844	0.9433299999999999	0.724621	0.67699	0.18071900000000002	0.29494899999999996	0.263966	0.0	0.0	0.0	0.262579	0.193107	0.315192	0.575328	0.226805	0.49461400000000005	0.226964	0.135249	0.677262	0.700601	1.0931799999999998	0.21552399999999997	0.73853	0.0	0.291652	0.0	0.8637959999999999	0.0	0.0271844	0.281943	0.133562	0.198115	0.713869	0.550967	0.162982	0.684597	0.415591	0.0	0.341907	0.0	0.416498	0.0	0.33211199999999996	0.17754	0.158401	0.7866449999999999	1.16485	0.176451	0.379744	0.0	0.270397	0.424637	0.43081	0.0	0.588558	0.42509600000000003	0.17016099999999998	0.486108	0.127393	0.0	0.161885	0.291704	0.079415	0.238783	0.30645	0.0	0.0	0.6150260000000001	0.0	0.260295	0.213025	0.335162	0.0813172	0.0	0.41367	0.07682739999999999	0.12644	0.0	0.0	0.26213600000000004	0.0	0.546557	0.24946100000000002	0.192592	0.821652	0.0	0.8310629999999999	0.273256	0.07925080000000001	0.260511	0.12411300000000001	0.615898	0.38207399999999997	0.051963999999999996	0.610013	0.25045300000000004	0.20356400000000002	0.441666	0.43724399999999997	0.232281	0.593134	6.0818999999999995e-05	0.0	0.321858	0.20610100000000003	0.339416	0.279238	0.282649	0.9073959999999999	0.37906799999999996	0.0	0.0	0.319704	0.884438	0.381415	0.8623370000000001	0.0	0.0	0.24873699999999999	0.288056	0.127397	0.806266	0.22475100000000003	0.102401	0.218034	0.0	0.106347	0.33292	0.0	0.41727600000000004	0.402026	0.419637	0.0851315	0.195669	0.55104	0.34375700000000003	0.31912399999999996	0.31302245	0.5821955	0.03949355	0.4634285	0.0550285
TP53	TP53-029	0.261908	0.426626	0.617904	0.5818909999999999	0.307159	0.385719	0.24349200000000001	2.2174099999999997	0.347376	0.164576	0.629985	4.67665	0.519998	0.154839	0.441033	0.0419052	0.345141	0.15206	0.249329	0.451876	0.158933	0.103147	0.749286	0.36783899999999997	0.274354	0.955716	0.51484	0.249121	0.0831252	0.148038	0.292802	0.261031	0.556823	0.671767	0.356306	0.251311	0.610557	0.21236999999999998	0.280449	0.415962	1.51454	1.01308	0.0889603	0.45877399999999996	0.210571	0.5283399999999999	0.41348199999999996	0.184098	0.119316	0.5999869999999999	0.23452800000000001	0.47630600000000006	0.153478	0.242473	0.0	0.510127	0.6088720000000001	0.370318	0.367345	0.27408699999999997	0.030097900000000004	0.26029800000000003	1.43476	1.24417	0.278908	0.29590900000000003	0.593612	0.30236999999999997	4.3772199999999994	0.9131100000000001	0.568127	0.232196	0.210654	0.6664939999999999	0.195101	0.3537	0.129001	0.305743	0.28244600000000003	0.0511736	0.088436	1.01247	0.35924	0.5016579999999999	0.071323	0.12526700000000002	0.49658900000000006	0.12423699999999999	0.344584	0.278857	0.143984	0.100912	0.23296	0.0156804	0.293537	0.17081	0.392629	0.19197899999999998	0.09951189999999999	0.0291591	0.895856	0.251161	0.0495986	0.227681	0.243092	0.0855795	0.123423	0.706067	0.162493	0.25661	0.243752	0.161827	0.268777	0.575005	0.484868	0.464071	0.119307	0.371558	0.360767	0.709345	0.295365	0.14824400000000001	0.32603499999999996	0.09684939999999999	0.21657300000000002	0.150319	0.144394	0.618589	0.372262	0.120555	0.6323449999999999	0.147016	0.640409	0.165272	0.199982	0.125399	0.101102	0.058040499999999995	0.04518869999999999	0.051365499999999994	0.289553	0.47399399999999997	0.24960300000000002	0.385895	0.45057700000000006	0.360738	0.0361571	0.783192	0.306895	0.812102	0.306658	0.144781	0.347431	0.142557	0.16929	0.08425880000000001	0.0346334	0.357813	0.592913	0.257444	0.39061	0.488599	1.0501	0.28315300000000004	0.302073	0.750316	0.43393100000000007	0.648655	0.17641800000000002	0.0135309	0.13078599999999999	0.1105	2.22361	0.056091300000000004	0.426858	0.195143	0.419551	0.381235	0.268405	0.10608499999999998	0.409138	0.682951	0.24957600000000002	0.219791	1.02214	0.025958799999999997	0.40289899999999995	0.10296400000000001	0.18992	0.190686	0.352744	0.225598	0.0687365	0.202124	0.337451	0.136076	0.183345	0.139078	0.353734	0.0511843	0.254397	0.07941489999999998	0.0156138	0.342115	0.276941	0.44554799999999994	0.42879700000000004	0.702071	0.286572	0.324394	0.05640459999999999	0.269329	0.143623	0.340717	0.354025	0.056319600000000004	0.143045	0.00865656	0.144582	0.134934	0.129526	0.05641569999999999	1.54351	0.152557	0.058047400000000006	0.13231500000000002	0.131864	0.138566	0.045877499999999995	0.37735799999999997	0.677427	0.0782224	0.121547	0.291224	0.07230539999999999	0.414258	0.253104	0.145797	0.566348	0.0902857	0.1032	0.0972068	0.288487	0.375917	0.12436099999999999	0.229285	0.44578999999999996	0.189712	0.506594	0.21949699999999997	0.0304389	0.27620100000000003	0.0489334	0.271785	0.407998	0.0475952	0.19799	0.173725	0.262856	0.190801	0.29628499999999997	0.138191	0.165271	0.18301900000000002	0.0741555	0.189019	0.18289	0.25692800000000005	0.228471	0.0894624	0.166154	0.328991	0.074748	0.0121092	0.9351700000000001	1.1105399999999999	0.516157	0.819051	0.288914	0.73774	0.33357600000000004	0.174629	0.28789699999999996	0.229581	0.287621	0.153098	0.185342	0.21001999999999998	0.059721800000000005	0.172479	0.0	0.07956060000000001	0.45042600000000005	0.264779	0.13072	0.120553	0.192832	0.0776271	0.24520100000000003	0.13604855	1.8210075	0.1182516	0.3206495	0.1587181
FLG	FLG-001	1.10812	0.192977	0.013734200000000002	0.012938	0.058196300000000006	0.167715	0.00457985	1.0720399999999999	0.030469299999999998	0.0	0.05255930000000001	0.191403	0.06966119999999999	1.07855	0.0397285	0.129101	0.584955	0.00834796	0.0299964	0.0817621	0.0792354	0.9911700000000001	0.0390716	0.315791	0.06882310000000001	0.0319267	0.11782000000000001	0.257085	0.00876195	0.013928799999999998	0.0261981	0.396082	0.027852099999999994	0.919177	0.780471	0.25151799999999996	0.0260697	0.13309300000000002	0.0012132999999999998	0.41465799999999997	0.150937	0.0420966	0.0181856	0.144256	0.0	3.7735	0.00862875	0.00819757	0.053671800000000006	0.0321946	0.00334589	0.846564	0.771093	0.057361699999999995	0.376371	0.126416	0.13575	0.00622142	0.187178	5.24204	0.010580599999999999	0.159555	0.14304	1.6523400000000001	0.0662466	80.9834	0.035259500000000006	1.28958	0.326054	0.00482421	0.302657	0.010306399999999999	9.05407	0.0105613	0.0728052	0.0245544	0.0145684	0.29242199999999996	0.049038599999999995	3.58029	0.51044	0.022234599999999997	2.42352	0.0	0.09037919999999999	0.278404	0.00213353	0.0579397	0.5178659999999999	0.00185816	0.049985800000000004	0.615847	0.0430716	0.0157409	0.0136887	2.31528	0.11301199999999999	0.542246	0.00316422	0.0281188	1.6415099999999998	0.09777589999999999	0.0126256	0.116654	0.0	0.0942597	0.020763099999999996	0.171657	0.0033306999999999994	0.380958	0.43943699999999997	0.0164815	0.00566455	0.07036469999999999	0.242169	0.0	0.08149119999999999	0.0179588	0.22763899999999998	6.45381	0.050357099999999995	7.41528	0.0195764	0.0242116	0.0375941	0.00375174	0.010426600000000001	0.07621010000000002	0.479875	0.00346694	0.016766	0.00349643	0.0108208	0.059917599999999994	0.182292	0.010367399999999999	0.00158215	0.0140232	0.00357359	0.012025399999999999	0.013106200000000002	0.16502999999999998	0.0165981	11.0344	0.0	0.131485	0.0935091	0.0402173	0.160435	0.055320100000000004	0.00957386	0.00130273	0.0251344	0.0	0.164449	0.0	0.6113310000000001	0.0178054	0.103725	0.0	0.0175097	0.0537933	0.0252046	0.17671199999999998	1.66831	0.010141299999999999	0.00153578	0.622134	0.117171	0.00156498	0.5317649999999999	0.00412056	0.0	0.0113934	0.00882096	0.264446	0.5230600000000001	0.00111874	0.8144680000000001	0.0	0.031499400000000004	0.0160905	0.7507550000000001	0.164145	0.019903599999999997	0.00491745	0.0970013	0.018721599999999998	0.0419961	0.42581199999999997	0.03772059999999999	0.0105191	0.0	0.0169754	0.07589760000000001	0.013198	0.00187059	0.00249137	0.177155	0.0664679	0.0411213	1.61329	0.658238	0.20258099999999998	0.71831	0.8087770000000001	3.7597099999999997	0.39605	0.0438541	1.3699700000000001	0.0	0.051631399999999994	0.011196	0.027536	0.413682	0.00391827	0.00817512	1.65612	0.0	0.0010493	0.00105506	0.00786759	10.6585	0.0107556	0.22561799999999999	0.00333559	0.00976395	0.0111236	0.00821504	5.8733699999999995	0.0201018	0.0381096	0.0	0.119941	0.030996	0.341941	0.00519721	0.00824109	1.76351	0.0223407	0.0036666	0.00547526	0.0438222	0.00353618	0.0422376	1.44865	0.0164283	0.0	0.0	0.254873	0.00108361	0.0412999	0.713496	0.0755169	0.027548200000000002	0.000764645	0.0407774	0.379502	0.0549841	0.00743433	0.325406	0.00937552	1.3951799999999999	0.00639514	0.0	0.0127542	0.0824784	1.95145	0.0738819	0.016377700000000002	0.12026300000000001	0.012832299999999998	0.00992415	0.0	0.00215816	0.0221687	0.196493	0.0123852	0.131997	0.00287343	0.012013	0.0945425	1.89074	0.197605	0.9187879999999999	0.293583	0.45247299999999996	0.117763	0.045971	1.0636700000000001	0.0	0.037415699999999996	1.5183200000000001	0.024975900000000002	0.11595599999999999	0.0180953	0.23604499999999998	0.034235800000000004	0.19957	1.845728	0.7674177	0.08351902	0.1897556	0.043442115
LCE1C	LCE1C-002	2.3277	1.77968	0.39615300000000003	0.406498	0.0	0.7709590000000001	0.0	0.0	0.0	0.0	0.23449499999999998	0.0	0.0	0.460301	0.0	0.0	0.0	0.0	0.829625	0.0	0.308753	1.31875	1.31508	0.94173	0.0	0.0	0.0	0.0	0.0	0.0	0.0	0.0	0.0	1.29227	0.0	0.0	0.0	0.0	0.0	0.0	0.0	0.0	0.0	1.1806299999999998	0.0	0.0	0.0	0.406806	2.3393	0.0	0.0	0.0	0.0	0.0	0.0	0.74543	0.0	0.0	0.0	0.0	0.0	0.0	0.35075300000000004	0.0	0.0	0.0	0.0	0.31198899999999996	1.3048600000000001	0.0	0.0	0.0	1.52534	0.0	0.0	0.424976	1.1462700000000001	1.1017700000000001	0.0	1.15937	0.0	15.9323	0.32048499999999996	0.0	0.279504	0.300784	0.0	0.0	0.0	0.0	0.309053	2.57393	0.324592	0.0	0.0	4.141830000000001	0.530643	0.0	0.0	7.27942	0.0	0.0	0.0	0.0	0.0	0.0	0.0	0.0	0.0	0.78486	3.05015	0.0	0.0	1.92193	0.0	0.0	0.0	0.0	0.5729920000000001	2.73181	0.982217	2.69183	0.0	0.381644	0.0	0.0	0.386887	0.0	0.0	0.0	0.0	0.327216	1.09933	0.0	0.0	0.0	0.0	0.291509	0.0	0.0	0.0	1.70081	0.0	0.0	0.0	1.70861	0.0	0.309675	0.0	0.0	0.417004	0.352104	7.76282	0.0	0.0	0.0	2.64656	0.0	0.0	1.24032	1.7439200000000001	0.0	0.0	0.0	0.0	0.0	0.0	0.0	0.0	0.0	0.0	1.10837	0.0	0.0	0.0	0.0	0.0	0.0	0.0	0.0	2.21351	2.0697900000000002	3.674	0.724179	0.0	0.0	0.0	0.293056	1.38713	0.26105100000000003	0.0381272	0.0	0.0	0.5063479999999999	0.0	0.265768	0.0	0.0	0.0	0.338407	1.25825	0.480321	0.0	0.0	0.0	4.41255	0.758095	2.67525	0.0	0.0	0.0	0.0	0.589098	1.60531	0.0	0.0	4.86796	0.0	0.0	0.0	0.0	0.0	0.857215	0.489572	0.0	0.5048159999999999	1.16883	0.0	0.0	0.8265819999999999	2.2129	0.420542	0.0	3.4322699999999995	0.0	2.72833	0.0	0.0	1.1741700000000002	0.0	1.90925	0.0	1.2765	0.0	0.0	1.88326	0.0	0.0	0.0	0.866002	0.0	0.298946	0.0	2.0632200000000003	2.73251	0.0	0.0	0.22028899999999998	0.0	0.858183	0.0	0.0	0.0	0.46758999999999995	0.0	0.0	0.0	3.51229	0.0	0.0	0.0	0.291179	0.125243	0.0	0.0	1.2364600000000001	0.0	0.0	3.59096	0.0	0.0	0.0	0.0	0.772005	0.48473999999999995	1.50078	0.9739909999999999	0.191575	0.0	0.607414	0.0	0.0	5.7603800000000005	0.46889200000000003	0.0	0.33411	0.0	0.0	0.652872	0.2113165	0.0	0.0	0.0585275	0.0
LCE1C	LCE1C-001	2.07512	1.9573	0.6459	0.23855700000000002	0.0	2.6323	0.662678	0.480308	0.0977145	0.0	0.6861	0.0969378	0.976484	0.0	0.0	0.30043200000000003	0.0	1.05873	1.87558	0.131993	0.8137800000000001	0.9760209999999999	1.6677	1.19438	0.0	0.0	0.311458	0.10732799999999999	0.0	0.0	0.0	0.525995	0.542269	2.1888	0.0	0.0	0.0	0.0	0.0	0.2502	0.0	0.0	0.144403	4.2865400000000005	0.219059	0.0	0.0	0.127829	3.54558	0.0732336	0.33103299999999997	0.48066800000000004	0.0	0.0	0.0	2.47689	0.377101	0.0	0.15898900000000002	0.0495729	1.34776	0.0512819	0.663158	0.356555	0.0495894	0.297539	0.03929319999999999	0.730005	1.88742	0.0	0.0	0.0	1.3859299999999999	0.0	0.0	0.484588	0.816038	1.9366299999999999	0.8108069999999999	0.380207	0.0	21.6531	0.334987	0.0	0.0741119	0.7441479999999999	0.0	0.0	0.9606870000000001	0.0	8.19945	1.2648	0.20435799999999998	0.0	0.33663000000000004	7.0476	0.923375	0.09581569999999999	0.0	25.1224	0.580751	0.0	0.0	2.1846900000000002	0.0	0.277323	0.0	0.0	0.648601	0.538049	9.60863	0.0	0.0	1.30891	0.130753	0.0	1.3153	0.0	1.08969	3.93949	0.714989	9.29795	0.0	0.697538	0.0	0.0	0.0	0.0	1.36468	0.0	0.0	0.42904200000000003	0.821825	0.0	0.8726719999999999	0.18127100000000002	0.0421492	0.3564	0.180232	0.0	0.049799300000000005	2.90174	0.656517	1.01173	0.0	1.81896	0.18853699999999998	0.0532855	0.0	0.0421917	0.701654	0.71937	3.5703699999999996	1.1402700000000001	0.54778	0.0	3.69056	0.30912199999999995	0.059869500000000006	0.7883720000000001	2.67485	0.0	0.0	0.5358970000000001	0.0	0.211983	0.0	0.0	0.0	1.07186	0.0	1.25308	0.0	0.128029	0.028107299999999998	0.305857	0.124605	0.0	0.360501	0.0	2.85974	1.78043	8.14359	1.7205700000000002	0.454829	0.0	0.0	0.0345367	0.671231	0.866675	0.194618	0.0	0.0	0.0296974	0.0	0.602126	0.0	0.0	0.0	0.116182	11.1527	0.773513	0.19847	0.20012	0.716463	4.1748	0.729941	4.06834	0.648944	0.0	0.054577	0.380799	0.82139	0.564728	0.0	0.20241199999999998	5.72049	0.0224647	0.0	0.0	0.08076230000000001	0.0	2.39351	0.9705159999999999	0.53757	0.534555	2.62071	0.0	0.0	0.496217	10.6235	1.1714799999999999	0.0	11.8619	0.182798	6.46323	0.0	0.0	0.44027200000000005	0.477513	5.31395	0.0	1.48466	0.0	0.661351	2.2228	0.0	0.12018800000000002	0.0	0.80116	0.140256	1.33837	0.08788170000000001	2.40805	2.92624	0.0	0.578759	0.10728	0.413062	2.2048799999999997	0.0	0.0	0.10863099999999999	1.07348	0.0580854	0.0445886	0.0985289	4.06995	0.38909299999999997	0.0	0.0	0.910524	0.023545	0.0	0.0	2.31774	0.670322	0.0	7.47483	0.0	0.0	0.12015999999999999	0.08658339999999999	0.563925	0.5101899999999999	2.95403	1.76453	0.46470600000000006	0.0308553	1.33985	0.0	0.034865	7.07702	0.9123979999999999	0.594272	0.328312	0.0	0.0	0.170624	0.426714	0.0	0.502	0.0714265	0.0
LCE1B	LCE1B-001	0.274993	0.49284300000000003	0.0239239	0.122527	0.0	0.372541	0.0800492	0.06931319999999999	0.0	0.0	0.461895	0.0	2.03136	0.22649699999999998	0.07939	0.0788435	0.0	0.201757	0.211023	0.0	0.020306099999999997	0.537974	0.111675	0.117671	0.0	0.0	0.329352	0.188649	0.0	0.0	0.0	0.121369	0.0334787	1.53043	0.0	0.0	0.0	0.0682203	0.0	0.0655126	0.0	0.0	0.0	0.985082	0.0	0.0	0.0	0.0270724	0.9763639999999999	0.0	0.0	0.42561899999999997	0.0	0.0	0.0	0.700979	0.116026	0.0	0.29896999999999996	0.0253074	0.0	0.0	0.138963	0.48205699999999996	0.0	0.0883939	0.0	0.358786	0.9756469999999999	0.0	0.0	0.027569999999999997	0.20994000000000002	0.0	0.0	0.22233699999999998	0.08696389999999998	0.415679	0.329953	0.136113	0.020406	0.45935699999999996	0.173511	0.0	0.09638619999999999	0.22444099999999997	0.0	0.0	0.141766	0.0	0.14887	0.0	0.150666	0.0	0.266219	3.51007	0.019082	0.254421	0.0	0.989183	0.317226	0.0276241	0.0	0.21784099999999998	0.0	0.077598	0.0	0.0	0.245365	0.347491	0.640308	0.0	0.0	0.0795343	0.08866030000000001	0.0	0.17413800000000001	0.0	0.54575	1.8050400000000002	0.32861599999999996	2.7175700000000003	0.0202355	0.13698	0.0	0.0	0.0	0.0	0.9776819999999999	0.0	0.0	0.06944810000000001	0.054281600000000006	0.0	0.0	0.023237200000000003	0.0428825	0.0663822	0.0	0.0	0.0	0.240972	0.067841	0.306251	0.0	0.665223	0.150728	0.0993736	0.0240516	0.0	0.148597	0.0545328	0.453618	0.046786900000000006	0.129823	0.024856	0.278409	0.0188777	0.029270799999999996	0.0743804	0.571709	0.0	0.0	0.0252323	0.0432135	0.0276659	0.0	0.0	0.0	0.0198903	0.0	0.38852800000000004	0.0	0.048945800000000005	0.0	0.16787	0.11190399999999999	0.0	0.071423	0.0	0.454082	0.04868719999999999	1.13044	0.0851053	0.398475	0.0	0.043805199999999996	0.0	0.5061770000000001	0.715681	0.0130938	0.0	0.0	0.0	0.0	0.047937400000000005	0.0	0.0	0.0	0.020805	0.0962939	0.0839717	0.0	0.016218200000000002	0.187605	1.1180700000000001	0.24679099999999998	0.179214	0.0788444	0.0	0.0	0.153157	0.126118	0.0	0.0	0.0167828	0.6534300000000001	0.173707	0.0	0.0	0.0278925	0.014985499999999999	0.720091	0.197312	0.14537	0.0881255	0.111977	0.0	0.0	0.27968899999999997	0.155495	0.0764766	0.0	2.5063400000000002	0.0960806	2.8759799999999998	0.0	0.0	0.187194	0.06238730000000001	0.22499899999999998	0.0132629	0.0467002	0.0	0.23963299999999998	0.060590599999999994	0.0	0.0	0.0	0.164908	0.057297100000000004	0.463426	0.0	0.97285	1.89957	0.0	0.106421	0.0	0.041605699999999995	0.250969	0.108136	0.0157369	0.034305300000000004	0.131706	0.015753299999999998	0.0631766	0.266884	1.43979	0.12598399999999998	0.0	0.0	0.0837942	0.022756000000000002	0.0	0.0	2.93896	0.22261	0.0	0.399954	0.0	0.017950400000000002	0.045905699999999994	0.103342	0.189038	0.31802600000000003	0.38208000000000003	0.09510779999999999	0.0252887	0.0	0.539135	0.013964600000000002	0.0178958	6.21139	0.20418499999999998	0.102268	0.07238480000000001	0.0	0.176316	0.0237554	0.74084	0.0	0.0780353	0.00859005	0.0
LCE1F	LCE1F-001	1.23032	0.44504499999999997	0.0	0.0	0.0	1.2320799999999998	0.09302239999999999	0.158458	0.0	0.0	0.0	0.126607	0.162899	0.0	0.0	0.0	0.711278	0.0	0.545878	0.16903900000000002	1.1487100000000001	0.7693810000000001	0.139428	0.0	0.0	0.0	0.621739	0.0	0.0	0.0	0.0	0.0	0.0	9.192680000000001	0.0	0.0	0.0	0.0	0.0	0.0	0.18049	0.0	0.557192	0.259427	0.0	0.0	0.0	0.129215	0.0	0.0	0.0	0.0	0.0	0.0	0.0	0.329691	0.07890499999999999	0.0	0.278352	0.0	1.5805	0.0	0.441621	0.300431	0.0	0.0	0.0	0.206477	4.39851	0.0	0.0	0.0	0.0	0.0	0.0	0.0	0.0	0.110797	0.0	0.0	0.0983556	1.43204	0.0	0.0	0.0898408	0.548593	0.0	0.0	2.3864900000000002	0.0	1.90293	6.51267	0.505207	0.0	0.311023	1.93782	0.0	0.269623	0.0	0.29713	0.0	0.0	0.0	0.758594	0.0	0.0975208	0.0	0.0	0.196934	0.0	2.31137	0.0	0.0	0.127943	0.416367	0.0	0.0	0.0	0.0	9.46769	0.0	10.5969	0.103049	0.357928	0.0	0.0	0.0	0.0	2.97653	0.0	0.0	0.0	0.135983	0.0	0.565284	0.0	0.0	0.10918499999999999	0.0	0.0	0.0	0.0	0.0	14.879000000000001	0.0	1.5550700000000002	0.116173	0.0	0.0	0.0	1.01403	0.0	0.452504	0.0	0.0	0.0	4.04941	0.0	0.0	0.114665	0.0	0.0	0.0	0.142681	0.278927	0.15539	0.124999	0.0	0.0	0.350283	0.0	0.0	0.0	0.0	0.0	0.0	0.10473299999999999	0.0	0.0793968	0.0	0.173104	0.0	0.0854406	0.0731623	0.375217	0.0	0.0	0.0	0.0741947	5.040369999999999	0.0	0.0	0.0	0.0	0.0	0.0	0.0	0.0	0.0	0.358953	0.0	2.54324	0.0945722	0.0	0.47756400000000004	3.12961	0.376973	0.163588	0.0	0.0	0.0	0.0	0.0	0.0	0.0	0.0	0.16528199999999998	0.0	0.0	0.0	0.0	0.0	4.4186	0.0	0.0	0.0	0.0	0.0	0.0	1.7529299999999999	5.59551	0.0	0.0	32.9101	0.0	0.8400629999999999	0.0	0.0	0.386524	0.0	0.117245	0.0	0.376564	0.0	0.0	0.0	0.0	0.0	0.0	0.8677940000000001	0.0	0.274475	0.0	1.4188	0.148531	0.0	0.0	0.07292689999999999	0.0	0.066513	0.0	0.0894738	0.0	0.073072	0.0	0.0	0.781591	1.53695	1.9824700000000002	0.0	0.0	0.0	0.0	0.0	0.0	1.90313	0.0	0.0	0.17894000000000002	0.0	0.0	0.0	0.119367	0.0	0.0	1.14887	0.0587217	0.0	0.0	0.18543199999999999	0.0	0.0	4.86332	0.07926110000000001	0.0635015	0.0737054	0.0	0.0	0.0	0.055622	0.0	0.08078	0.0	0.0
LCE1D	LCE1D-001	0.0	0.0	0.0	0.0	0.0	0.0779181	0.0	0.0	0.0	0.0	0.0	0.0	0.0	0.0	0.0	0.0	0.0	0.0	0.0	0.0	0.0	0.08244019999999999	0.0	0.0	0.0	0.0	0.0	0.0	0.0	0.0	0.0	0.0	0.10953	0.0	0.0	0.0	0.0	0.0	0.0	0.0	0.0	0.0	0.0	0.09174439999999999	0.0	0.0	0.0	0.0	0.254419	0.0	0.0	0.0	0.0	0.0	0.0	0.0	0.0	0.0	0.0	0.0	0.0	0.0	0.0	0.0	0.0	0.0	0.0	0.0	0.0	0.0	0.0	0.0	0.0	0.0	0.0	0.0	0.0	0.0	0.0	0.0	0.0	0.0	0.0758068	0.0	0.0	0.08080549999999999	0.0	0.0	0.0827404	0.0	0.0	0.0	0.0	0.0	0.0	0.402719	0.0370944	0.0	0.0	0.0	0.0	0.0	0.0	0.0	0.0	0.0	0.0	0.0	0.0	0.0	0.0	0.0	0.175773	0.0	0.0	0.0	0.0	0.0	0.0	0.0911292	0.0	0.0	0.0	0.0	0.0	0.0	0.0	0.0	0.0	0.0	0.0	0.0	0.0	0.0	0.0	0.0	0.0	0.0	0.461133	0.0	0.0	0.0	0.0	0.985485	0.0	0.0	0.0	0.0	0.0	0.0	0.0	0.0	0.0	0.0	0.0	0.0	0.168725	0.0	0.0	0.0	0.109117	0.0	0.0	0.0	0.0	0.0	0.0	0.0	0.0	0.0	0.0	0.0	0.0	0.0	0.0	0.0	0.0	0.0	0.0	0.0	0.0	0.0	0.0	0.0	0.0	0.0	0.0	0.0	0.0	0.0	0.0	0.0	0.0	0.0	0.0	0.0	0.0	0.0	0.0	0.0	0.0	0.0	0.0	0.0	0.0	0.981489	0.0	0.0	0.0	0.0	0.0	0.0731041	0.056715699999999994	0.0	0.0	0.0	0.0806467	0.0	0.0	0.0	0.0	0.0	0.116622	0.0	0.0	0.0	0.0595149	0.0	0.0	0.122199	0.0	0.0	0.0	0.13009400000000002	0.0	0.0	0.0	0.0	0.0	0.0	0.0	0.0	0.0	0.0	0.0	0.0	0.0	0.0	0.0	0.0	0.0	0.124327	0.0	0.0	0.113809	0.0	0.0	0.0	0.0	0.0	0.102362	0.0	0.0	0.0	0.0	0.0	0.101001	0.0	0.0	0.0	0.0	0.0	0.0	0.0	0.0	0.0	0.0	0.0	0.0	0.0	0.0	0.0	0.0	0.0	0.0	0.28431999999999996	0.0	0.0	0.0	0.0	0.0	0.0	0.35291999999999996	0.0	0.0	0.0	0.0	0.0	0.0	0.08018	0.0	0.0	0.0	0.0
LCE1A	LCE1A-001	0.0	0.0	0.0	0.0	0.0	0.0	0.0	0.11765899999999999	0.0	0.0	0.0950254	0.0	0.622313	0.0	0.0	0.0	0.0	0.0	0.0	0.0	0.0	0.347081	0.0	0.0	0.0	0.0	0.151597	0.0	0.0	0.0	0.0	0.0	0.0	0.133798	0.0	0.0	0.0	0.0	0.0	0.0	0.0	0.0	0.0	0.0	0.0	0.0	0.0	0.0	0.0	0.0	0.0	0.0	0.0	0.0	0.0	0.085499	0.0	0.0	0.0	0.0	0.0	0.0	0.08352419999999999	0.09073099999999999	0.0	0.0	0.0	0.254679	1.34285	0.0	0.0	0.0	0.0	0.0	0.0	0.0	0.0	0.0	0.0	0.0	0.0	0.0	0.0	0.0	0.0	0.297931	0.0	0.0	0.812287	0.0	0.0	0.0	0.0772468	0.0	0.07857819999999999	0.730851	0.0	0.0957285	0.0	0.0	0.0	0.0	0.0	0.0936873	0.0	0.147428	0.0	0.0	0.0	0.0	0.0	0.0	0.0	0.0	0.0	0.0	0.0	0.0	0.0	0.190098	0.0	9.09793	0.0	0.0	0.0	0.0	0.569937	0.0	0.0	0.0	0.0	0.0	0.0	0.0	0.0	0.0	0.0	0.0	0.0	0.0	0.0	0.0	0.0	4.33084	0.0	0.0	0.0	0.0	0.0	0.0	0.0	0.0	0.0	0.0	0.346904	0.0	0.7093729999999999	0.0	0.0	0.0	0.0	0.0	0.0	0.09502089999999999	0.591517	0.0	0.0	0.0	0.0	0.0	0.0	0.0834578	0.0	0.0	0.0	0.0	0.0	0.0	0.0	0.0	0.0	0.31685	0.0	0.0	0.0	0.0	0.0	0.0	0.0	0.0	0.0	0.0	0.0	0.0	0.0	0.0	0.0	0.0	0.0	0.0	0.0	0.10809200000000001	0.0	0.070258	0.0	9.52921	0.0	0.0	0.0	0.0	0.0	0.0	0.057290499999999994	0.0	0.0	0.0	0.0	0.0	0.0	0.0	0.0	0.0	1.3955	0.0	0.049551300000000006	0.0	0.0	0.0	0.0	1.4015600000000001	0.0	0.0	0.0	0.0669145	0.0	0.0	0.0	0.0	0.0879305	0.0	0.0	0.0	0.057883000000000004	0.0	0.0	0.0	0.0	0.0	0.0	0.0545174	0.0	0.0	0.0	0.0491246	0.0	0.0	0.0	0.0	0.0	0.0	0.0	0.0	0.0	0.0	0.0	0.0	0.0	0.466596	0.0	0.0	0.0	0.0	0.0	0.0	0.0	0.5412710000000001	0.0519035	0.0	0.194796	0.0	0.0	0.0	0.0	0.0	0.247239	0.0	0.0	0.0	0.0	0.0	0.0	0.0	1.97281	0.247178	0.0	0.0	0.0	0.0	0.0	0.1255075	0.0	0.0	0.0	0.0
