index	Transcript	AABW	5960	5859	5858	5856	5651	5418	5417	5416	5415	5414	5413	5412	5411	5410	5408	5299	5295	5222	5220	5218	5216	5215	5213	5209	5208	5207	5204	5139	5136	5135	5134	5133	5132	4932	4931	4929	4928	4927	4926	4925	4213	4097	3915	3653	3652	3650	2638	2634	2632	2629	2625	2624	2620	2619	2616	2615	2572	2571	2570	2569	2567	2565	2564	2563	2562	2561	2559	2558	2557	2554	2528	2526	2524	2523	2521	2519	2514	2513	2510	2509	2499	2486	2485	2483	1982	1980	1970	1837	1835	1834	1832	1831	1830	1829	1825	1823	1804	1787	1753	1747	1597	1444	1442	1402	1390	1389	1045	0957	0882	0878	0871	0846	0821	0817	0790	0789	0787	0781	0750	0749	0747	0745	0744	0743	0742	0736	0686	0681	0680	0678	0675	0649	0646	0645	0644	0619	0618	0616	0386	0238	0221	0219	0187	0184	0178	0174	0171	0168	0158	0157	0152	0141	0139	0138	0132	0130	0129	0055	0047	4065	1034	0211	0210	0190	0156	0125
TP53	TP53-001	3.4389300000000005	19.1191	15.3598	25.410999999999998	22.7837	15.5592	19.5447	11.0373	1.6683599999999998	22.3548	22.9933	20.1334	12.2884	8.685789999999999	9.82465	22.3997	22.8182	13.6923	11.6014	16.6252	21.1885	17.7781	3.87605	17.616	37.4106	41.9189	20.6475	29.9341	16.6443	12.1767	10.559000000000001	0.017244799999999998	18.2101	66.0129	23.7732	21.1946	21.8185	21.5134	17.2369	17.0428	6.19308	0.0	17.4933	9.29158	13.6056	10.6078	18.2731	25.3377	49.893	31.1456	12.823	12.1918	4.28418	14.8367	33.8113	17.1029	18.4278	10.7477	18.0565	29.095	28.0417	32.2419	29.6627	29.1314	30.4394	28.9522	11.5942	30.2234	17.4743	16.090999999999998	10.0898	15.8438	12.2593	17.8832	26.3563	13.9871	6.49903	15.8612	18.4898	7.44	20.7385	11.2628	9.11196	29.9737	31.0139	11.4434	10.6097	26.9872	0.0	6.86446	21.4165	9.38691	0.857928	19.6794	4.17779	11.9013	9.41863	71.2937	24.2121	22.708000000000002	21.7882	9.30211	17.8514	6.51346	12.9633	38.1544	10.1919	14.0134	15.7182	24.0749	28.8794	0.3834	7.78198	36.0515	2.7039299999999997	20.5764	21.8012	32.4693	17.8822	8.96809	4.6903	21.5034	8.36478	13.4454	12.1418	17.4689	8.35098	18.8853	1.77462	2.09531	3.3523	0.28293	4.24295	10.460999999999999	17.4445	28.3426	20.9101	8.30856	14.0767	37.2635	13.2182	4.88227	9.962069999999999	22.0358	16.2203	13.5678	21.1544	14.7145	17.8485	25.9231	29.8613	33.0352	6.3947400000000005	8.40601	8.06519	9.2411	17.8999	28.5625	8.93878	25.6831	10.82985	26.6966	2.1070068059	24.6324	19.12685	2.02244	25.4516
TP53	TP53-019	0.322058	0.0	0.274535	0.194083	0.42035500000000003	0.118539	0.505803	0.0	0.24675999999999998	0.147125	0.148376	0.380511	0.178507	0.0	0.0	0.22795	0.410681	0.0	0.0784015	0.0	0.0	0.481282	0.106118	0.195143	0.110358	0.253769	0.0997741	0.10266700000000001	0.43638299999999997	0.911409	1.1714	0.00954773	0.305886	0.797942	0.38221700000000003	0.33770300000000003	0.24550100000000002	0.0770072	0.145245	0.432688	0.8658899999999999	0.0678465	0.3268	0.399834	0.349975	0.0	0.0	0.41483400000000004	1.18846	0.233519	0.131752	0.20238	0.291707	0.0	0.139749	0.20083	0.41380500000000003	0.180068	0.34372199999999997	0.438328	0.631912	0.660234	0.454283	0.297732	0.230623	0.45652200000000004	0.12704300000000002	0.7667109999999999	0.436375	0.101722	0.0	0.375847	0.089176	0.207215	1.67812	0.250605	0.252795	0.571289	0.264277	0.13228	0.0	0.121874	0.0	0.26454099999999997	0.35184099999999996	0.0	0.231654	0.63348	0.0	0.178458	0.281646	0.185641	0.042637	0.5360729999999999	0.17813900000000002	0.304236	0.0	1.97269	2.46752	1.32237	0.219617	0.0763825	1.05164	0.2213	0.0	1.5771899999999999	0.141049	0.0	0.0	0.27038	0.20580500000000002	0.388054	0.409497	0.0678115	0.24585700000000002	0.2256	0.0	0.32636	0.127326	0.401845	0.347362	0.30333699999999997	0.046730900000000006	2.7769	0.392268	0.217198	0.199477	0.312293	0.16869800000000001	0.261369	1.15275	0.0	0.199992	0.292953	0.41313599999999995	0.0	0.620967	2.80285	1.1844299999999999	0.773349	0.115303	0.0	0.141961	0.277593	0.338391	0.0650538	0.251037	0.0	0.344658	0.692483	0.513418	0.33302800000000005	0.194796	0.0	0.06010019999999999	0.07231989999999999	0.327545	1.1182299999999998	0.232381	0.21404499999999999	0.304934	0.3636715	2.1070068059	0.1716985	0.0	0.052166	0.7355695
TP53	TP53-018	0.5585859999999999	0.165096	0.10594	0.086746	0.48339399999999993	0.30696799999999996	0.283042	0.288672	0.338932	0.07432330000000001	0.373636	0.00786546	0.17135799999999998	0.496885	0.0580271	0.0	0.0	0.0725847	0.10389000000000001	0.0	0.22774699999999998	0.425674	0.0996199	0.0	0.0	0.0	0.19138	0.0943372	0.16891099999999998	0.148288	0.124971	0.05699969999999999	0.0	0.459491	0.07216180000000001	0.309797	0.134678	0.17238599999999998	0.0	0.304051	0.5603020000000001	0.0870158	0.41462	0.48548500000000006	0.330106	0.0	0.14475	0.309282	0.413304	0.09582310000000001	0.07979030000000001	0.225077	0.69039	0.0	0.303485	0.235521	0.221344	0.367535	0.29534	0.7700640000000001	0.808553	0.783482	1.20526	0.561121	0.188971	0.30745	0.181874	0.617488	0.35872	0.430184	0.09687480000000001	0.202381	0.0	0.0524793	0.308273	0.434017	0.06846000000000001	0.635958	0.0	0.280186	0.376271	0.314328	0.488932	0.546748	0.0461506	0.0	0.0	0.903008	0.0	0.173734	0.782508	0.14136400000000002	0.0740864	0.108377	0.088238	1.07649	0.0	0.20830500000000002	0.762953	0.747321	0.216135	0.189842	0.0992196	0.201182	0.062105499999999994	1.35033	0.31101100000000004	0.11326900000000001	0.25446799999999997	0.108655	0.723529	0.789708	0.48401400000000006	0.0709413	0.105242	0.435733	0.48300699999999996	0.228064	0.05989019999999999	0.16096300000000002	0.0603005	0.828512	0.18341400000000002	0.806325	0.52475	0.25744	0.0	0.366044	0.411713	0.522934	0.0	0.167247	0.168438	0.6300899999999999	0.147093	0.0872135	0.537801	0.852777	0.190098	0.507829	0.22394899999999998	1.2183	0.0422014	0.33119	0.202212	0.0746679	0.0	0.23134699999999997	0.0	0.5653	0.280067	0.6959569999999999	0.163348	0.24005	0.29639699999999997	0.0652058	0.299762	1.2153200000000002	0.200759	0.637286	0.1396495	0.2969325	2.1070068059	0.3430705	0.405286	0.3280635	0.7982155
TP53	TP53-005	0.09585010000000001	0.759686	0.12623	0.461859	0.46279499999999996	0.20865100000000003	0.338779	0.0	0.245423	0.0	0.302223	0.34574099999999997	0.07859889999999999	0.0	0.134246	0.105465	0.0	0.0	0.07192919999999998	0.0963632	0.209587	0.11666800000000001	0.298304	0.336814	0.18923800000000002	0.169731	0.8798600000000001	0.190115	0.0	0.340318	0.313479	2.2555399999999995e-152	0.0	0.0	0.259681	0.480163	0.43250500000000003	0.0	0.49926000000000004	0.180917	0.165676	3.5855900000000003	0.557109	0.19808800000000001	0.14877	0.0	0.391208	0.222194	1.0178399999999999	0.452482	0.0006863110000000001	0.390664	0.40586500000000003	0.0	0.42978299999999997	0.336981	0.525035	0.201738	0.5089130000000001	0.0911715	0.700939	0.920825	0.506811	0.728452	0.180154	0.0	0.462437	0.313498	0.100999	0.29901700000000003	0.345285	0.0	0.0	0.17795999999999998	0.427733	0.365249	0.44098100000000007	0.09853560000000001	0.19501500000000002	0.330895	0.0	0.0	0.0	1.67925	0.304555	0.0	0.29909	0.0987205	0.0	0.0	0.11189500000000001	0.105753	0.7489680000000001	0.21075300000000002	0.0	0.0	0.203556	0.663905	0.236551	0.220404	0.0174489	0.442179	0.14445	0.0	0.154711	1.40236	0.11381199999999998	0.11471500000000001	0.09161989999999999	0.0	0.0	0.0	0.257367	0.41809799999999997	0.379705	0.469372	0.0	0.472992	0.18101	0.0945208	0.087712	0.162152	0.062267499999999996	0.323902	0.161693	0.0995049	0.0	0.913166	0.0719404	0.136025	0.08906739999999999	0.103754	0.49881000000000003	0.0	0.0	3.3041100000000005e-05	0.17254	0.409757	0.0	0.76953	0.233328	0.6993779999999999	0.0	0.281514	0.0840424	0.0	0.102262	0.361217	0.0	0.358081	0.173914	0.92458	0.336303	0.0	0.0998041	0.0	0.375567	0.521266	0.0	0.26131	0.3326865	0.3178725	2.1070068059	0.0445567	0.361286	0.3266335	0.195876
TP53	TP53-002	0.293604	0.974577	1.8845299999999998	2.841	2.77894	3.1686900000000004e-06	2.06731	2.35896e-06	0.485004	1.9517	0.444917	0.8933989999999999	1.23656	0.0	0.952421	2.40273	1.47595	3.72864e-07	0.759849	1.97545	1.75245	1.3519700000000001	0.0	1.0644200000000001	1.9583	8.14404e-07	0.815264	1.9627400000000002	2.5436799999999997	6.511909999999999	2.1017799999999998	7.757389999999994e-232	1.35392	4.76791	0.0108034	1.79584	0.588304	1.02042	4.11397	3.0964400000000003	1.39955	0.23148000000000002	7.447580000000001e-07	0.0	0.0	5.93041e-10	0.0	1.15553	0.944213	0.674928	2.42835	4.95429	0.979184	0.268599	2.6938	0.95896	4.12378e-07	4.11035	0.896194	1.67508e-05	0.91433	2.03253	3.2927699999999995	5.15611	1.0602200000000002	2.16689	0.614027	1.9555099999999999	1.7107	2.30406e-06	2.6332400000000002	2.56074	3.49084	4.19763	1.14085	0.0	0.8821610000000001	0.670646	0.000166065	2.30557e-09	1.355	0.0007249930000000001	1.38648	3.4489400000000003	11.5485	9.65851e-05	2.8755	6.33942e-07	6.40037	1.6141299999999998	0.0201107	4.25665	0.911082	6.14421	0.559629	2.0765	0.0038948999999999998	5.23492	0.9929870000000001	2.29027	0.0470034	0.000512053	0.628846	0.0	0.034677	1.9321099999999998	0.00945242	0.315814	0.0	1.38201e-05	1.0742399999999999	3.82895	4.1075	10.401	0.7446649999999999	2.70752	0.6765939999999999	10.4462	2.70749	3.86049	2.1730400000000003	0.00153666	2.1179799999999998	0.0	3.2324200000000003	3.37531	0.151669	7.2438	0.530411	3.20985e-05	1.7044599999999999	1.54214	9.7028e-07	8.59144e-09	0.507887	5.14889e-06	2.81194e-09	0.25843499999999997	1.34157e-05	1.93923	1.98875	0.0	0.00186708	7.244210000000001e-08	0.00846994	0.025777299999999996	0.803024	1.26167	0.014792600000000001	1.9205599999999998	2.76873	0.75431	2.4548400000000004	0.015543600000000001	1.14424	0.787007	0.00468536	0.545679	0.602683	2.4161300000000004e-09	1.725604	1.1578235	2.1070068059	0.53073	0.364690455	0.198520596494	1.505321
TP53	TP53-004	0.0	0.0	0.305711	0.0	0.0	0.0	0.0	0.0	0.0	0.0	5.49481e-08	0.0	0.0	0.0	0.0	0.0	0.0	0.32666	0.0	0.0	0.0	0.0	0.0	0.0	0.0	0.0	0.0	0.0	0.0	1.10004e-08	0.0	1.04111	0.0	0.0	0.0	0.0	0.0	0.0	0.0	0.0	0.0	0.0	0.0	0.18448299999999998	0.0	0.0	0.0	0.0	0.0	0.0	3.25072e-06	0.0	0.0	0.0	0.0	0.0	0.0	0.0009893880000000001	0.0	0.0	0.0	0.0	0.0	0.0	0.0	0.15659800000000001	0.0	0.0	0.0	0.0	0.00320802	0.0	0.0	0.0	5.31829e-08	0.0	0.00984898	0.0	0.0	0.0	0.0	0.0	0.227782	0.0	0.0	0.0	0.0	0.0	0.0	0.0	0.0	0.0	0.0	0.0	0.0	0.930077	0.0	0.158929	0.0	0.0	0.0	0.0	1.31622e-10	0.0	1.5681800000000002e-07	0.0	0.0	0.0	0.0	0.0	0.0	0.0	0.0	0.0	0.0907639	2.8175e-06	0.0	2.3400900000000003e-09	0.0	0.0	0.0	3.18824e-06	0.0	0.0970346	0.0	0.0	0.0	0.0	0.0	0.0	0.0	0.0	0.0	0.0	0.0	0.128967	0.0	0.0	0.0	0.0	0.0	0.0	0.0	0.0	0.0	0.22209299999999998	0.0	0.0	0.0	0.0	0.0	0.0	0.0	0.0	0.0	0.0	0.0	0.0	0.0	0.0	1.79269e-06	0.0	2.1070068059	0.1172805	5.37235e-08	0.0	0.0
TP53	TP53-003	0.0	0.273161	0.138455	0.0	0.0	0.0	0.0	0.0	0.0	0.0	0.0	0.0	0.0	0.0	0.0	0.0	0.0	0.0	0.0	0.0	0.0	0.0	0.0	0.0	0.0	0.270958	0.0	0.0	0.15402000000000002	0.0	0.0	0.0	0.0	0.0	0.0	0.0	0.0	0.0	0.0	0.0	0.0	0.0	0.271998	0.0	0.0	0.0	0.0	0.0	0.0	0.0	0.0	0.0	0.0	0.0	0.0	9.74758e-09	0.0	0.0	0.0	0.0	4.90657e-09	0.0	0.0	0.0	0.0	0.0	0.33618200000000004	0.0	0.0	0.0	0.0	0.0	0.0	0.0	0.0	0.0	0.0	0.0	0.0	0.21610500000000002	0.0	0.0	0.0	0.0	0.0	0.0	0.0	0.0	0.0	0.40189	0.0	0.0889931	0.0	0.0	0.0	0.0	0.0	0.0	0.0	0.699106	0.0	0.114777	0.0	0.0	0.0	0.590911	0.139263	0.0	0.0	0.0	0.0	0.0	0.0	0.0	0.0	0.183778	0.0	0.0	0.0	0.0	0.0	0.0	0.0	0.0	0.0	0.0	0.162192	0.0	0.0	0.0	0.0	0.148317	0.0	0.0	0.0	0.018157299999999998	4.72508e-05	0.0	0.188403	0.0	0.242975	0.0	0.0976202	0.0	0.137105	0.0	0.0	0.0	0.0	0.0	0.0	0.0	0.0	0.0	0.0	0.141173	0.0	0.0	0.0	0.0	0.0	0.0	2.1070068059	0.1033275	0.0	0.0	0.29969
TP53	TP53-006	0.0	0.0	0.0	0.0	0.0	0.0	0.0	0.0	0.0	0.0	0.0	0.0	0.0	0.0	0.0	0.0	0.0	0.0	0.0	0.0	0.0	0.0	0.0	0.0	0.0	0.0	0.0	0.0	0.0	0.0	0.0	0.514103	0.0	0.0	0.0	0.0	0.0	0.0	0.0	0.0	0.0	0.0	0.0	0.0	0.0	0.0	0.0	0.0	0.0	0.0	0.0	0.0	0.0	0.0	0.0	0.0	0.0	0.0	0.0	0.0	0.0	0.0	0.0	0.0	0.0	0.0	0.0	0.0	0.0	0.0	0.0	0.0	0.0	0.0	0.0	0.0	0.0	0.0	0.0	0.0	0.0	0.0	0.0	0.0	0.0	0.0	0.0	0.0	0.0	0.0	0.0	0.0	0.0	0.0	0.0	0.0	0.0	0.0	0.0	0.0	0.0	0.0	0.0	0.0	0.0	0.0	0.0	0.0	0.0	0.0	0.0	0.0	0.0	0.0	0.0	0.0	0.0	0.0	0.0	0.0	0.0	0.0	0.0	0.0	0.0	0.0	0.0	0.0	0.0	0.0	0.0	0.0	0.0	0.0	0.0	0.0	0.0	0.0	0.0	0.0	0.0	0.0	0.0	0.0	0.0	0.0	0.0	0.0	0.0	0.0	0.0	0.0	0.0	0.0	0.0	0.0	0.0	0.0	0.0	0.0	0.0	0.0	2.1070068059	0.0	0.0	0.0	0.0
TP53	TP53-008	0.72752	50.1101	0.447263	0.904917	0.920215	3.5555199999999996	0.6078479999999999	0.832225	0.544629	1.2198	0.8011199999999999	0.0430423	0.801349	0.0	0.0	0.48377200000000004	0.161913	0.223898	0.097059	0.662142	0.616468	0.30533299999999997	1.70133	0.11703699999999999	0.504941	0.08580299999999999	0.0	0.135237	3.3564	23.638	1.10099	8.32848e-26	0.554937	1.70363	0.8398370000000001	1.44685	0.41606899999999997	0.842259	0.8336969999999999	1.2705799999999998	1.17553	2.3547599999999997	1.4472399999999999	0.43235500000000004	0.0	0.15262	0.010090100000000001	0.947209	0.9974379999999999	0.238081	9.87363	3.33721	6.7667399999999995	0.8372229999999999	0.511011	0.3816	0.8427530000000001	2.55856	0.691773	1.3861700000000001	1.2659200000000002	2.42046	2.74559	1.34279	1.0243799999999998	1.6581	0.740211	1.6715200000000001	0.792044	1.00468	0.75555	0.632429	5.09304	1.14895	0.502581	0.274667	2.3418799999999997	0.50022	0.273687	0.727982	0.371781	0.357122	0.523374	1.15394	3.4895199999999997	1.99888	0.0	1.5117200000000002	0.0	8.40254	1.0463	8.87369	7.2707	1.55768	0.9368920000000001	0.0	1.6051	2.3763400000000003	0.9157790000000001	1.13304	3.74948	0.517347	0.727352	1.80877	0.536189	1.7456200000000002	7.26435	0.379263	1.1090200000000001	0.409394	2.9944599999999997	0.607982	3.8505199999999995	1.51664	0.851558	5.05807	0.316531	1.8419	2.0270799999999998	6.583139999999999	4.78221	2.1052	1.9693900000000002	3.0192200000000002	8.039530000000001	7.90239	0.196406	1.48579	0.451879	0.119095	0.315175	0.117201	0.5920810000000001	0.845447	0.9023030000000001	0.373707	0.9292389999999999	1.93405	1.08235	0.5311130000000001	2.26018	0.8531549999999999	1.4146299999999998	0.98293	0.449358	0.635312	0.40129899999999996	0.477296	0.639893	1.32194	1.02385	0.718198	1.12955	1.08743	3.3306699999999996	0.0	0.856197	1.3047	0.379913	0.292378	1.760555	0.3731095	2.1070068059	0.917133	1.0696865	1.07451	0.612064
TP53	TP53-009	0.415667	0.406402	0.0549682	0.12185	0.10816500000000001	0.184317	0.11588399999999999	0.208458	0.156557	0.15956199999999998	0.111142	0.114479	0.14802200000000001	0.112525	0.0429574	0.0561033	0.0	0.0	0.131027	0.257013	0.06538089999999999	0.050372	0.13960899999999998	0.222016	0.192021	0.055781700000000004	0.131413	0.12972999999999998	0.23929	0.158901	0.22655300000000003	0.042334500000000004	0.295598	1.2470700000000001	0.0	0.43526400000000004	0.0748811	0.245123	0.270519	0.166884	0.201793	0.100177	0.27521100000000004	0.131091	0.448574	0.0979468	0.0	0.22676300000000002	0.628179	0.06899989999999999	0.0424795	0.376058	0.376838	0.202006	0.291426	0.11762	0.566345	0.0647838	0.318454	0.598792	0.5001180000000001	1.42366	0.9265030000000001	0.194156	0.125301	0.519528	0.152617	0.7915260000000001	0.20162	0.316372	0.03748169999999999	0.101707	0.0	0.0779982	0.054449000000000004	0.35831	0.273793	0.381448	0.0669518	0.350028	0.124905	0.0	0.0504357	0.601414	0.07509910000000002	0.43671499999999996	0.124404	0.5610350000000001	0.0	0.352106	0.101372	0.17996099999999998	0.0	0.19021500000000002	0.106967	0.706591	0.145697	2.42521	0.333473	0.70028	0.35344000000000003	0.0979898	0.194642	0.20523400000000003	0.41791000000000006	1.15941	0.146831	0.176925	0.277839	0.226136	0.24722800000000003	0.42628999999999995	0.0508575	0.315175	0.030367500000000002	0.136	0.08342089999999999	0.07862949999999999	0.175796	0.20684	0.128998	0.28491700000000003	0.106728	0.41214799999999996	0.550551	0.351983	0.0495625	0.0	0.220234	0.403756	0.266801	0.154245	0.5733779999999999	0.276643	0.0	0.16584300000000002	0.355286	0.410554	0.13353299999999999	0.658522	0.12247000000000001	0.813871	0.09963430000000001	0.14458800000000002	0.0973692	0.0408636	0.143522	0.405725	0.0	0.328226	0.7971199999999999	0.206825	0.145009	0.0	0.14181400000000002	0.0521524	0.107374	0.585951	0.102353	0.10497999999999999	0.0405857	0.2438595	2.1070068059	0.336261	0.06502	0.2249635	0.1228225
TP53	TP53-014	0.0	0.18401199999999998	0.153391	0.160083	0.147977	0.25766500000000003	0.75227	0.0	0.0	0.861059	0.6820649999999999	0.306824	0.0	0.162712	0.20945100000000003	0.14549	0.23868899999999998	0.0	0.0	0.122199	0.3521	0.169772	0.0	0.0	0.17668	0.0	0.169688	0.18972	0.0	1.18573	0.40220100000000003	0.0	0.154941	1.2284700000000002	0.0	1.17798	0.18253	0.312312	0.0	0.138183	0.5095970000000001	0.0	0.0	0.0	0.0	0.119202	0.5150680000000001	0.0	0.640169	0.0	0.194838	0.0970908	0.317596	0.8327680000000001	0.32906199999999997	0.677389	0.505554	0.9575370000000001	1.03294	0.896625	0.8968860000000001	2.01995	1.5629899999999999	0.617172	0.8916290000000001	1.1323	3.79238e-08	0.8406239999999999	0.353667	0.514736	0.0	0.300019	0.0824211	0.180556	0.266259	0.410283	0.9287219999999999	0.48832600000000004	0.0	0.0	0.0	0.0	0.139242	0.7617229999999999	0.351001	0.0	0.508135	0.9175200000000001	0.819118	0.0	0.0	0.0	0.0963682	0.500108	0.0	0.0	0.343828	3.1973599999999998	1.07481	0.0	0.129244	0.00173044	0.4689	0.38652	0.0	0.0	0.0	0.0	0.785936	0.412108	0.0	0.0	0.0	0.5546260000000001	0.0	3.44673e-09	0.652059	0.37955	0.25805900000000004	0.409929	0.0	0.5684359999999999	0.0824405	1.0060799999999999	0.788579	0.526353	1.59989e-06	0.261942	0.0873678	0.24619499999999997	0.0	0.0	1.9028	0.426059	0.0	0.126555	0.592353	0.400744	1.6494000000000001e-09	0.8965719999999999	0.0	0.708553	0.0	0.0	4.31348e-07	0.103867	0.477155	0.0	0.614298	1.37176	0.883639	0.524285	0.217437	0.0	0.256826	0.0	0.0	0.34845	0.0	1.17521	0.050352	0.490929	2.1070068059	0.6996075	0.6809905	0.4599005	0.0307491
TP53	TP53-015	0.0	0.32914	0.0	0.16339800000000002	0.0	0.0	0.161151	0.0	0.0	0.0	0.0	0.0	0.0	0.0	0.0	0.0	0.0	0.0	0.0	0.0	0.0	0.0	0.0	0.0	0.0	0.0	0.0	0.0	0.0	0.0	0.0	0.0	0.0	0.0	0.0	0.0	0.0	0.0	0.0	0.0	0.0	0.0	0.0	0.0	0.0	0.0	0.0	0.0	0.0	0.202416	0.0	0.0863281	0.0	0.0	0.0	0.0	0.0	0.0	0.0	0.0	0.0	0.0	0.0	0.14921199999999998	0.0	0.0	0.0	0.0	0.0	0.0	0.0	0.0	0.0	0.0	0.0	0.0	0.0	0.19203399999999998	0.216254	0.0	0.0	0.0	0.0	0.0	0.0	0.0	0.0	0.0	0.0	0.0	0.0	0.0	0.0	0.0	0.0	0.0	0.0	0.0	0.0	0.0	0.0	0.0	0.0	0.0	0.0	0.23730700000000002	0.0	0.0	0.0	0.0	0.0	0.0	0.0	0.0	0.0	0.0	0.0	0.0	0.0	0.0	0.0	0.0	0.0	0.0	0.0	0.0	0.0	0.0	0.0	0.0	0.0	0.0	0.0	0.0	0.0	0.0	0.0	0.109997	0.0	0.0	0.0	0.0	0.0	0.0	0.0	0.0	0.0	0.0	0.0	0.0	0.0	0.0	0.0	0.0	0.0	0.0	0.0	0.0	0.0	0.0	0.0	0.0	2.1070068059	0.0738105	0.0	0.0	0.0
TP53	TP53-007	0.0	0.0	0.0	0.0	0.0	0.0	0.0	0.0	0.0	0.0	0.0	0.0	0.0	0.0	0.0	0.0	0.0	0.0	0.0	0.0	0.0	0.0	0.0	0.0	0.0	0.0	0.0	0.0	0.0	0.0	0.0	5.39579e-06	0.0	0.0	0.0	0.0	0.0	0.0	0.0	0.0	0.0	0.0	0.0	0.0	0.0	0.0	0.0	0.0	0.0	0.0	0.0	0.0	0.0	0.0	0.0	0.0	0.0	0.0	0.0	0.0	0.0	0.0	0.0	0.0	0.0	0.0	0.0	0.0	0.0	0.0	0.0	0.0	0.0	0.0	0.0	0.0	0.0	0.0	0.0	0.0	0.0	0.0	0.0	0.0	0.0	0.0	0.0	0.0	0.0	0.0	0.0	0.0	0.0	0.0	0.0	0.0	0.0	0.0	0.0	0.0	0.0	0.0	0.0	0.0	0.0	0.0	0.0	0.0	0.0	0.0	0.0	0.0	0.0	0.0	0.0	0.0	0.0	0.0	0.0	0.0	0.0	0.0	0.0	0.0	0.0	0.0	0.0	0.0	0.0	0.0	0.0	0.0	0.0	0.0	0.0	0.0	0.0	0.0	0.0	0.0	0.0	0.0	0.0	0.0	0.0	0.0	0.0	0.0	0.0	0.0	0.0	0.0	0.0	0.0	0.0	0.0	0.0	0.0	0.0	0.0	0.0	0.0	2.1070068059	0.0	0.0	0.0	0.0
TP53	TP53-013	0.0	70.82600000000001	0.0	0.0	0.0	0.0	0.0	0.0	0.0	0.0	0.0	0.0	0.0	0.0	0.101372	0.0	0.11417000000000001	0.0	0.0997642	0.11966099999999999	0.0	0.0	0.0	0.0	0.148846	0.0	0.156915	0.0	0.141238	0.0	0.0	0.0	0.0	0.0	0.0	0.0	0.0	0.0	0.0	0.0	0.0	0.0	0.0	0.0	0.0	0.0	0.0	0.0	0.0	0.0	0.0	0.0	0.087056	0.0	0.123226	0.11997200000000001	0.216241	0.0	0.0	0.0	0.0	0.0	0.0	0.0	0.0	0.0	0.0	0.28142399999999995	0.14088699999999998	0.0	0.0	0.0	0.0	0.0	0.0	0.0	0.0	0.0	0.0	0.0	0.0	0.115381	0.0	0.0	0.0	0.0	0.0	0.15398699999999999	0.0	0.0	0.0	0.0	0.0	0.0	0.0	0.0	0.0	0.0	0.0	0.310254	0.0	0.0	0.0	0.0	0.0	0.0	0.0	0.0	0.0	0.0	0.0	0.0	0.0	0.10778800000000001	0.0	0.0	0.0	0.0	0.0	0.0	0.0	0.0	0.0	0.0	0.0	0.0	0.0	0.0	0.0	0.0	0.0	0.224406	0.0	0.0	0.0	0.0	0.0	0.0	0.0	0.0	0.0	0.0	0.0	0.0	0.0	0.0	0.0	0.0	0.0	0.0	0.0	0.14566700000000002	0.0	0.0	0.0	0.0	0.0	0.0	0.12028399999999999	0.0	0.0	0.0	2.1070068059	0.0	0.0	0.0	0.0
TP53	TP53-016	0.0	0.0	0.0	0.0	0.0	0.0	0.0	0.0	0.0	0.0	0.0	0.0	0.0	0.0	0.0	0.0	0.0	0.0	0.0	0.0	0.0	0.0	0.0	0.0	0.0	0.0	0.0	0.0	0.0	0.0	0.0	0.0	0.0	0.0	0.0	0.0	0.0	0.0	0.0	0.0	0.0	0.0	0.0	0.0	0.0	0.0	0.0	0.0	0.0	0.0	0.0	0.0	0.0	0.0	0.0	0.0	0.0	0.0	0.0	0.0	0.0	0.0	0.0	0.0	0.0	0.0	0.0	0.0	0.0	0.0	0.0	0.0	0.0	0.0	0.0	0.0	0.0	0.0	0.0	0.0	0.0	0.0	0.0	0.0	0.0	0.0	0.0	0.0	0.0	0.0	0.0	0.0	0.0	0.0	0.0	0.0	0.0	0.0	0.0	0.0	0.0	0.0	0.0	0.0	0.0	0.0	0.0	0.0	0.0	0.0	0.0	0.0	0.0	0.0	0.0	0.0	0.0	0.0	0.0	0.0	0.0	0.0	0.0	0.0	0.0	0.0	0.0	0.0	0.0	0.0	0.0	0.0	0.0	0.0	0.0	0.0	0.0	0.0	0.0	0.0	0.0	0.0	0.0	0.0	0.0	0.0	0.0	0.0	0.0	0.0	0.0	0.0	0.0	0.0	0.0	0.0	0.0	0.0	0.0	0.0	0.0	0.0	2.1070068059	0.0	0.0	0.0	0.0
TP53	TP53-017	0.0	1.0406600000000001	0.0	0.0	0.0	0.0	0.0	0.0	0.0	0.5276850000000001	0.8564299999999999	0.0	0.0	0.0	0.0	0.0	0.0	0.0	0.0	0.0	0.0	0.0	0.0	0.0	0.0	1.0258	1.18719	0.0	0.0	0.0	0.0	0.0	0.0	0.0	0.0	0.0	0.0	0.0	0.0	0.0	0.0	0.0	0.0	0.0	0.0	0.0	0.0	0.0	0.0	0.0	0.0	0.0	0.0	0.0	0.0	0.0	0.0	0.0	0.0	0.0	0.0	0.0	0.0	0.0	0.0	0.0	0.0	0.0	0.0	0.0	0.0	0.0	0.0	0.0	0.0	0.0	0.0	0.0	0.0	0.0	0.0	0.0	0.0	0.0	0.0	0.0	0.0	0.0	0.0	0.0	0.0	0.0	0.0	0.0	0.0	0.0	0.0	0.0	0.0	0.0	0.0	0.0	0.0	0.0	0.0	0.0	0.0	0.0	0.0	0.0	0.0	0.0	0.0	0.0	0.0	0.0	0.0	0.0	0.814079	0.0	0.0	0.0	0.0	0.0	0.0	0.0	0.0	0.0	0.0	0.0	0.0	0.0	0.0	0.0	0.0	0.0	0.0	0.0	0.0	0.0	0.0	0.0	0.0	0.0	0.0	0.0	0.0	0.0	0.0	0.0	0.0	0.0	0.0	0.0	0.0	0.0	0.0	0.0	0.0	0.0	0.4852855	0.0	2.1070068059	0.0	0.0	0.0	0.0
TP53	TP53-020	0.0	0.0	0.0	0.0	0.0	13.8992	0.0	0.0	0.0	0.0	0.0	0.0	0.0	0.0	0.0	0.0	0.0	0.0	0.0	0.0	0.0	0.0	0.0	0.0	0.0	0.0	0.0	0.0	0.0	0.0	0.0	0.0	0.0	0.0	0.0	0.0	0.0	0.0	0.0	0.0	0.0	0.936523	0.0	0.0	0.0	0.0	0.0	0.0	0.0	0.0	12.7318	0.0	0.0	0.0	0.0	0.0	0.0	0.0	0.0	0.0	0.0	0.0	0.0	0.0	0.0	0.0	0.0	0.0	0.0	0.0	0.0	0.0	0.0	0.0	0.0	0.0	0.0	0.0	0.0	0.0	0.0	0.0	0.0	0.0	0.0	0.0	0.0	0.0	0.0	0.0	0.0	0.0	0.0	0.0	0.0	0.0	0.0	0.455578	0.0	0.0	0.0	0.0	0.0	0.0	0.0	0.0	0.0	0.0	0.0	0.0	0.0	0.0	0.0	0.0	0.0	0.0	0.0	0.0	0.0	0.0	0.0	0.0	0.0	0.0	0.0	0.0	0.0	0.0	0.0	0.0	0.0	0.33363400000000004	0.0	0.0	0.0	0.0	0.0	0.0	0.0	0.0	0.0	0.0	0.0	0.0	0.0	0.0	0.0	0.0	0.0	0.0	0.0	0.0	0.0	0.0	0.0	0.0	0.0	0.0	0.0	0.0	0.0	0.0	2.1070068059	0.0	0.0	0.0	0.0
TP53	TP53-022	0.0	0.569666	1.1177	1.72958	0.9394170000000001	0.15254500000000001	0.578751	1.52085	0.0334954	0.194299	1.42204	1.29332	0.14130299999999998	0.28587199999999996	0.6398010000000001	0.27002600000000004	1.08051	0.614767	0.397648	0.07452189999999999	0.84601	0.0	0.00693767	0.324344	1.00626	1.21399	0.24735100000000002	2.11048	0.993167	0.820204	0.41943500000000006	0.0125745	0.740767	0.534582	0.670014	0.8846950000000001	0.6609550000000001	0.27574099999999996	1.00524	0.16839500000000002	0.0	0.268953	0.18146700000000002	0.396679	0.0140067	0.597291	1.46916	1.1485299999999998	1.41925	1.13125	2.1476900000000003	0.747667	0.06483009999999999	0.039069099999999995	1.2652	1.24658	0.49202700000000005	0.558275	1.90451	2.29089	0.186478	0.416921	0.0	2.1383	1.7907799999999998	0.806809	0.48135200000000006	0.621362	1.45551	0.5013880000000001	0.723774	0.661556	0.137924	1.0270299999999999	1.26695	0.546694	0.68345	0.051290300000000004	0.790034	0.0	1.08217	0.151227	0.20491399999999999	1.07494	1.21022	1.2565	0.345605	0.366933	0.0	1.00048	0.0	0.19046300000000002	0.318837	1.2429700000000001	0.385513	0.0	0.0428781	1.7859	0.255187	0.312619	0.424037	0.0440092	1.57899	0.0	0.20518899999999998	1.48022	0.467675	1.15046e-07	0.966508	1.4058	1.6431799999999999	0.0	0.204369	2.22113	0.0	1.9626400000000002	0.532846	0.872828	0.338796	0.474851	0.221894	0.0	0.359951	0.206092	0.255919	0.0883047	0.0	1.86828	0.23811999999999997	0.182775	0.0	0.00987787	1.07867e-06	0.0	1.0744799999999999	0.653313	0.8606370000000001	0.320873	0.0647529	0.823292	1.00675	0.0	0.00964112	0.438857	0.195268	2.31688	0.8157449999999999	0.023794299999999997	0.6578039999999999	1.2590299999999999	2.29104	2.3404599999999998	0.33676	0.42946899999999993	0.49723	0.318603	0.056231399999999994	0.446625	0.1856	0.757249	0.484313	2.25495	2.1070068059	1.07927	0.71717	0.0	1.748601
TP53	TP53-027	0.0	0.0	0.305711	0.0	0.0	0.0	0.0	0.0	0.0	0.0	5.49481e-08	0.0	0.0	0.0	0.0	0.0	0.0	0.32666	0.0	0.0	0.0	0.0	0.0	0.0	0.0	0.0	0.0	0.0	0.0	1.10004e-08	0.0	1.04111	0.0	0.0	0.0	0.0	0.0	0.0	0.0	0.0	0.0	0.0	0.0	0.18448299999999998	0.0	0.0	0.0	0.0	0.0	0.0	3.25072e-06	0.0	0.0	0.0	0.0	0.0	0.0	0.0009893880000000001	0.0	0.0	0.0	0.0	0.0	0.0	0.0	0.15659800000000001	0.0	0.0	0.0	0.0	0.00320802	0.0	0.0	0.0	5.31829e-08	0.0	0.00984898	0.0	0.0	0.0	0.0	0.0	0.227782	0.0	0.0	0.0	0.0	0.0	0.0	0.0	0.0	0.0	0.0	0.0	0.0	0.930077	0.0	0.158929	0.0	0.0	0.0	0.0	1.31622e-10	0.0	1.5681800000000002e-07	0.0	0.0	0.0	0.0	0.0	0.0	0.0	0.0	0.0	0.0907639	2.8175e-06	0.0	2.3400900000000003e-09	0.0	0.0	0.0	3.18824e-06	0.0	0.0970346	0.0	0.0	0.0	0.0	0.0	0.0	0.0	0.0	0.0	0.0	0.0	0.128967	0.0	0.0	0.0	0.0	0.0	0.0	0.0	0.0	0.0	0.22209299999999998	0.0	0.0	0.0	0.0	0.0	0.0	0.0	0.0	0.0	0.0	0.0	0.0	0.0	0.0	1.79269e-06	0.0	2.1070068059	0.1172805	5.37235e-08	0.0	0.0
TP53	TP53-026	0.0	0.0	0.0	0.0	0.0	0.0	0.0	0.0	0.0	0.0	0.0	0.0	0.0	0.0	0.0	0.0	0.0	0.0	0.0	0.0	0.0	0.0	0.0	0.0	0.0	0.0	0.0	0.0	0.0	0.0	0.0	0.514103	0.0	0.0	0.0	0.0	0.0	0.0	0.0	0.0	0.0	0.0	0.0	0.0	0.0	0.0	0.0	0.0	0.0	0.0	0.0	0.0	0.0	0.0	0.0	0.0	0.0	0.0	0.0	0.0	0.0	0.0	0.0	0.0	0.0	0.0	0.0	0.0	0.0	0.0	0.0	0.0	0.0	0.0	0.0	0.0	0.0	0.0	0.0	0.0	0.0	0.0	0.0	0.0	0.0	0.0	0.0	0.0	0.0	0.0	0.0	0.0	0.0	0.0	0.0	0.0	0.0	0.0	0.0	0.0	0.0	0.0	0.0	0.0	0.0	0.0	0.0	0.0	0.0	0.0	0.0	0.0	0.0	0.0	0.0	0.0	0.0	0.0	0.0	0.0	0.0	0.0	0.0	0.0	0.0	0.0	0.0	0.0	0.0	0.0	0.0	0.0	0.0	0.0	0.0	0.0	0.0	0.0	0.0	0.0	0.0	0.0	0.0	0.0	0.0	0.0	0.0	0.0	0.0	0.0	0.0	0.0	0.0	0.0	0.0	0.0	0.0	0.0	0.0	0.0	0.0	0.0	2.1070068059	0.0	0.0	0.0	0.0
TP53	TP53-201	0.0	0.0	0.0935446	0.0	0.0	0.0	0.0	0.0	0.0	0.0	0.0	0.183912	0.0	0.0	0.0	0.0	0.0	0.0	0.0	0.0	0.0	0.0	0.0	0.0	0.0	0.0	0.109839	0.0	0.0	0.0	0.0	0.7978689999999999	0.0	0.0	0.0	0.0	0.0	0.0	0.0	0.0	0.0	0.07701749999999999	0.0	0.0	0.0	0.0	0.0	0.200197	0.09694019999999999	0.0	0.0	0.0	0.0	0.0	0.0	0.09901900000000001	0.0	0.0	0.0	0.0	0.0	0.0	0.0	0.0	0.0	0.0	0.0	0.0	0.0	0.0	0.0	0.0	0.0	0.0	0.0858873	0.0	0.0	0.0	0.0	0.0	0.0	0.0	0.0	0.0	0.05312769999999999	0.0	0.0	0.0	0.0	0.0	0.0	0.0	0.0	0.0	0.0	0.0	0.0	0.0	0.0	0.0	0.06868880000000001	0.0	0.0	0.0	0.0	0.286511	0.0	0.0	0.0	0.0	0.0	0.0	0.0	0.0	0.0	0.0	0.0	0.114633	0.0	0.0	0.0	0.0	0.0	0.0	0.0	0.0	0.0	0.0	0.0	0.0	0.0	0.0	0.0	0.0	0.0	0.0	0.0	0.0	0.0	0.0	0.054287	0.0	0.0	0.0	0.0	0.0	0.0	0.0	0.0	0.0	0.0	0.11766099999999999	0.0	0.0	0.0	0.0	0.0	0.0	0.0	0.0	0.0	0.0	2.1070068059	0.0	0.0	0.0	0.0
TP53	TP53-202	0.0	0.0	4.46693e-05	0.0	1.5150799999999998e-10	0.0	0.0	0.0	0.0	0.0	0.0	0.0	0.0	0.0	0.0	0.0	0.0	0.0	0.0	0.0	0.0	0.0	0.0	0.0	0.0	0.0	0.0	0.0	0.0	0.0	0.0	0.00729999	0.252844	0.0	0.0	0.0	0.0	0.21987800000000002	0.0	0.0	1.76673e-10	0.0	0.0	0.0	0.0	0.0	0.0	9.76764e-11	0.0	0.0	0.35371199999999997	0.0	0.0	0.0	0.0	0.0	0.0	0.0	0.0	2.82668e-10	0.0	0.0	0.0	0.0	0.0	0.0	0.0	1.8299700000000001e-10	0.0	0.0	0.0	0.0	0.0	0.0	0.0	0.0	0.0	0.0	0.0	0.0	0.198312	0.0	0.0	0.0	0.0	0.0	0.0	0.0	0.0	0.0	0.0	0.0	0.0	0.0	0.0	0.0	0.0	0.0	0.0	0.0	0.887776	0.0	0.0	0.0	0.0	0.0	0.0	0.0	0.0	0.23646599999999998	0.0	0.0	0.0	1.4151e-06	0.0	0.0	0.0	0.0	0.0	0.0	0.0	2.89059e-09	0.0	0.0	0.0	0.0	0.0	0.0	0.0	0.0	0.0	0.0	0.0	0.0	0.0	0.350065	0.0	2.71254e-09	0.0	0.0	0.0	0.0	0.0	0.00031078599999999996	0.0	0.0	0.0	0.0	0.0	0.0	0.0	0.0	0.0	0.0	0.0	0.0	0.00174088	0.0	0.0	0.0	0.0	0.0	2.1070068059	0.0	0.0	0.0	0.0
TP53	TP53-024	0.0	0.0	0.0	0.0	0.0	0.0	0.0	0.0	0.0	0.0	0.0	0.0	0.0	0.0	0.0	0.0	0.0	0.0	0.0	0.0	0.0	0.0	0.0	0.0	0.0	0.0	0.0	0.0	0.0	0.0	0.0	5.39579e-06	0.0	0.0	0.0	0.0	0.0	0.0	0.0	0.0	0.0	0.0	0.0	0.0	0.0	0.0	0.0	0.0	0.0	0.0	0.0	0.0	0.0	0.0	0.0	0.0	0.0	0.0	0.0	0.0	0.0	0.0	0.0	0.0	0.0	0.0	0.0	0.0	0.0	0.0	0.0	0.0	0.0	0.0	0.0	0.0	0.0	0.0	0.0	0.0	0.0	0.0	0.0	0.0	0.0	0.0	0.0	0.0	0.0	0.0	0.0	0.0	0.0	0.0	0.0	0.0	0.0	0.0	0.0	0.0	0.0	0.0	0.0	0.0	0.0	0.0	0.0	0.0	0.0	0.0	0.0	0.0	0.0	0.0	0.0	0.0	0.0	0.0	0.0	0.0	0.0	0.0	0.0	0.0	0.0	0.0	0.0	0.0	0.0	0.0	0.0	0.0	0.0	0.0	0.0	0.0	0.0	0.0	0.0	0.0	0.0	0.0	0.0	0.0	0.0	0.0	0.0	0.0	0.0	0.0	0.0	0.0	0.0	0.0	0.0	0.0	0.0	0.0	0.0	0.0	0.0	0.0	2.1070068059	0.0	0.0	0.0	0.0
TP53	TP53-023	0.72752	50.1101	0.447263	0.904917	0.920215	3.5555199999999996	0.6078479999999999	0.832225	0.544629	1.2198	0.8011199999999999	0.0430423	0.801349	0.0	0.0	0.48377200000000004	0.161913	0.223898	0.097059	0.662142	0.616468	0.30533299999999997	1.70133	0.11703699999999999	0.504941	0.08580299999999999	0.0	0.135237	3.3564	23.638	1.10099	8.32848e-26	0.554937	1.70363	0.8398370000000001	1.44685	0.41606899999999997	0.842259	0.8336969999999999	1.2705799999999998	1.17553	2.3547599999999997	1.4472399999999999	0.43235500000000004	0.0	0.15262	0.010090100000000001	0.947209	0.9974379999999999	0.238081	9.87363	3.33721	6.7667399999999995	0.8372229999999999	0.511011	0.3816	0.8427530000000001	2.55856	0.691773	1.3861700000000001	1.2659200000000002	2.42046	2.74559	1.34279	1.0243799999999998	1.6581	0.740211	1.6715200000000001	0.792044	1.00468	0.75555	0.632429	5.09304	1.14895	0.502581	0.274667	2.3418799999999997	0.50022	0.273687	0.727982	0.371781	0.357122	0.523374	1.15394	3.4895199999999997	1.99888	0.0	1.5117200000000002	0.0	8.40254	1.0463	8.87369	7.2707	1.55768	0.9368920000000001	0.0	1.6051	2.3763400000000003	0.9157790000000001	1.13304	3.74948	0.517347	0.727352	1.80877	0.536189	1.7456200000000002	7.26435	0.379263	1.1090200000000001	0.409394	2.9944599999999997	0.607982	3.8505199999999995	1.51664	0.851558	5.05807	0.316531	1.8419	2.0270799999999998	6.583139999999999	4.78221	2.1052	1.9693900000000002	3.0192200000000002	8.039530000000001	7.90239	0.196406	1.48579	0.451879	0.119095	0.315175	0.117201	0.5920810000000001	0.845447	0.9023030000000001	0.373707	0.9292389999999999	1.93405	1.08235	0.5311130000000001	2.26018	0.8531549999999999	1.4146299999999998	0.98293	0.449358	0.635312	0.40129899999999996	0.477296	0.639893	1.32194	1.02385	0.718198	1.12955	1.08743	3.3306699999999996	0.0	0.856197	1.3047	0.379913	0.292378	1.760555	0.3731095	2.1070068059	0.917133	1.0696865	1.07451	0.612064
TP53	TP53-028	0.293604	0.974577	1.8845299999999998	2.841	2.77894	3.1686900000000004e-06	2.06731	2.35896e-06	0.485004	1.9517	0.444917	0.8933989999999999	1.23656	0.0	0.952421	2.40273	1.47595	3.72864e-07	0.759849	1.97545	1.75245	1.3519700000000001	0.0	1.0644200000000001	1.9583	8.14404e-07	0.815264	1.9627400000000002	2.5436799999999997	6.511909999999999	2.1017799999999998	7.757389999999994e-232	1.35392	4.76791	0.0108034	1.79584	0.588304	1.02042	4.11397	3.0964400000000003	1.39955	0.23148000000000002	7.447580000000001e-07	0.0	0.0	5.93041e-10	0.0	1.15553	0.944213	0.674928	2.42835	4.95429	0.979184	0.268599	2.6938	0.95896	4.12378e-07	4.11035	0.896194	1.67508e-05	0.91433	2.03253	3.2927699999999995	5.15611	1.0602200000000002	2.16689	0.614027	1.9555099999999999	1.7107	2.30406e-06	2.6332400000000002	2.56074	3.49084	4.19763	1.14085	0.0	0.8821610000000001	0.670646	0.000166065	2.30557e-09	1.355	0.0007249930000000001	1.38648	3.4489400000000003	11.5485	9.65851e-05	2.8755	6.33942e-07	6.40037	1.6141299999999998	0.0201107	4.25665	0.911082	6.14421	0.559629	2.0765	0.0038948999999999998	5.23492	0.9929870000000001	2.29027	0.0470034	0.000512053	0.628846	0.0	0.034677	1.9321099999999998	0.00945242	0.315814	0.0	1.38201e-05	1.0742399999999999	3.82895	4.1075	10.401	0.7446649999999999	2.70752	0.6765939999999999	10.4462	2.70749	3.86049	2.1730400000000003	0.00153666	2.1179799999999998	0.0	3.2324200000000003	3.37531	0.151669	7.2438	0.530411	3.20985e-05	1.7044599999999999	1.54214	9.7028e-07	8.59144e-09	0.507887	5.14889e-06	2.81194e-09	0.25843499999999997	1.34157e-05	1.93923	1.98875	0.0	0.00186708	7.244210000000001e-08	0.00846994	0.025777299999999996	0.803024	1.26167	0.014792600000000001	1.9205599999999998	2.76873	0.75431	2.4548400000000004	0.015543600000000001	1.14424	0.787007	0.00468536	0.545679	0.602683	2.4161300000000004e-09	1.725604	1.1578235	2.1070068059	0.53073	0.364690455	0.198520596494	1.505321
TP53	TP53-021	3.4389300000000005	19.1191	15.3598	25.410999999999998	22.7837	15.5592	19.5447	11.0373	1.6683599999999998	22.3548	22.9933	20.1334	12.2884	8.685789999999999	9.82465	22.3997	22.8182	13.6923	11.6014	16.6252	21.1885	17.7781	3.87605	17.616	37.4106	41.9189	20.6475	29.9341	16.6443	12.1767	10.559000000000001	0.017244799999999998	18.2101	66.0129	23.7732	21.1946	21.8185	21.5134	17.2369	17.0428	6.19308	0.0	17.4933	9.29158	13.6056	10.6078	18.2731	25.3377	49.893	31.1456	12.823	12.1918	4.28418	14.8367	33.8113	17.1029	18.4278	10.7477	18.0565	29.095	28.0417	32.2419	29.6627	29.1314	30.4394	28.9522	11.5942	30.2234	17.4743	16.090999999999998	10.0898	15.8438	12.2593	17.8832	26.3563	13.9871	6.49903	15.8612	18.4898	7.44	20.7385	11.2628	9.11196	29.9737	31.0139	11.4434	10.6097	26.9872	0.0	6.86446	21.4165	9.38691	0.857928	19.6794	4.17779	11.9013	9.41863	71.2937	24.2121	22.708000000000002	21.7882	9.30211	17.8514	6.51346	12.9633	38.1544	10.1919	14.0134	15.7182	24.0749	28.8794	0.3834	7.78198	36.0515	2.7039299999999997	20.5764	21.8012	32.4693	17.8822	8.96809	4.6903	21.5034	8.36478	13.4454	12.1418	17.4689	8.35098	18.8853	1.77462	2.09531	3.3523	0.28293	4.24295	10.460999999999999	17.4445	28.3426	20.9101	8.30856	14.0767	37.2635	13.2182	4.88227	9.962069999999999	22.0358	16.2203	13.5678	21.1544	14.7145	17.8485	25.9231	29.8613	33.0352	6.3947400000000005	8.40601	8.06519	9.2411	17.8999	28.5625	8.93878	25.6831	10.82985	26.6966	2.1070068059	24.6324	19.12685	2.02244	25.4516
TP53	TP53-025	0.09585010000000001	0.759686	0.12623	0.461859	0.46279499999999996	0.20865100000000003	0.338779	0.0	0.245423	0.0	0.302223	0.34574099999999997	0.07859889999999999	0.0	0.134246	0.105465	0.0	0.0	0.07192919999999998	0.0963632	0.209587	0.11666800000000001	0.298304	0.336814	0.18923800000000002	0.169731	0.8798600000000001	0.190115	0.0	0.340318	0.313479	2.2555399999999995e-152	0.0	0.0	0.259681	0.480163	0.43250500000000003	0.0	0.49926000000000004	0.180917	0.165676	3.5855900000000003	0.557109	0.19808800000000001	0.14877	0.0	0.391208	0.222194	1.0178399999999999	0.452482	0.0006863110000000001	0.390664	0.40586500000000003	0.0	0.42978299999999997	0.336981	0.525035	0.201738	0.5089130000000001	0.0911715	0.700939	0.920825	0.506811	0.728452	0.180154	0.0	0.462437	0.313498	0.100999	0.29901700000000003	0.345285	0.0	0.0	0.17795999999999998	0.427733	0.365249	0.44098100000000007	0.09853560000000001	0.19501500000000002	0.330895	0.0	0.0	0.0	1.67925	0.304555	0.0	0.29909	0.0987205	0.0	0.0	0.11189500000000001	0.105753	0.7489680000000001	0.21075300000000002	0.0	0.0	0.203556	0.663905	0.236551	0.220404	0.0174489	0.442179	0.14445	0.0	0.154711	1.40236	0.11381199999999998	0.11471500000000001	0.09161989999999999	0.0	0.0	0.0	0.257367	0.41809799999999997	0.379705	0.469372	0.0	0.472992	0.18101	0.0945208	0.087712	0.162152	0.062267499999999996	0.323902	0.161693	0.0995049	0.0	0.913166	0.0719404	0.136025	0.08906739999999999	0.103754	0.49881000000000003	0.0	0.0	3.3041100000000005e-05	0.17254	0.409757	0.0	0.76953	0.233328	0.6993779999999999	0.0	0.281514	0.0840424	0.0	0.102262	0.361217	0.0	0.358081	0.173914	0.92458	0.336303	0.0	0.0998041	0.0	0.375567	0.521266	0.0	0.26131	0.3326865	0.3178725	2.1070068059	0.0445567	0.361286	0.3266335	0.195876
TP53	TP53-029	0.436146	0.6757	1.69947	0.8976850000000001	1.39693	0.504339	1.04186	0.250042	0.43067700000000003	0.5038090000000001	0.998943	0.44372799999999996	0.369921	0.394637	0.058616800000000004	0.514676	0.67815	0.381445	0.24111100000000002	0.28425900000000004	0.314794	0.674981	0.30109600000000003	0.210767	0.9242520000000001	0.29289499999999996	0.45061599999999996	0.267497	0.464008	1.0634299999999999	3.6499900000000003	0.0271871	0.9262090000000001	3.5207300000000004	0.382828	0.533168	0.921961	0.519141	0.406031	0.9297139999999999	7.6631100000000005	0.0269555	1.7174200000000002	0.403646	0.843514	0.343668	0.812094	0.757591	1.5081200000000001	1.04593	0.5623319999999999	0.692844	0.640652	0.437666	1.14184	0.28922800000000004	0.5969180000000001	0.32008200000000003	1.18167	1.7893	1.8835400000000002	1.83952	1.17887	2.07085	1.1351200000000001	1.2474	0.328878	1.71508	0.6345609999999999	0.435008	0.399183	0.845935	0.226147	0.390517	5.25544	0.586056	0.346591	1.11271	0.664247	0.575288	0.645708	0.227271	0.579339	1.59412	0.755875	0.797497	0.282156	1.45199	0.480996	0.755714	1.01944	0.5537380000000001	0.337969	1.1792200000000002	0.292919	1.0692700000000002	0.0626055	5.53737	10.8421	0.764456	0.677524	0.253774	1.12855	0.578022	0.47504399999999997	2.29755	0.5223399999999999	0.303894	0.21345100000000003	0.529998	0.734784	0.32704	0.430233	1.29324	0.327851	0.8354600000000001	0.748505	1.30589	0.5147550000000001	0.265479	0.600869	1.3030899999999999	0.5173369999999999	5.71684	1.4482899999999999	0.615668	0.34282399999999996	1.0529899999999999	0.243285	0.0717745	0.41137799999999997	0.042917800000000006	0.330328	0.640165	0.835024	0.461217	1.54634	16.5742	3.48715	4.31457	0.8257909999999999	1.46236	0.543431	1.04536	0.382859	0.6540020000000001	0.63734	0.47030900000000003	4.02121	1.9848599999999998	0.856716	1.14829	0.15323900000000001	0.208135	0.72195	0.22945500000000002	0.782488	1.4985899999999999	0.337094	2.26737	0.3718655	0.568281	2.1070068059	0.6790635	0.675297	0.4240485	0.8653575
FLG	FLG-001	0.012436200000000001	0.0651983	0.00670961	0.034753	0.051700800000000005	0.017816299999999997	0.018062799999999997	0.0	0.12526400000000001	0.00820877	0.0167667	0.013422899999999998	0.019577200000000003	0.0753217	0.072074	0.00475692	0.0327975	0.0	0.00175944	0.128131	1.15005	0.0240611	0.169703	0.00910728	0.0103449	0.0133999	0.0390606	0.028995	0.044423199999999996	0.012874799999999999	0.0489825	0.0	0.010304899999999999	0.00266119	0.00476173	0.0284562	0.363559	0.00776007	0.0743819	0.8216950000000001	0.0176453	0.00779283	0.0846636	0.016687200000000003	0.438036	0.0662667	0.012701299999999999	0.07469239999999999	1.4173799999999999	0.0241621	0.0065494	0.191117	0.111572	0.021106200000000002	0.237844	0.010991299999999999	0.0139665	0.0055052	0.027674900000000002	0.0501421	0.00447529	0.0149416	0.0237248	0.0320738	0.0265818	0.0580549	0.471307	0.07272139999999999	0.0258808	0.0440213	0.0116586	0.017517599999999998	0.0	0.10248299999999999	0.0	0.010880599999999999	0.0058956	1.18412	0.0435791	0.209671	0.390356	0.00756806	0.018646	0.0125899	0.037087800000000004	0.034979699999999996	0.23128200000000002	0.027220599999999998	0.0	0.0	0.100675	0.059788	0.00215898	0.8212219999999999	0.0	0.0277156	0.00527254	0.049298800000000004	0.0152651	0.254229	0.100398	0.204455	1.47105	0.0120242	0.009141799999999999	0.0135269	0.24120100000000003	0.0929324	0.10772999999999999	0.390357	0.051684400000000005	0.222579	0.034384	0.136803	0.005949899999999999	0.0	0.0830418	0.13303800000000002	0.698891	0.00237332	0.0319688	0.00250094	0.0637314	0.0	0.00784593	0.00290048	0.0248552	0.028333799999999996	0.013489600000000001	0.176636	0.199469	0.293684	0.10720199999999999	0.014942600000000002	0.021812900000000003	0.013681899999999999	0.0854047	0.0131869	0.00305773	0.00282635	0.03306219999999999	0.20680700000000002	0.0	0.00794178	0.015530100000000002	0.0816365	0.16103399999999998	0.6087	0.0291485	0.0453092	0.0	0.0359702	0.056300499999999996	0.036981400000000005	0.0100586	0.0835428	0.046984	0.0932995	0.169424	0.421862	1.55280575	0.18772255	2.1070068059	0.1408877	0.02909775	0.4814765	0.08590605
LCE1C	LCE1C-002	0.0	0.0	0.0	0.0	0.0	0.0	0.0	1.6526	0.0	0.0	0.0	0.0	0.0	0.0	0.0	0.0	0.0	0.0	0.0	0.0	0.0	0.0	0.0	0.816723	0.0	0.0	0.0	0.0	0.0	0.0	0.0	0.24535900000000002	0.0	0.0	0.44567700000000005	0.0	0.0	0.0	0.0	0.0	0.0	0.80882	0.0	0.0	0.0	0.0	0.0	0.197045	0.0	0.0	0.0	0.0	0.0	0.0	0.0	0.0	0.0	0.0	0.0	0.0	0.0	0.0	0.0	0.0	0.0	0.0	0.0	0.0	0.0	0.0	0.0	0.0	0.0	0.9631200000000001	0.0	0.0	0.43242600000000003	0.0	0.0	0.0	0.0	0.0	0.0	0.0	0.0	0.0	0.0	0.0	0.0	0.0	0.0	0.0	0.0	0.0	0.0	0.0	0.0	0.0	0.0	0.0	0.0	0.0	0.0	0.0	0.0	0.0	11.3128	0.0	0.0	0.25892	0.0	0.0	0.0	0.0	0.0	0.0	0.0	0.0	0.339251	0.0	0.0	0.0	0.0	0.0	0.0	0.0	0.0	0.0	0.0	0.0	0.0	0.0	0.470942	0.0	0.0	0.0	0.0	0.0	0.0	0.0	0.0	0.0	0.0	0.0	0.0	0.0	0.0	0.0	0.0	0.0	0.0	0.0	0.0	0.0	0.0	0.0	0.0	0.0	0.0	0.0	0.0	0.0	2.1070068059	0.2991835	0.0	0.0	0.0
LCE1C	LCE1C-001	0.0	0.0	0.0521966	0.0	0.0	0.0	0.0	2.87888	0.877705	0.036247900000000007	0.0	0.0	0.0498092	0.245333	0.042811400000000006	0.0	0.0	0.152672	0.040345400000000003	0.051705799999999996	0.0	0.536809	0.167097	0.0	0.0	0.10421099999999998	0.0	0.0	0.0	0.0	0.0	0.0	0.0579932	0.121681	0.0	0.0	0.0	0.0	0.0	0.0	0.0	3.8293800000000005	0.273308	0.0	0.0	0.0986407	0.0	0.172559	0.152452	0.0	0.20148	0.0	0.0	0.0	0.0585873	0.049242	0.0	0.0	0.09368430000000001	0.0627296	0.0	0.0	0.465215	0.0	0.0	1.0666	0.30257399999999995	0.06686610000000001	0.124199	0.0	0.0	0.0	0.0427593	1.9986	0.0531504	0.14956	0.43095	0.061345699999999996	0.0	0.0	0.0	0.0	0.0	0.0	0.135435	0.0	0.0609721	0.0	0.511586	0.0	0.21947199999999997	0.0504348	0.0	0.137019	0.0	0.0	0.0	0.0	0.0	0.0	0.0	0.0	0.355004	0.108393	0.0	0.556132	87.986	0.0	0.07067999999999999	0.0598659	0.133992	0.0	0.0	0.0	0.0	0.0	0.0	0.264185	1.9217400000000002	0.0	0.0	0.0	0.0399336	0.0561601	0.12031700000000001	0.0	0.0	0.0	0.0	0.0	0.0	0.0	0.0	0.0	0.34031	0.10711400000000001	0.0	0.0	0.0	0.0	0.0	0.0	0.117318	0.0	0.0	0.0	0.0619451	0.174009	0.0	0.0	0.0	0.43518100000000004	0.20773899999999998	0.0	0.056527999999999995	0.0	0.0	0.0	0.0	0.0	0.111275	0.1366176	2.1070068059	0.09466425	0.7824	0.414531	0.13565105
LCE1B	LCE1B-001	0.0	0.0	0.0	0.0	0.0	0.0	0.0293025	0.11235	0.0	0.0	0.0	0.0	0.0	0.0	0.0243818	0.0	0.0	0.0291183	0.0	0.0	0.0	0.0	0.0	0.0	0.0	0.029270799999999996	0.0	0.0	0.0	0.0	0.0	0.0	0.0	0.0	0.0	0.0	0.0	0.0	0.0	0.0	0.027905400000000004	0.11673299999999999	0.0	0.0	0.0	0.0	0.0	0.0	0.0	0.033351900000000004	0.0	0.0	0.0	0.0	0.0	0.0	0.0	0.0	0.025117700000000003	0.0	0.0	0.0	0.0	0.0	0.0	0.0	0.0	0.0	0.0	0.0	0.0	0.0	0.0	0.0	0.0	0.0	0.0	0.0	0.0	0.0	0.0	0.0	0.0	0.0	0.0	0.0	0.0	0.0	0.0	0.0398631	0.0	0.0	0.0	0.0	0.0	0.0	0.0	0.0	0.0	0.0	0.0	0.0	0.0317481	0.0	0.0	0.0	0.754587	0.0	0.0	0.0	0.0	0.0	0.0	0.059811800000000005	0.0	0.0	0.0	0.0965972	0.0	0.027888999999999997	0.0	0.0	0.0426635	0.0	0.0	0.0	0.0	0.0	0.0	0.0	0.0304001	0.0	0.0	0.0	0.0	0.0	0.0	0.0	0.0	0.0	0.0	0.0	0.0	0.0	0.0	0.0	0.0	0.0	0.0	0.0	0.0	0.0	0.023921500000000002	0.0	0.0	0.0	0.0	0.0	0.0	0.0	0.0	0.0	2.1070068059	0.0	0.0181278	0.0	0.0
LCE1F	LCE1F-001	0.0	0.0	0.0	0.144097	0.131663	0.0	0.0	0.0	0.0	0.0	0.0	0.0	0.0	0.0	0.0	0.0	0.0	0.0	0.0	0.0	0.0	0.0	0.12758699999999998	0.0	0.0	0.0	0.0	0.0	0.0	0.0	0.0	0.0	0.0	0.0	0.0	0.0	0.0	0.0	0.0	0.0	0.0	0.0	0.0	0.0	0.0	0.0	0.0	0.0	0.0	0.0	0.0	0.0	0.0	0.0	0.0	0.0	0.0	0.0	0.0	0.0	0.0	0.0	0.0	0.0	0.0	0.0	0.0	0.0	0.0	0.0	0.0	0.0	0.0	0.0	0.0	0.0	0.0	0.0	0.0	0.0	0.0	0.0	0.0	0.0	0.0	0.0	0.0	0.0	0.0	0.0	0.172627	0.0	0.0	0.0	0.0	0.0	0.0	0.0	0.0	0.0	0.0	0.0	0.0	0.0	0.0	0.0	1.85136	0.0	0.0	0.0	0.0	0.0	0.0	0.0	0.0	0.0	0.0	0.202798	0.0	0.0	0.0	0.0	0.0	0.0	0.0	0.0	0.184479	0.0	0.0	0.0	0.0	0.0	0.0	0.0	0.0	0.125281	0.0	0.0	0.0	0.0	0.0	0.0	0.0	0.0	0.0	0.0	0.0	0.0	0.0	0.0	0.0	0.0	0.0	0.0	0.0	0.0	0.0	0.0	0.0	0.0	0.0	0.0	2.1070068059	0.0	0.0	0.1550615	0.0
LCE1D	LCE1D-001	0.0	0.0	0.0	0.0	0.0	0.391701	0.0	0.874848	0.9177069999999999	0.0	0.0	0.0	0.0	0.0930803	0.0	0.0	0.0	0.0888068	0.0	0.0	0.0	0.12075699999999999	0.200126	0.0	0.0	0.461001	0.0	0.0	0.0	0.0	0.140708	0.025072	0.0	0.0	0.0	0.0	0.243887	0.0	0.0	0.0	0.0	0.06848939999999999	0.0	0.0	0.0	0.0	0.0	0.0	0.0	0.0	0.27584000000000003	0.0	0.307694	0.0	0.0	0.0	0.0	0.0	0.0	0.478793	0.0	0.0	0.10327599999999999	0.0	0.114561	0.224496	0.14572100000000002	0.240344	0.569659	0.0	0.0	0.0	0.0	0.360591	0.096276	0.55896	0.46271	0.0	0.0	0.0	0.0	0.0	0.0	0.0	0.699106	0.0	0.0	0.0	0.0	0.0	0.0	0.0	0.0	0.0	0.0	1.09348	0.0	0.126112	0.0	0.0	0.0	0.0	0.703091	0.0	0.0	0.25711300000000004	0.0	0.0	0.141973	0.22679699999999997	0.0	0.0	0.24756399999999998	0.0	0.0	0.0	0.0	0.32664699999999997	0.09187739999999998	0.0	0.0	0.10715799999999999	0.755478	0.0	0.12135	0.0	0.0	0.21639299999999997	0.0	0.0937599	0.0	0.0	0.0	0.0	0.0	0.0	0.0	0.0	0.13051	0.0	0.22003699999999998	0.15357200000000001	0.15129	0.0	0.0	0.0777262	0.111068	0.0	0.0	0.0	0.23403600000000002	0.113843	0.154644	0.0	0.10722000000000001	0.0	0.0	0.339546	0.0	0.0	0.0	0.0	2.1070068059	0.261754	0.0	0.1179285	0.0
LCE1A	LCE1A-001	0.0	0.0	0.0	0.0	0.0	0.0	0.0	0.0	0.270142	0.0	0.0	0.0	0.0	0.09635729999999999	0.0	0.0	0.0	0.0	0.0	0.0	0.0	0.153329	0.101884	0.0	0.0	0.0	0.0	0.0	0.0	0.0	0.0	0.0	0.0	0.0	0.107424	0.0	0.0	0.0	0.0	0.0	0.0	0.0	0.0	0.0	0.0	0.0	0.0	0.0	0.0	0.0	0.0	0.0	0.0	0.0	0.0	0.0	0.0	0.0	0.0908343	0.0	0.0	0.0	0.0	0.0	0.0	0.0	0.0	0.0	0.116835	0.0	0.0	0.0	0.0	0.0	0.0	0.0	0.0	0.0	0.0	0.0	0.0	0.0	0.0	0.0	0.0	0.0	0.0	0.0	0.0	0.0	0.0	0.0	0.0	0.0	0.0	0.745999	0.0	0.0	0.0	0.0	0.0	0.0	0.0	0.0	0.0	0.0	0.0	0.0	0.0	0.0	0.0	0.0	0.0	0.0	0.0	0.0	0.0	0.0	0.0	0.0	0.0	0.0	0.0	0.0	0.0	0.0	0.0	0.0	0.0	0.0	0.0	0.0	0.0	0.0	0.0	0.0	0.0	0.0	0.0	0.0	0.0	0.0	0.0	0.0	0.0	0.0	0.0	0.0	0.0	0.0	0.0	0.0	0.0	0.0	0.0	0.0	0.0	0.0	0.0	0.0	0.0	0.0	2.1070068059	0.068649	0.0	0.0	0.0
