index	Transcript	AB4C	AAZ9	AAVO	AAVM	AAVL	AAVK	A9WE	A9Q1	A9Q0	A9PZ	A9PX	A9PV	A9PU	A9PR	A9PQ	A9PP	A9PO	A9PN	A9PM	A9PL	A9PK	A9PJ	A9KH	A9KF	A9KE	A9KC	A9KA	A9K9	A9K8	A9K6	A9K4	A9K3	A9K2	A9K0	A9JZ	A9JY	A9JW	A9JV	A9JU	A9JT	A9JS	A9JR	A9JQ	A9JP	A9JO	A9JN	A9JM	A9JL	A9JK	A9JJ	A9JI	A9JG	A9JE	A9JD	A9J9	A9J8	A9J7	A9J6	A9J5	A9J3	A9J2	A9J1	A9G9	A9DD	A9DC	A97G	A93Y	A93X	A93W	A8YI	A8YH	A8S1	A8S0	A8RZ	A8NY	A8LE	A8LD	A8LC	A8LB	A8I2	A898	A897	A896	A895	A894	A857	A856	A855	A854	A83W	A83V	A83T	A83S	A7VF	A7UZ	A7SU	A7SS	A7SR	A7SQ	A7SP	A7SO	A7SN	A7SM	A7SL	A7Q0	A7HT	A772	A75Z	A74V	A71W	A71V	A71U	A71S	A71R	A6W5	A6M9	A6M8	A6HP	A6GE	A6GD	A69E	A657	A656	A655	A654	A5Z9	A5Z8	A5Y1	A5Y0	A5XZ	A5W9	A5W8	A5W7	A5QZ	A5NU	A5NL	A5NK	A5NJ	A5NI	A5NH	A5NF	A5EB	A5EA	A5E7	A5E6	A5DU	A5DJ	A59T	A562	A561	A560	A55Z	A55W	A4TM	A4JJ	A4EM	A48D	A47O	A47N	A47M	A44B	A40Y	A40X	A40U	8630	8537	8518	8517	8516	8515	8500	8312	8311	8310	8196	8195	8121	8098	7997	7996	7963	7915	7842	7841	7840	7839	7838	7837	7836	7834	7828	7773	7734	7732	7585	7584	7583	7502	7501	7332	7288	7287	7286	7268	7173	7130	7129	7128	7062	7060	7058	7056	7053	7050	7049	7048	6797	6796	6795	6793	6792	6790	6789	6720	6135	5903	5902	5901	5893	5892	5889	5886	5885	5883	5881	5880	5876	5561	5560	5398	5156	5155	4617	4117	4116	4114	4113	4104	4103	3926	3925	3473	3472	3471	3468	3467	3466	A9PS	A9DE	A8RY	A5ED	A5E8	A59R	A57E	A4ZT	7966	7061	7059	7055	7051	7046	7045	7044	6846	6134	6133	6132	6131	5894	5891	5890	5888	5887	5884	5882	5879	5878	5877	5875	4115
TP53	TP53-001	0.0	13.2909	3.36711	5.37493	0.360578	2.9558400000000002	6.00421	3.9581699999999995	0.0	5.41167	7.12407	8.03001	9.55697	6.3976	10.4233	7.2952699999999995	5.69982	7.09595	7.0898699999999995	2.2583	5.82552	10.5985	2.18223	1.00701	3.14584	10.1965	5.23722	6.1762	1.9478400000000002	2.1389	4.34696	1.50819	0.0	7.63765	7.774139999999999	1.63644	0.551457	5.07873	2.91105	0.0	12.7119	8.63215	0.0	0.618901	1.6965400000000002	4.04885	3.6151	2.37784	6.26021	9.20854	5.94102	4.84074	0.791307	5.4752	9.59199	10.2647	6.31693	4.3655800000000005	1.24454	6.889660000000001	0.784179	3.21237	0.158218	4.68812	9.525139999999999	8.54716	5.2744800000000005	9.02317	1.9001	2.43732	6.4932	4.4318	9.78815	8.062439999999999	10.4518	7.4681	16.2082	0.0429483	0.00629849	9.354449999999999e-07	2.30933	5.04793	5.25285	4.61223	10.4788	3.07804	1.3674899999999999	2.73943	0.17874	3.8143	4.8684	7.67212	2.11654	2.66676e-07	0.6256659999999999	1.6177	1.05521	3.2848300000000004	8.55414	9.13499	2.43762	4.04058	3.68799	1.55586	2.1097599999999996	7.042999999999999	5.96496	11.1052	5.27958	7.868410000000001	6.75588	5.857069999999999	4.89677	0.501426	7.896139999999999	0.0	2.9186	0.146256	0.269196	2.61036	4.2407699999999995	6.188280000000001	0.687775	3.22395	0.00020894299999999998	1.06067	5.50856	11.9131	5.9547099999999995	6.916460000000001	11.6235	5.26675	8.24972	0.0	3.32657	4.0774300000000006	3.7777	4.28001	0.922283	9.249419999999999	6.98283	6.288119999999999	1.04205	5.19796	6.37221e-07	0.776505	0.0	3.47983	0.0882847	6.29745	1.62618	0.8642629999999999	3.8487400000000003	5.3945099999999995	16.7198	4.46606	3.76833	0.415626	0.06398290000000001	5.81101	1.9618	7.43625	2.68925	1.7977599999999998	7.7066	8.04628	3.76635	5.76195	8.58008	10.3447	3.75189	2.7319400000000003	7.29236	10.2714	9.96304	3.4234	9.67959	9.86885	7.09845	11.5958	2.42377	5.18227	13.4104	3.59091	2.72707	6.54021	7.31243	4.4355	2.87709	1.21849	6.24003	11.2699	19.2539	1.0844799999999999	4.16384	5.0473300000000005	15.7222	3.6161300000000005	6.829439999999999	7.63103	13.4312	1.6873900000000002	15.5332	12.0004	0.36833699999999997	7.625769999999999	15.4056	7.5217	5.52196	7.85942	0.23485999999999999	1.74489	5.53402	3.0070200000000002	5.22583	5.70596	8.09022	1.25483	0.120031	5.66729	5.8778	15.6527	2.88813	2.01752	6.33389	11.5968	6.524859999999999	6.5437199999999995	11.1292	9.707139999999999	1.80193	0.331692	0.313619	7.82931	0.251724	0.601489	14.8773	0.00514562	0.0	8.60466	11.8176	15.5687	1.311	10.7683	9.194289999999999	0.713661	5.984319999999999	8.85753	9.83123	10.8338	11.7758	3.00295	0.318362	0.0	4.8600900000000005	12.6088	3.353	5.94327	3.54339	4.916345	1.96826	2.94709	4.191895	2.377715	6.003565	18.3626	5.15228	4.584275	2.05494	12.90539	7.111175	7.756565	4.534155	7.86804	6.378105	9.23793	9.574515	5.657875	7.9824965	12.779525	4.237275	2.97626	3.1326915	5.402155	5.50091	8.102725	8.27454	4.43276	5.377385	3.555455
TP53	TP53-019	0.0261786	0.669142	0.142801	0.190024	0.648678	0.114168	0.204102	0.0	0.0	1.2408	0.359452	0.576487	0.663138	0.54135	0.463711	0.486518	0.386063	0.9750780000000001	0.101062	0.380981	0.49992	0.24415599999999998	0.186887	0.25440799999999997	0.0692363	0.555024	0.228633	0.07983960000000001	0.13231800000000002	0.0579419	0.625001	0.0265844	0.171995	0.0819076	0.156405	0.464783	0.0830541	0.24789	0.165568	0.0283829	1.14806	0.523247	0.28883400000000004	0.0705337	0.0363392	0.0769512	0.20947399999999997	0.201801	0.347821	0.43476899999999996	0.328017	0.046399199999999995	0.168264	0.122438	0.0710539	0.24551199999999998	0.351758	0.108143	0.262061	0.398403	0.0	0.169449	0.187451	0.11767899999999999	0.344644	0.06980610000000001	0.06967489999999998	0.26171700000000003	0.433255	0.053367599999999994	0.18666300000000002	0.0539102	0.389901	0.34294	0.8416540000000001	0.507631	0.462343	0.562433	0.346835	0.187973	0.18851800000000002	0.32153200000000004	0.08441989999999999	0.7271890000000001	0.403289	0.176258	0.129905	0.112603	0.549441	0.36896100000000004	0.09110599999999999	0.0540962	0.145503	0.41874399999999995	0.253391	0.33027399999999996	0.313712	0.135363	0.8926700000000001	0.312454	0.0	1.15495	0.159776	0.248804	1.1407	0.30509400000000003	0.222625	0.137875	0.33250799999999997	0.216498	0.5762550000000001	0.15279700000000002	0.0	0.45065600000000006	0.25356	0.26024	0.12626199999999999	1.1642	0.295568	0.117549	0.09693070000000001	0.426997	0.07762580000000001	0.235657	0.153623	0.218782	0.756095	0.483475	0.11250299999999999	0.570183	0.80078	4.20006	0.510847	0.347414	0.32537699999999997	0.48511800000000005	0.381682	0.5936819999999999	0.26045799999999997	0.32064699999999996	0.0927034	0.336481	0.9174540000000001	0.357352	0.0697529	0.177172	0.444679	0.434307	3.37984	0.370311	0.159907	0.17978	0.134795	0.398181	0.800826	0.186874	0.0533845	0.08506319999999999	0.32711	0.282401	0.0296957	0.45228999999999997	0.276171	0.132097	0.48145	0.139473	0.180412	0.227448	0.532189	0.38590599999999997	0.296531	0.192597	0.57839	0.0917307	0.0	0.0	0.268948	0.307325	1.33693	0.22194099999999997	0.20264300000000002	0.15945299999999998	0.511001	0.194246	0.06887510000000001	0.460621	0.155428	0.599703	0.343198	0.0900697	0.167756	0.131954	0.195972	0.290963	1.71632	0.179025	0.862698	0.322807	0.0992346	0.337667	0.361116	0.9537389999999999	0.151435	0.234634	0.19728900000000002	0.358729	0.27523200000000003	0.137626	0.351557	0.401414	0.0515696	0.09153170000000001	0.291051	0.5375479999999999	0.053840099999999995	0.1584	0.599171	0.0735885	0.138382	0.378483	0.200427	0.44204499999999997	0.043784300000000005	0.0641151	0.414915	0.317984	0.530201	2.3858900000000003	0.7351300000000001	0.348987	0.23952199999999998	0.049508699999999996	0.652836	0.31190999999999997	0.559938	0.06437419999999999	0.47467700000000007	0.348563	1.12571	0.0761298	4.36854	0.6323409999999999	0.125584	1.1443	1.93471	0.138015	0.884558	0.609378	0.763886	0.459797	0.96057	0.261007	0.601701	0.26234	0.407498	0.35446500000000003	0.751374	0.3425265	0.322355	0.354095	0.243627	0.25396	0.478531	0.2094755	0.439707	0.664447	0.2735925	0.375476	0.146104	0.679798	0.417156	0.2506625	0.10646095	0.384741	0.1625555	0.9823765	0.413686	0.171384	0.5816405	0.489745	0.1261373	0.1960385	0.1337523	0.5322595	0.3461345	0.324714	0.3297095	0.394124	0.30012305	0.283336
TP53	TP53-018	0.0784812	0.20753200000000002	0.051114	0.0	0.217098	0.07083099999999999	0.416653	0.06088009999999999	0.0	0.201571	0.0809477	0.544686	0.440504	0.49678	0.378179	0.202299	0.0	0.31845300000000004	0.0	0.483228	0.0	0.0638802	0.207635	0.19100599999999998	0.16953900000000002	0.11748099999999999	0.312526	0.134292	0.167968	0.211788	0.22092399999999998	0.028606200000000002	0.0788836	0.0937475	0.12213900000000001	0.11953499999999999	0.0232567	0.125895	0.09568660000000001	0.06823939999999999	0.36195700000000003	0.429654	0.0	0.0266711	0.0	0.057191099999999995	0.0729102	0.362252	0.105229	0.410825	0.139205	0.146582	0.0624005	0.07311770000000001	0.296628	0.375517	0.0392969	0.254382	0.0441972	0.11826700000000001	0.0	0.0817572	0.06944960000000001	0.0786157	0.261911	0.0	0.0	0.0	0.113614	0.0991978	0.554497	0.0	0.361125	0.296885	0.15648800000000002	0.196756	0.42412299999999997	0.0894977	0.08222639999999999	0.0	0.263407	0.384146	0.0840082	0.289348	0.436001	0.062476699999999996	0.289222	0.102744	0.0974656	0.28463099999999997	0.148921	0.0	0.0	0.0402436	0.0	0.339708	0.140039	0.06969	0.37719	0.331322	0.270327	0.0	0.219457	0.0417041	0.22073800000000002	0.472732	0.436841	0.573729	0.143777	0.25158400000000003	0.3209	0.42313500000000004	0.9515549999999999	0.39008699999999996	0.048133300000000004	0.061712800000000005	0.0	0.169441	0.156114	0.0775942	0.10881300000000001	0.033171	0.0245402	0.049337099999999995	0.0301048	0.113372	0.347525	0.8218129999999999	0.0	0.0712454	0.0538	0.0594069	0.05506619999999999	0.131187	0.304678	0.153104	0.131852	0.77966	0.0992298	0.306782	0.0836058	0.102823	0.058128	0.480824	0.0546361	0.705901	0.0285188	0.0	0.12008599999999998	0.0	0.0697838	0.333531	0.49899	0.20252799999999999	0.105549	0.104877	0.057452800000000005	0.102128	0.140182	0.171807	0.104617	0.0940575	0.30671	0.0735201	0.0714187	0.16187100000000001	0.063465	0.11941700000000001	0.165588	0.198641	0.11018299999999999	0.05350509999999999	0.554495	0.186724	0.668227	0.039264099999999996	0.621892	0.313456	0.332923	0.291037	0.0	0.057251699999999996	0.38017399999999996	0.0982361	0.0977198	0.185835	0.0	0.049997	0.083599	0.100874	0.053527099999999994	0.0741435	0.15326099999999998	0.252187	0.14788900000000002	0.22434400000000002	0.260102	0.258182	0.121148	0.0	0.264382	0.2551	0.0	0.154303	0.035942800000000004	1.34789	0.151361	0.103302	0.256407	0.142442	0.0	0.23600900000000002	0.227106	0.12063199999999999	0.239341	0.15086	0.922034	0.0286376	0.0826226	0.21621100000000001	0.151085	0.09112569999999999	0.177493	0.034535699999999996	0.903625	0.23624	0.39564699999999997	0.0	0.10905899999999999	0.25804099999999996	0.026910900000000005	0.0	0.785656	0.179383	0.0	0.0	0.0	0.36428499999999997	1.62414	0.12115999999999999	0.134326	0.282895	0.165767	0.593391	1.24916	0.13031500000000001	0.366174	0.736581	1.11952	0.412637	0.348481	0.08489889999999999	0.205339	2.78505	0.646263	1.51044	4.4989099999999995	0.3493275	0.62164265	0.2716875	0.077183	0.1894915	0.3760245	0.2455595	0.20066105	0.38883865	0.229554	0.15783	0.138923485	0.25961	0.1920475	0.1425535	0.188875	0.114096	0.1151726	0.2717295	0.294676	0.3014525	0.1018705	0.2075935	0.1180165	0.3619625	0.1849575	0.2800865	0.132987	0.186807	0.1197235	0.2371575	0.06244605	0.1009735
TP53	TP53-005	0.0	0.0	0.118869	0.0	0.0	0.0	0.568919	0.0557654	0.0	0.125136	0.351051	0.13408599999999998	0.31861	0.644129	0.343142	0.207103	0.269295	0.0	0.0	0.386625	0.07534489999999999	0.0	0.0	0.607413	0.0	0.0630473	0.0836025	0.31737	0.0	0.0653314	0.7224430000000001	0.10239	0.0	0.0581702	0.14649500000000001	0.198727	0.0	0.287026	0.119423	0.0	0.313893	0.0	0.0	0.0861643	0.0600354	0.0	0.34205399999999997	0.608186	0.141744	0.136914	0.394097	0.146561	0.0	0.267031	0.151662	0.258114	0.786555	0.403816	0.0	0.549433	0.0	0.0859995	0.233265	0.188028	0.18888	0.0685786	0.284585	0.164805	0.414206	0.0593097	0.802303	0.0	0.0	0.107725	0.093489	0.378238	0.46540299999999996	0.226208	0.0	0.106244	0.0	0.0813591	0.171974	0.444895	0.094104	0.0	0.11971099999999998	0.125486	0.0	0.126551	0.0	0.11790999999999999	0.0900258	0.144715	0.0	0.248773	0.0733192	0.165794	0.544922	0.07069500000000001	0.0410958	0.0	0.30243000000000003	0.165925	0.0	0.401406	0.463267	0.8542690000000001	0.140097	0.20422300000000002	0.40936100000000003	0.389419	0.0	0.8315	0.0	0.352664	0.0	0.0	0.268563	0.383463	0.0	0.38040999999999997	0.0653982	0.0	0.14538199999999998	0.359003	0.253841	0.108701	0.0	3.8800900000000005e-06	0.0	0.212704	0.0738528	0.0	0.221241	2.20551e-08	0.0	0.47353599999999996	0.0721529	0.30919800000000003	0.0	0.294055	0.23234699999999997	0.95434	0.350555	0.34449	0.0	0.621326	0.0	0.0	0.0	0.139316	0.659725	0.49722799999999995	0.19054000000000001	0.165639	0.072365	0.09114080000000001	0.07939589999999999	0.243581	0.0	0.782431	0.24215100000000003	0.0	0.129804	0.0	0.0	0.270097	0.265522	0.435468	0.132139	0.0760444	0.0881816	0.205277	0.0	0.0	0.380024	0.236544	0.34014099999999997	0.28421	0.12250599999999999	0.0	0.264449	0.47112200000000004	0.638352	0.258907	0.652403	0.0443054	0.0	0.787483	0.190749	0.099445	0.153649	0.8983030000000001	0.0	0.0	0.25498200000000004	0.10672999999999999	0.25059699999999996	0.0958832	0.139953	1.7492299999999998	0.519421	0.187637	0.184557	0.0	0.47347	0.151609	0.25729	0.172074	0.0	0.163867	0.0771001	0.064835	0.10698599999999998	0.313704	0.0	0.0	0.06436990000000001	0.062962	0.21808000000000002	0.0	0.271314	0.416558	0.0910724	0.201295	0.174793	0.28726999999999997	0.64247	0.0	0.0	0.0	0.48531199999999997	0.00744829	0.0	0.0	1.11391	0.225644	0.5556760000000001	0.174405	0.0439161	0.282127	0.0	0.736388	0.779098	0.0	0.071575	0.981743	0.7348140000000001	0.08594199999999999	0.508066	0.258892	0.145217	0.0	0.0840057	0.435382	0.0	0.0889515	0.20986115	0.3298295	0.0	0.121439	0.4720765	0.276709	0.1527475	0.0	0.0645852	0.0	0.0	0.02194525	0.2575769	0.1068625	0.02240405	0.1109245	0.1691223	0.1050195	0.1163715	0.0	0.03995385	0.0615055	0.2071263	0.1147785	0.1728765	0.0	0.119732	0.0253851	0.283038	0.0583985	0.0850545	0.1238247
TP53	TP53-002	0.21670100000000003	4.7082	4.07866	2.8369400000000002	1.23471	2.04135	2.85708	0.730966	4.485119999999999	4.14445	3.40099	2.1080799999999997	3.78628	6.66933	5.20865	4.87465	1.93124	13.1887	8.36764	4.0690800000000005	3.0176	4.09354	2.25795	1.7018900000000001	2.90936	1.30094	1.1164100000000001	5.05845	4.976459999999999	3.47825	9.24726	3.5844199999999997	0.46501499999999996	2.90757	2.8012599999999996	1.80092	1.7883900000000001	3.70327	4.51231	0.16430799999999998	2.88993	3.7254699999999996	0.0	1.17381	1.6864299999999999	1.21817	4.48409	2.79189	3.4318	0.952909	2.95573	4.34845	4.3019099999999995	2.02242	4.6893400000000005	4.89971	2.86062	4.75554	0.907323	8.313089999999999	2.10283	3.68145	1.74445	4.42574	3.8568599999999997	3.12303	2.4293400000000003	9.900830000000001	4.56806	1.2192	4.06914	4.00973	4.434769999999999	4.68035	16.6895	7.1070899999999995	7.270010000000001	0.331167	0.0	0.23990799999999998	2.89462	4.1460300000000005	2.4210599999999998	8.96159	2.13707	0.899518	0.7299220000000001	5.26512	0.497508	0.694685	3.4896199999999995	8.84173	3.13079	0.110694	11.2801	3.76704	1.13655	5.72686	10.2312	0.744715	0.455658	1.74279	2.73917	1.80755	4.11485	3.79814	8.05851	5.06147	3.1005599999999998	2.54068	3.8875	3.2462400000000002	12.3744	0.267178	3.9491199999999997	0.23490999999999998	0.714041	0.15859	0.415893	2.45572	3.36105	7.0242	0.675722	0.5323869999999999	1.40204	5.77093	7.98678	3.65481	5.02635	2.02579	7.64301	5.89279	4.71319	0.0	3.03843	4.61921	2.4481	6.21244	0.0115167	10.064	3.64244	9.4455	0.000165253	7.438839999999999	1.53869	3.5542300000000004	0.871251	6.615010000000001	0.0	8.73663	4.52377	0.34780900000000003	4.96985	6.15574	14.651	3.8166599999999997	3.35834	0.520271	0.0669547	7.18617	2.48825	14.3578	2.78494	2.7784400000000002	5.429790000000001	5.0061599999999995	3.9237900000000003	3.4466300000000003	5.7467	8.245289999999999	7.3473	3.5532800000000004	3.8465	9.97387	2.16875	2.6642	7.37533	6.1370000000000005	2.49465	1.63995	2.5181400000000003	3.5822	4.08969	3.5960900000000002	3.51491	12.4388	6.0457	4.5820099999999995	6.96788	3.0564400000000003	7.862419999999999	3.93696	2.94584	2.97277	3.00165	4.14299	5.35804	6.06146	5.50015	6.6223399999999994	1.92189	1.89307	0.00039731900000000004	5.71128	1.41855	3.57061	7.12926	5.5037199999999995	8.03727	5.0071	0.761908	2.6333900000000003	4.08635	3.41523	5.98654	2.4121099999999998	10.5146	1.5515	0.305651	1.9627599999999998	8.57006	10.2543	3.7073699999999996	5.13515	4.4096	7.514660000000001	7.83621	13.2391	14.0035	7.568219999999999	2.30238	1.26301	0.66727	2.13022	0.485883	3.13889	11.4952	1.61268	0.000165218	6.38022	6.29472	9.03182	1.56608	4.44024	14.8869	1.38008	10.2672	11.7351	6.26819	2.1011900000000003	6.06628	2.79353	0.0403862	0.33637100000000003	0.0201395	3.78695	0.00796037	3.60567	2.008605	3.877605	1.9928855	5.85883	4.606865	3.880795	2.99385	8.23688	3.01755	3.665995	1.8882155	6.492125	5.5378755	4.171435	5.16966	6.776625	3.835085	3.8622	6.485035	4.151375	9.579845	6.174135	4.515975	3.639059	2.60036	1.2689525	3.64224	4.37782	6.16974	4.376765	4.94952	3.805795
TP53	TP53-004	0.0	0.0	0.0	0.0	0.0117789	0.0	0.0	0.0	0.0	3.99359e-09	0.0	0.0491196	4.49542e-09	0.0	0.0	2.47039e-07	0.000475559	0.0	0.0	0.0	0.0	0.0	0.0	1.69091e-07	0.0	0.0	0.040855	0.0	0.0	0.0	0.0265123	0.0970627	0.0	0.0	0.0	5.6596199999999995e-09	0.0	0.0	4.78191e-10	0.0	0.0	0.0	0.0	7.629179999999999e-07	0.0	0.120774	2.8955700000000003e-06	0.028193	0.0	0.0	3.43243e-07	0.0	0.00180665	0.0	0.0	0.0	0.0	0.0	0.0	2.62181e-10	0.0	0.0	2.57476e-06	3.4866599999999996e-10	0.0008270039999999999	0.0	1.36667e-06	0.0	0.15170999999999998	0.0	0.0	0.0	0.0	0.0	0.0	0.0	0.0	0.00552126	0.050123	0.245073	0.0	0.0	0.0	0.133047	0.0	0.0	0.0	0.0	0.0	0.0	2.43415e-10	0.0	0.0	3.5054199999999996e-06	7.2321100000000005e-06	1.30216e-07	0.0	0.0	0.0	0.0	0.0	0.0	0.0	0.0644268	2.27811e-09	0.0	1.58174e-07	1.79193e-07	0.0	0.0	0.0	0.0	0.0	1.6909500000000002e-07	0.0	0.0	1.12696e-06	2.6301099999999997e-08	1.12184e-06	0.0	0.095449	1.30269e-10	0.0	0.0964674	0.27111599999999997	0.0	0.0	0.0	0.0	1.17706e-07	0.0	0.0	0.0	0.0	1.0743200000000002e-08	0.0	2.0323e-09	2.8881e-10	0.0	0.00023867299999999998	0.19076600000000002	0.0	0.045587199999999994	0.0	4.19479e-09	0.0249994	0.27992	8.64747e-07	0.0	0.0	1.59725e-09	0.0	0.0	1.0908899999999999e-10	0.0	1.07524e-09	0.0	0.0	0.0	0.00041683400000000004	1.5246900000000001e-05	0.0	7.522480000000001e-06	0.0	0.0	0.0	0.0	4.50849e-10	0.000344046	0.0	0.0	0.0	0.0	0.0	0.0	0.0	0.00615024	0.026871100000000002	0.000718428	0.0	0.0	0.0	0.0	4.32418e-08	0.0	0.0	0.0	0.0	0.0	0.0968932	0.0123004	0.0	0.05278819999999999	2.2827100000000002e-07	0.0	0.14635599999999999	0.172612	0.302654	0.0174995	0.0	0.0	0.0	0.0	0.0	4.4843800000000004e-10	0.0	0.0	0.0	1.3950199999999998e-09	0.00785118	0.0	1.0252100000000001e-07	0.0	0.0	0.00114415	0.0	0.0	0.018001	1.04536e-10	0.0	0.0	0.10849	0.0	2.2484e-05	0.0	0.0	0.0	0.0	1.6683399999999998e-09	0.0	0.360665	9.31125e-11	1.14396e-05	0.0	8.31864e-09	1.8898000000000002e-09	0.0	0.986576	0.11664100000000001	0.0	0.0	0.0	0.0	0.0	0.0	4.29732e-06	0.0	0.0	0.0	0.0	0.0	0.0	0.0	0.00021004900000000002	0.0	0.0	1.08589e-05	0.0	0.0	2.01799e-07	0.0	0.096374	2.848585e-09	0.00104378029769	0.1003565	0.0	0.0	0.12128785	0.0	0.0	0.0003967105	2.490905e-10	0.0	0.0	0.0	0.000174473	0.067055	0.057078	0.0	0.04596295	0.0	0.00926195	2.05283e-10	0.0934637	0.0	0.0	2.465065e-10	0.0	0.000985135	0.01054765
TP53	TP53-003	0.0	0.0	0.0	0.0	0.124761	0.0	0.0	0.0	0.0	0.0	0.0	0.130154	0.0	0.0	0.0034584000000000004	0.0	0.0	0.0	0.0	0.07578789999999999	0.0	0.210315	0.0	0.0	0.0	0.0	0.0	0.0	0.0	0.0	0.0	0.0	0.06473680000000001	0.0	0.0	0.0	0.0	0.0	0.0	0.0	0.0836252	0.0	0.0	0.059304499999999996	0.0	0.0	0.0	0.103743	0.0	0.0	0.0	0.0	0.0	0.0	0.120522	0.0	0.0	0.0	0.0	0.0	0.0	0.0	0.0	0.0	0.0	0.0	0.0	0.0	0.0	0.0979789	0.000101161	0.0	0.0	0.0	0.0	0.0	0.0	0.0	0.0	0.0	0.0	0.0	0.0	0.0	0.0	0.0	0.0	0.0	0.0	0.0	0.0	0.0	0.0	0.0	0.0	0.0	0.0	0.0	0.0	0.0	0.0	0.0	0.0	0.0	0.0	0.0	0.0	0.0	0.0	0.0	0.0	0.0	0.0	0.160991	0.0	0.0	0.0	0.0	0.0	0.0	0.0	0.0	0.0	0.0	0.011826999999999999	0.0	0.0	0.0	0.0	0.0	0.0	0.128887	0.0	0.0	0.0	0.116772	0.0	0.0	0.0	0.0	0.0	0.0	0.0	0.0	0.0	4.61274e-08	0.0	0.0	0.0	0.0	0.0	0.0	0.0	0.0	0.0	0.0	0.0	0.0	0.0203886	0.143439	0.0	0.0	0.0	0.0	0.0	0.0	0.0	0.0	0.0	0.0	0.0	0.0	0.000559879	0.0	0.0	0.0	0.0	0.0	0.0	0.0	0.0	0.0	0.0	0.11696600000000001	0.0	0.0	0.0	0.0	0.0	0.152258	0.0	0.0	0.0	0.0	0.0	0.0	0.0	0.0	0.21157199999999998	0.0	0.0	0.0	0.0	0.0	0.0	0.0	0.0	0.0	0.0	0.0	0.0	0.0	0.0	0.0	0.0	0.0	0.0	0.0	0.0	0.0	0.0	0.0	0.0	0.0	0.0	0.0	0.0	0.0	0.0	0.0	0.0	0.0792965	0.0976863	0.0	0.0	0.0	0.0	0.0	0.0	0.0	0.106298	0.115552	0.0	0.0	0.0	0.0	0.0	0.0	0.131409	0.0	0.0	0.0	0.0	0.0	0.0	0.0	0.0	2.95165e-10	0.0	0.0	0.0	0.0	0.0	0.0	0.0	0.0	0.0	0.0	0.0	0.0	0.0	0.0	0.0	0.0	0.0	0.0765215	0.0	0.0	0.04476095	0.0	0.0223183	0.076895	0.0	0.0	0.0	0.0	0.0	0.0	0.0	0.0
TP53	TP53-006	0.0	0.0	0.0	0.0	0.0	0.0	0.0	0.0	0.0	0.0	0.0	0.0	0.0	0.0	0.0	0.0	0.0	0.0	0.0	0.0	0.0	0.0	0.0	0.0	0.0	0.0	0.0	0.0	0.0	0.0	0.0	0.0	0.0	0.0	0.0	0.0	0.0	0.0	0.0	0.0	0.0	0.0	0.0	0.0	0.0	0.0	0.0	0.0	0.0	0.0	0.0	0.0	0.0	0.0	0.0	0.0	0.0	0.0	0.0	0.0	0.0	0.0	0.0	0.0	0.0	0.0	0.0	0.0	0.0	0.0	0.0	0.0	0.0	0.0	0.0	0.0	0.0	0.0	0.0	0.0	0.0	0.0	0.0	0.0	0.0	0.0	0.0	0.0	0.0	0.0	0.0	0.0	0.0	0.0	0.0	0.0	0.0	0.0	0.0	0.0	0.0	0.0	0.0	1.89567e-09	0.0	0.0	0.0	0.0	0.0	0.0	0.0	0.0	0.0	0.0	0.0	0.0	0.0	0.0	0.0	0.0	0.0	0.0	0.0	0.0	0.0	0.0	0.0	0.0	0.0	0.0	0.0	0.0	0.0	0.0	0.0	0.0	0.0	0.0	0.0	0.0	0.0	0.0	0.02089	0.0	0.0	0.0	0.000561449	0.0	0.0	0.0	0.0	0.0	0.0	0.0	0.0	0.0	0.0	0.0	0.0	0.0	0.0	0.0	0.0	0.0	0.0	0.0	0.0	0.0	0.0	0.0	0.0	0.0	0.0	0.0	0.0	0.0	0.0	0.0	0.0	0.0	0.0	0.0	0.0	0.0	0.0	0.0	0.0	0.0	0.0	0.0	0.0	0.0	0.0	0.0	0.0	0.0	0.0	0.0	0.0	0.0	0.0	0.0	0.0	0.0	0.0	0.0	0.0	0.0	0.0	0.0	0.0	0.0	0.0	0.0	0.0	0.0	0.0	0.0	0.0	0.0	0.0	0.0	0.0	0.0	0.0	0.0	0.0	0.0	0.0	0.0	0.0	0.0	9.0779e-10	0.0	0.0	0.0	0.0	0.0	0.000641056	0.0	0.0	0.0	0.0	0.0	0.0	0.0	0.0	0.0	0.0	0.0	0.0	0.0	0.0	0.8687090000000001	0.0	0.0	0.0	0.0	0.0	0.0	0.0	0.0	0.0	0.0	0.0	0.0	0.0	0.0	0.0	0.0	0.0	0.0	0.0	0.0	0.0	0.0	0.0	0.0	0.0	0.0	0.0	0.0	0.0	0.0	0.0	0.0	0.0	0.0	0.0	0.0
TP53	TP53-008	1.8178400000000001	0.45243	1.92209	0.27807600000000005	6.67242	0.0	1.7693900000000002	0.0721325	6.0803	7.23193	0.5742470000000001	4.13755	1.60134	0.782814	0.11481	1.1296	0.214047	1.53829	1.10811	13.7455	1.56595	1.91378	0.20834	4.21077	1.29779	0.307417	0.966349	0.8221780000000001	0.0	1.0717299999999998	3.15572	2.02386	8.42907	0.9435950000000001	0.14616700000000002	12.1357	3.80329	1.12366	1.0816700000000001	3.6505199999999998	0.402269	0.9614299999999999	4.87121	3.9560800000000005	0.0982792	0.152588	4.12249	1.37421	2.56877	0.27312	1.83607	0.347525	8.04819	0.0349108	0.45027799999999996	0.40325700000000003	8.77731	6.1081199999999995	6.6858	2.95173	3.4834699999999996	4.5997900000000005	5.95927	0.249538	0.371832	5.65105e-05	0.0864182	0.227125	5.67846	0.22536199999999998	0.538432	0.119899	0.7756390000000001	0.306473	1.23569	1.19276	0.37743699999999997	8.16222	12.7345	5.64372	5.29805	0.8866129999999999	1.31955	5.79298	0.544597	0.240587	6.31988	0.235918	6.7579899999999995	2.75133	6.41615	0.043497	3.1988	16.105999999999998	2.47899	7.5197	4.01483	0.281221	0.779583	0.981715	0.280575	5.10499	1.49237	3.17846	6.1212599999999995	0.224183	6.29584e-05	1.70914	3.4847699999999997	2.4464	0.600362	2.59226	0.657151	6.51115	1.01369	8.2616	7.1577399999999995	5.7127099999999995	7.91303	3.23671	1.2136	3.45776	5.14735	0.10538499999999999	9.291839999999999	2.9771400000000003	1.12604	0.376305	0.211509	0.238141	0.622196	0.8176859999999999	0.8441860000000001	5.67307	2.04776	1.4424	3.1926900000000002	1.77187	5.00366	0.186247	0.0108465	0.260773	16.4908	0.343804	13.3997	6.785880000000001	23.5767	6.82379	6.10342	0.37375	2.63351	7.23722	0.0	3.7320900000000004	1.43052	8.76375e-09	0.275581	5.0288	11.0646	9.6071	7.0529	9.14762	1.8243099999999999	5.25314	0.600264	0.224935	0.0	0.0	0.563513	0.647185	0.476908	0.262786	0.884919	0.344122	0.330332	0.21971500000000002	0.738704	0.466005	0.31813800000000003	0.190478	0.877434	0.313297	0.301157	5.19666	6.63001	1.75883	0.309992	3.7381699999999998	10.3951	5.34299	0.627185	0.783632	0.34677399999999997	4.84508	0.167668	0.767629	0.31989	3.4738	2.04719	0.26957800000000004	0.123744	0.551446	0.0	0.17235799999999998	9.559289999999999	0.30819	0.230569	0.0857721	0.561311	0.154918	1.14514	1.01721	0.26069899999999996	0.6633819999999999	0.401942	0.42245699999999997	0.332839	8.08568	11.3857	0.24134299999999997	1.47233e-09	0.14998	0.125197	5.225280000000001	0.372164	0.26641	0.714626	0.49916099999999997	0.843382	0.186547	6.82078	3.4984	14.7655	0.0460449	3.50803	0.98341	0.161502	8.00157	16.8745	0.043528	0.183079	0.22781700000000002	3.8244300000000004	0.815504	8.1078	9.045110000000001	2.4921	1.54844	1.59297	0.677532	0.650972	4.4656	10.9924	5.19926	2.02199	1.6734200000000001	4.84068	0.7009195	0.2843329	1.1954355	6.1063406475	0.6831905	0.495181	0.7627415	0.5312095	0.707299	0.285082	0.3125	0.4232726	0.2525385	0.389753	0.143282	0.428639	0.2500445	0.06825335	0.2330415	0.3144245	0.251794	0.0328889	0.0916579	1.7057475	3.032091	0.4610975	0.1348089	0.1648625	0.0897749	0.309958	0.165728	0.2361475	5.63746045
TP53	TP53-009	0.0256722	0.154915	0.0357374	0.0	0.200958	0.0631426	0.14607799999999999	0.13610899999999998	0.117626	0.260556	0.306659	0.338982	0.0849419	0.19256500000000001	0.27472199999999997	0.0345711	0.10414200000000001	0.796326	0.039172000000000005	0.247914	0.10869000000000001	0.048514499999999995	0.12032000000000001	0.114925	0.0181418	0.277574	0.203644	0.0500704	0.05328769999999999	0.105073	0.185853	0.0240695	0.079838	0.380961	0.130797	0.150581	0.0944838	0.177836	0.137199	0.0251029	0.17462	0.200477	0.0506024	0.0380809	0.0	0.0828346	0.455971	0.22149499999999997	0.250746	0.195677	0.20160699999999998	0.0386359	0.027507499999999997	0.092063	0.315899	0.0963779	0.19783900000000001	0.148026	0.203334	0.187968	0.0351384	0.0324781	0.175781	0.136994	0.111144	0.11631300000000001	0.029089799999999996	0.113129	0.06550299999999999	0.0821091	0.206067	0.0391004	0.0609183	0.106129	0.22498200000000002	0.307344	0.26453499999999996	0.0730885	0.0405203	0.10911099999999999	0.11135899999999999	0.110634	0.155591	0.214108	0.22745900000000002	0.0	0.19231900000000002	0.0738957	0.0897071	0.11183199999999999	0.08387889999999999	0.07007580000000001	0.0	0.11805399999999999	0.22380999999999998	0.30600700000000003	0.049353100000000004	0.26243299999999997	0.0	0.15983499999999998	0.112187	0.276564	0.117651	0.143833	0.268382	0.10996099999999999	0.15730999999999998	0.353616	0.118974	0.206042	0.11011300000000002	0.0925434	0.0	0.299561	0.192936	0.202275	0.0503147	0.318821	0.0670234	0.033986199999999994	0.057298400000000006	0.270571	0.0409774	0.0620495	0.0561386	0.10726600000000001	0.0322712	0.241486	0.0	0.11958900000000001	0.149169	0.329403	0.149504	0.11011300000000002	0.18870699999999999	0.039932800000000004	0.04844	0.716218	0.294153	0.26653000000000004	0.0	0.0916701	0.0460213	0.14885199999999998	0.147592	0.5283329999999999	0.176146	0.113973	0.07090489999999999	0.073064	0.0	0.0816029	0.423804	0.166652	0.284616	0.03533	0.0	0.06635310000000001	0.303397	0.312098	0.0744073	0.35441	0.114054	0.15557200000000002	0.0989539	0.11490999999999998	0.047820800000000004	0.0	0.0	0.0532735	0.0843249	0.0	0.152348	0.0	0.293662	0.0272289	0.25596199999999997	0.169212	0.17969000000000002	0.33466	0.0	0.0	0.450196	0.188588	0.058040699999999994	0.0688049	0.0	0.188876	0.0	0.0242275	0.0947674	0.181738	0.127049	0.129608	0.06164580000000001	0.192692	0.11324200000000001	0.285955	0.0243916	0.040230800000000004	0.26934400000000003	0.136295	0.0	0.175837	0.124055	0.20010999999999998	0.314398	0.166494	0.188907	0.134172	0.06894460000000001	0.19504000000000002	0.056365	0.174171	0.060386	0.373413	0.22043400000000002	0.23031500000000002	0.06207719999999999	0.1049	0.038602	0.146563	0.106208	0.030465199999999998	0.276267	0.0	0.297678	0.37649699999999997	0.128777	0.29739499999999996	0.132805	0.0127273	0.6514810000000001	0.09924	0.014528200000000002	0.0332275	0.39805	0.58704	1.19662	0.0704115	0.055102899999999996	0.15382200000000001	0.176759	0.728395	1.2687899999999999	0.21164899999999998	0.465266	1.02331	0.545596	0.45766899999999994	0.38656799999999997	0.188862	0.19222999999999998	0.653113	0.304847	0.676145	1.90504	0.2095144	0.22739535	0.2409175	0.1033696	0.1256705	0.2871245	0.2391935	0.2902975	0.195287	0.196959	0.124568	0.11897305	0.2772865	0.1564655	0.11526095	0.2033265	0.09040015	0.0996365	0.2516705	0.2549995	0.2380725	0.1389459	0.2764445	0.10385765	0.212177	0.140064	0.05345235	0.174487	0.1075535	0.560772	0.1053615	0.1787965	0.258565
TP53	TP53-014	0.0	0.0	0.0	0.162381	0.0	0.0	0.0	0.0	0.0	0.379395	0.0	0.0	0.081866	0.0	0.165183	0.0	0.0	0.0	0.0	0.0	0.0	0.0	0.0	0.0	0.046821100000000004	0.0	0.0	0.0	0.0	0.0	0.0	0.0	1.51904e-06	0.0	0.06431759999999999	0.0	0.0	0.0	0.0	0.0	2.70633e-07	0.0	0.0	0.0	0.0	0.0	0.0	0.0	0.12339800000000001	0.0	0.0	0.0	0.0	0.11181300000000001	1.1523600000000001e-08	0.0	0.26865300000000003	0.0	0.0	0.0	0.0	0.0	0.0	0.0	0.0	0.0	0.0	0.056049800000000004	0.0	1.03477e-07	0.154132	0.0	0.0	0.0	0.0	0.329726	0.100002	0.106956	0.0	0.0	0.0	0.0	0.0	0.0731064	0.0	0.0	0.0	0.0	0.0	0.0	0.0	0.0	0.0	0.0	0.0	0.0	0.0	0.0	0.0	0.07045030000000001	0.0	0.0	0.0	0.08427439999999999	0.0973383	0.0	0.0	0.0	0.05907040000000001	0.0	0.0	0.0	0.0	0.0	0.0	0.0	0.0	0.0	0.04967630000000001	0.0	0.12278299999999999	0.0	0.0	0.0	0.116815	0.0	0.0	0.0	0.0	0.0	0.0	0.0	0.0	0.0	0.0	0.00018694599999999998	0.0	0.0	0.127496	0.0	0.0	0.0	0.0	0.225385	0.0	0.328776	0.0	0.0	0.0	0.0	0.0	0.157446	0.0	0.0	0.0	0.0	0.0	0.0	0.43049799999999994	7.52746e-05	0.0791503	0.0814345	0.0	0.0	0.0	0.0	0.0	0.0	0.0	0.0	0.0	0.08186360000000001	0.231317	0.159024	0.263763	0.0	0.0	0.0	0.0901286	0.0	0.0	0.0	0.120207	0.0	0.0	0.0	0.103475	0.105181	0.0	0.0	0.0	0.0	0.145049	0.0	0.0	0.0	0.22408899999999998	0.11533299999999999	0.0	0.0	0.0	0.0	0.0	0.0	0.0	0.0	0.0	0.30391599999999996	0.058650400000000005	0.0	0.0	0.0478631	0.20855700000000002	0.18456	0.0976202	0.283763	0.260338	0.0	0.133081	0.0	0.0	0.0	0.0875023	0.224912	0.411386	0.143311	0.0936039	0.0	0.0	0.135708	0.0	0.0	0.0	0.0	0.0	0.0	0.309635	0.40995200000000004	1.9092799999999999	0.0	0.0	0.0	0.12085699999999999	0.330998	0.441121	0.0	0.707969	0.260592	0.000275766	0.44851800000000003	0.300156	0.104526	0.0	0.0	0.194778	0.170752	0.0	0.1200485	0.0510685	0.0566525	0.058019	0.0	0.123132	0.0	0.0	0.2719475	0.3681858	0.15647235	0.150051	0.0625495	0.0606325	0.0	0.0756715	0.04009465	0.05247	0.1469	0.063477	0.0466585	0.0	0.181579	0.0	0.03895625	0.0	0.04950745	0.0	0.0	0.19694145	0.0	0.1445205	0.0
TP53	TP53-015	0.0	0.0	0.0	0.0	0.0	0.0	0.0	0.0	0.0	0.0	0.0	0.0	0.0	0.0	0.0	0.0	0.0	0.0	0.0	0.0	0.0	0.0	0.0	0.0	0.0	0.0	0.0	0.0	0.0	0.0	0.0	0.0	0.0	0.0	0.0	0.0	0.0	0.0	0.0	0.0	0.0	0.0	0.0	0.0	0.0	0.0	0.0	0.0	0.0	0.0	0.0	0.0	0.0	0.0	0.0	0.061906100000000006	0.0	0.0	0.0	0.0	0.0	0.0	0.0	0.0	0.0	0.0	0.0	0.0	0.0	0.0	0.0	0.0	0.0	0.0	0.0	0.0	0.0	0.0	0.0	0.0	0.0	0.0	0.0	0.0	0.0	0.0	0.0	0.0	0.0	0.0	0.0	0.0	0.0	0.0	0.0	0.0	0.0	0.0	0.0	0.0	0.0	0.0	0.0	0.0	0.0	0.0	0.0	0.0	0.0	0.0	0.0	0.0	0.0	0.0	0.0	0.0	0.0	0.0	0.0	0.0	0.0	0.0	0.0	0.0	0.0	0.0	0.0	0.0	0.0	0.0	0.0	0.0	0.0	0.0	0.0	0.0	0.0	0.0	0.0	0.0	0.0	0.0	0.0	0.0	0.0	0.0	0.0	0.0	0.0	0.0	0.0	0.0	0.0	0.0	0.0	0.0	0.0	0.0	0.0	0.0	0.0	0.0	0.0	0.0	0.0	0.0	0.0	0.0	0.0	0.0	0.0	0.0	0.0	0.0	0.0	0.0	0.0	0.0	0.0	0.07382319999999999	0.0	0.0	0.11323499999999999	0.0	0.0	0.0	0.0	0.0	0.0	0.0	0.0	0.10818499999999999	0.0	0.0	0.0	0.0	0.0	0.0	0.0	0.0	0.0	0.0	0.0	0.0	0.0	0.0	0.0	0.0	0.0	0.0	0.0	0.0	0.0	0.0	0.0	0.0	0.0	0.0	0.0	0.0	0.0	0.0	0.0	0.0	0.0	0.0	0.0	0.0	0.0	0.0	0.0	0.0	0.0	0.0	0.0	0.0	0.0	0.0	0.0	0.0895222	0.0	0.0	0.0	0.0	0.0	0.0	0.0	0.0	0.0	0.0	0.0	0.0	0.0	0.0	0.0	0.0	0.0	0.0	0.0	0.0	0.0	0.0	0.0	0.0	0.0	0.0	0.0	0.0	0.0	0.0	0.0	0.0	0.0	0.0	0.0	0.0	0.0	0.0	0.0	0.0	0.0	0.0	0.0	0.0	0.0	0.0	0.0	0.0	0.0	0.0
TP53	TP53-007	0.0	0.0	0.0	0.0	0.0	0.0	0.0	0.0	0.0	0.0	0.0	0.0	0.0	0.0	0.0	0.0	0.0	0.0	0.0	0.0	0.0	0.0	0.0	0.0	0.0	0.0	0.0	0.0	0.0	0.0	0.0	0.0	0.0	0.0	0.0	0.0	0.0	0.0	0.0	0.0	0.0	0.0	0.0	0.0	0.0	0.0	0.0	0.0	0.0	0.0	0.0	0.0	0.0	0.0	0.0	0.0	0.0	0.0	0.0	0.0	0.0	0.0	0.0	0.0	0.0	0.0	0.0	0.0	0.0	0.0	0.0	0.0	0.0	0.0	0.0	0.0	0.0	0.0	0.0	0.0	0.0	0.0	0.0	0.0	0.0	0.0	1.44843e-09	0.0	0.0	0.0	0.0	0.0	0.0	8.42249e-10	0.0	0.0	0.0	0.0	0.0	0.0	0.0	0.0	0.0	9.67704e-09	0.0	0.0	0.0	0.0	0.0	0.0	0.0	0.0	0.0	3.00534e-10	0.0	1.0738200000000001e-07	0.0	0.0	0.0	0.0	0.0	0.0	0.0	0.0	0.0	0.0	0.0	0.0	0.0	0.0	0.0	0.0	0.0	0.0	0.0	0.0	0.0	0.0	0.017392400000000002	0.0	0.0	0.0	0.14739000000000002	0.0	0.0	0.0	0.0	0.0	0.0	0.0	0.0	3.01012e-10	0.0	0.0	0.0	0.0	0.0	3.6344499999999996e-07	0.00453854	0.0	0.0	0.0	0.0	0.0	0.0	0.0	0.0	0.0	0.0	0.0	0.0	0.0	0.0	0.0	0.0	0.0	0.0	0.0	0.0	0.0	0.0	0.0	0.0	0.0	0.0	0.0	0.0	0.0	0.0	0.0	0.0	0.0	0.0	0.0	0.0	0.0	0.0	0.0	0.0	0.0	0.0	0.0	0.0	0.0	5.01743e-09	0.0	0.0	0.0	0.0	0.0	0.0	0.0	0.0	0.0	0.0	0.0	0.0	0.0	0.0	0.0	0.0	0.0	0.0	0.0	0.0	0.0	0.0	0.0	0.0	0.0	0.0	0.0	0.000236905	0.0	0.0	0.0	0.0	0.0	0.00488825	0.0	0.0	0.0	0.0	0.0	0.0	0.0	0.0	3.898e-10	2.43082e-09	0.0	0.0	0.0	0.0872414	0.0	7.1527299999999996e-09	0.0	0.0	0.0	0.0	0.0	0.0	0.0	0.0	0.0	0.0	0.0	0.0	0.0	0.0	0.0	0.0	0.0	0.0	0.0	0.0	0.0	0.0	0.0	0.0	0.0	0.0	0.0	0.0	0.0	0.0	0.0	0.0	0.0	0.0	0.0
TP53	TP53-013	0.0	0.0	0.0	0.0	0.0	0.0	0.0	0.0	0.0	0.0	0.0	0.0	0.0	0.0	0.0	0.0	0.0	0.0	0.0	0.0	0.0	0.104397	0.0	0.0	0.0	0.0	0.0	0.0	0.0	0.0	0.0	0.0	0.0	0.0	0.0	0.0	0.0	0.0	0.06021030000000001	0.0	0.0	0.0	0.0	0.0	0.0	0.0	0.0	0.0	0.0	0.0	0.0	0.0	0.0	0.16275	0.0	0.0	0.0	0.0	0.0	0.0	0.0	0.0	0.0	0.0	0.0	0.0	0.0	0.0	0.0	0.0	0.0	0.0	0.0	0.0	0.0	0.0	0.0	0.0	0.0	0.0	0.0	0.0	0.0	0.0	0.157024	0.0	0.0	0.0	0.0	0.0	0.0	0.0538553	0.0	0.0	0.0	0.0	0.0	0.0	0.0	0.0	0.0	0.0	0.0	0.0	0.08678739999999999	0.0	0.0	0.0	0.0	0.0	0.0	0.0	0.0	0.0	0.0	0.0	0.0	0.0	0.0	0.0	0.0	0.0	0.0	0.0	0.0	0.0	0.06652050000000001	0.0	0.0	0.0	0.0	0.0	0.0	0.0	0.0	0.0	0.0	0.0	0.0	0.0	0.0	0.0	0.0	0.0	0.0	0.0	0.0	0.0	0.0	0.0	0.0	0.0	0.0	0.0	0.0	0.0	0.0	0.0	0.0	0.0	0.0	0.0	0.0	0.0	0.0	0.0	0.0	0.0	0.0	0.0	0.0	0.0	0.0	0.0	0.0	0.0	0.0	0.0	0.0	0.0	0.0	0.0	0.0	0.0	0.0	0.0	0.0	0.0	0.0	0.0	0.0	0.0	0.11395	0.0	0.0	0.0	0.0	0.0	0.0690116	0.0	0.0	0.0	0.0	0.0	0.0	0.0	0.0822237	0.0	0.0	0.0	0.0	0.0	0.0	0.0	0.0	0.0	0.0	0.0	0.0	0.0	0.0	0.0	0.0	0.0	0.0	0.0	0.0	0.0	0.0	0.0	0.0	0.0	0.0	0.0	0.0	0.0	0.0	0.0	0.0	0.0	0.0	0.0	0.0	0.0	0.0	0.0	0.0	0.0	0.0	0.0	0.0	0.0	0.0	0.0	0.0	0.0	0.0	0.0	0.0	0.03327055	0.0	0.0	0.0	0.0	0.0	0.0	0.0	0.03067395	0.0	0.0	0.0	0.0	0.0	0.0356074	0.0	0.0	0.0	0.03376115	0.0	0.0	0.0	0.0	0.0	0.0	0.0	0.0	0.0	0.0	0.0	0.0
TP53	TP53-016	0.0	0.0	0.0	0.0	0.0	0.0	0.0	0.0	0.0	0.0	0.0	0.0	0.0	0.0	0.0	0.0	0.0	0.0	0.0	0.0	0.0	0.0	0.0	0.0	0.0	0.0	0.0	0.0	0.0	0.0	0.0	0.0	0.0	0.0	0.0	0.0	0.0	0.0	0.0	0.0	0.0	0.0	0.0	0.0	1.14625	0.0	0.0	0.0	0.0	0.0	0.0	0.0	0.0	0.0	0.0	0.0	0.0	0.0	0.0	0.0	0.0	0.0	0.0	0.0	0.0	0.0	0.0	0.0	0.0	0.0	0.0	0.0	0.0	0.0	0.0	0.0	0.0	0.0	0.0	0.0	0.0	0.0	0.0	0.0	0.0	0.0	0.0	0.0	0.0	0.0	0.0	0.0	0.0	0.0	0.0	0.0	0.0	0.0	0.0	0.0	0.0	0.0	0.0	0.0	0.0	0.0	0.0	0.0	0.0	0.0	0.0	0.0	0.0	0.0	0.0	0.0	0.0	0.0	0.0	0.0	0.0	0.0	0.0	0.0	0.0	0.0	0.0	0.0	0.0	0.0	0.0	0.0	0.0	0.0	0.0	0.0	0.0	0.0	0.0	0.0	0.0	0.0	0.0	0.0	0.0	0.0	0.0	0.0	0.0	0.0	0.0	0.0	0.0	0.0	0.0	0.0	0.0	0.0	0.0	0.0	0.0	0.0	0.0	0.0	0.0	0.0	0.0	0.0	0.0	0.0	0.0	0.0	0.0	0.0	0.0	0.0	0.0	0.0	0.0	0.0	0.0	0.0	0.0	0.0	0.0	0.0	0.0	0.0	0.0	0.0	0.0	0.0	0.0	0.0	0.0	0.0	0.0	0.0	0.0	0.0	0.0	0.0	0.0	0.0	0.0	0.0	0.0	0.0	0.0	0.0	0.0	0.0	0.0	0.0	0.0	0.0	0.0	0.0	0.0	0.0	0.0	0.0	0.0	0.0	0.0	0.0	0.0	0.0	0.0	0.0	0.0	0.0	0.0	0.0	0.0	0.0	0.0	0.0	0.0	0.0	0.0	0.0	0.0	0.0	0.0	0.0	0.0	0.0	0.0	0.0	0.0	0.0	0.0	0.0	0.0	0.0	0.0	0.0	0.0	0.0	0.0	0.0	0.0	0.0	0.0	0.0	0.0	0.0	0.0	0.0	0.0	0.0	0.0	0.0	0.0	0.0	0.0	0.0	0.0	0.0	0.0	0.0	0.0	0.0	0.0	0.0	0.0	0.0	0.0	0.0
TP53	TP53-017	0.0	0.0	0.0	0.0	0.0	0.0	0.0	0.0	0.0	0.0	0.0	0.0	0.0	0.0	0.0	0.0	0.0	0.0	0.0	0.0	0.0	0.0	0.0	0.0	0.0	0.0	0.0	0.0	0.0	0.0	0.0	0.0	0.0	0.0	0.0	0.0	0.0	0.355709	0.0	0.0	0.0	0.0	0.0	0.0	0.0	0.0	0.0	0.0354963	0.0	0.0	0.0	0.0	0.0	0.167234	0.0	0.0	0.0	0.0	0.0	0.0	0.0	0.0	0.0	0.0	0.0	0.0	0.0	0.0	0.0	0.0	0.0	0.0	0.0	0.0	0.0	0.0	0.7406189999999999	0.0	0.0	0.0	0.0	0.0	0.0	0.0	0.0	0.0	0.0	0.0	0.0	0.0	0.0	0.0	0.0	0.0	0.0	0.0	0.0	0.0	0.0	0.0	0.0	0.0	0.0	0.0	0.0	0.0	0.0	0.0	0.0	0.0	0.0	0.0	0.0	0.0	0.565008	0.0	0.0	0.0	0.0	0.0	0.0	0.0	0.0	0.0	0.0	0.0	0.0	0.0	0.0	0.0	0.0	0.0	0.792963	0.0	0.0	0.0	0.0	0.0	0.0	0.0	0.0	0.0	0.0	0.0	0.0	0.0	0.0	0.0	0.0	0.0	0.0	0.0	0.0	0.0	0.0	0.0	0.0	0.0	0.0	0.0	0.0	0.0	0.0	0.0	0.0	0.0	0.0	0.0	0.0	0.0	0.0	0.0	0.0	0.0	0.0	0.0	0.0	0.0	0.0	0.0	0.0	0.0	0.0	0.0	0.0	0.0	0.0	0.0	0.730431	0.0	0.0	0.0	0.0	0.0	0.0	0.0	0.0	0.0	0.0	0.0	0.0	0.0	0.0	0.0	0.0	0.0	0.0	0.0	0.0	0.0	0.0	0.0	0.0	0.0	0.0	0.0	0.0	0.0	0.0	0.0	0.0	0.0	0.0	0.0	0.0	0.0	0.0	0.0	0.0	0.0	0.0	0.0	0.0	0.6245350000000001	0.0	0.0	0.0	0.0	0.0	0.0	0.0	0.0	0.0	0.0	0.0	0.0	0.0	0.0	0.0	0.0	0.0	0.0	0.0	0.0	0.0	0.0	0.0	0.0	0.0	0.0	0.0	0.0	0.0	0.0	0.0	0.0	0.0	0.0	0.0	0.0	0.0	0.0	0.0	0.0	0.0	0.0	0.0	0.0	0.0	0.0	0.0	0.0	0.0	0.0	0.0	0.0	0.0	0.0	0.0	0.0
TP53	TP53-020	0.0	0.0	0.0	0.0	0.0	0.0	0.0	0.0	0.0	0.0	0.0	0.0	0.0	0.0	0.0	0.0	0.0	0.0	0.0	0.0	0.0	0.0	0.0	0.0	0.0	0.0	0.0	0.0	0.0	0.0	0.0	0.0	0.0	0.0	0.0	0.0	0.0	0.0	0.0	0.0	0.0	0.0	0.0	0.0	0.0	0.8461219999999999	0.0	0.0	0.0	2.14989e-06	0.0	0.0	0.0	0.0	0.0	0.0	0.0	0.0	0.0	0.0	0.0	0.0	0.0	0.0	0.0	0.0	0.0	0.0	0.0	0.0	0.0	0.0	0.0	0.0	0.0	0.0	0.0	0.0	0.0	0.0	0.0	0.0	0.0	0.0	0.0	0.0	0.0	0.0	0.0	0.0	0.0	0.0	0.0	0.0	0.0	0.0	0.0	0.0	0.0	0.0	0.0	0.0	0.0	0.0	0.0	0.24504	0.0	0.0	0.0	0.0	0.13351	0.0	1.04715	0.0	0.0	0.0	0.0	0.0	0.0	0.0	0.0	0.0	0.0	0.0	0.0	0.0	0.0	0.0	0.0	0.0	0.0	0.0	0.0	0.0	0.0	0.0	0.0	0.0	0.0	0.0	0.0	0.0	0.0	0.0	0.0	0.0	0.0	0.0	0.0	0.0	0.0	0.0	0.0	0.0	0.0	0.0	0.0	0.0	0.0	0.0	0.0	0.0	0.0	0.0	0.0	0.0	0.0	0.0	0.0	0.0	0.0	0.0	0.0	0.0	0.0	0.0	0.0	0.0	0.0	0.0318743	0.0	0.0	0.0	0.0	0.0	0.0	0.0	0.0	0.0	0.0	0.0	0.0	0.0	0.0	0.0	0.0	0.0	0.0	0.0	0.0	2.66591	0.0	0.0	0.0	0.0	0.0	0.0	2.77325	0.0	0.0	0.0	0.0	0.0	0.0	0.0	0.0	7.65089e-08	0.0	0.0	0.0	0.299664	0.0	0.0	0.0	0.0	0.0	0.0	0.0	0.0	0.0	0.0	0.0	0.0	0.494331	0.0	0.0	0.0	0.0	0.0	0.642795	0.0	0.0	0.0	0.0	0.0	0.0	0.0	0.0	0.0	0.0	0.0	0.0	0.0	0.0	0.0	0.41303100000000004	0.0	0.0	0.0	0.0	0.0	0.0	0.0	0.0	0.0	0.0	0.0	4.35958e-09	0.060133	0.0	0.123846	0.4191065	0.0	0.0	0.0	0.196489	0.0	0.0	0.0	0.0	0.113219	0.0	0.0	0.94247	0.0	1.1695	0.448018	0.0	0.89806	0.0
TP53	TP53-022	0.0	0.623347	0.0	0.21642199999999998	0.134719	0.0483605	0.107975	0.0	0.0	0.0	0.04416369999999999	0.0	0.510648	0.0974475	0.0	0.660552	0.31452600000000003	0.152783	0.852298	0.118753	0.034920099999999996	0.6200979999999999	0.39681900000000003	0.0	0.0	0.0	0.0	0.574691	0.0	0.012658599999999999	0.130687	0.203595	0.0	0.165259	0.695176	0.013974	0.010992100000000001	3.18322e-08	0.177912	0.0	0.647951	0.43489799999999995	0.0	0.0	0.0	0.348867	0.000304994	0.0	0.45207200000000003	0.294093	1.00627	0.455163	0.309828	0.146627	0.06635160000000001	0.321202	0.24781399999999998	0.236904	0.0	0.0	0.0	0.44536000000000003	0.0	0.284783	0.624771	0.0	0.0677937	0.26923800000000003	0.09090060000000001	0.044299	0.0	0.543568	0.645791	1.01525	0.199511	0.29341	0.133595	0.0	0.0	5.13535e-05	0.0	0.0	0.331543	0.0	1.0889400000000001e-08	0.0	0.028783600000000003	0.0	0.0	0.121827	0.359813	0.38805500000000004	0.28931	0.0	1.0858	0.114095	0.0	6.764529999999999e-10	0.496533	0.183553	0.25754	0.101641	0.0	0.0	0.196114	0.0311827	0.0	0.23455700000000002	0.809833	0.138181	0.40675	0.24361	0.710067	0.0	0.315805	0.0	0.097022	0.0	0.0	0.11430499999999999	0.293063	0.0451545	0.147368	0.0	0.074407	0.776888	0.185839	0.220181	0.26292	0.56009	0.45923100000000006	0.0	0.67257	0.0	0.322295	0.0	0.0	0.00885555	0.0	0.788203	0.765495	0.156158	0.0	0.46132700000000004	0.0	0.0	0.0	0.0	0.0	0.0	0.841807	0.196578	0.0	0.101283	0.561651	0.09017919999999999	0.0	0.0522688	0.0	0.296193	0.0	0.00011203299999999999	0.0	0.0	0.6027939999999999	0.346721	0.19793	0.24522199999999997	0.0	0.37934	0.31093899999999997	0.32299	0.173127	1.13438	0.724212	0.0	1.10527	0.707887	0.23942	0.321666	0.229145	0.347009	0.41053999999999996	0.16608599999999998	0.0	0.28994200000000003	0.272473	0.00221898	0.158912	0.0	0.261281	0.0	0.324716	0.218354	0.0	0.0	0.269636	0.0	0.0	0.305186	0.410181	7.31271e-10	0.0	0.501408	0.0	0.409612	0.491087	0.266516	0.40814	0.367114	0.018831	0.0	0.0907012	0.205637	0.0	0.172372	0.49679799999999996	0.0	0.03145440000000001	0.16437000000000002	0.0	1.88064	0.847592	0.353758	0.0	0.235197	0.16126500000000002	0.207931	0.5025689999999999	0.716646	1.14425e-10	0.0	0.211116	0.630017	0.0454173	0.102184	0.0	2.87492e-07	1.18808	0.00798997	0.29895900000000003	0.12503	0.184732	0.0	0.0	0.0	0.0	0.0	1.37335	0.443747	0.432511	0.167682	0.13788499999999998	0.0	1.38317	0.0	0.0	0.0	0.0222591	0.22804	0.0	0.171618	1.59202e-09	0.253398	0.039900349	0.424958	0.17911365	0.08607915	0.0880455	0.46047159	0.1295175	0.1571735	0.2222755	0.4906343	0.3717236	0.638855	0.13337385	0.2261585	0.6049137	0.58102445	0.0251299	0.32971715	0.22061512774	0.2129615	0.408122043605	0.89136235	0.0	0.049097944	0.1375566985	0.0
TP53	TP53-027	0.0	0.0	0.0	0.0	0.0117789	0.0	0.0	0.0	0.0	3.99359e-09	0.0	0.0491196	4.49542e-09	0.0	0.0	2.47039e-07	0.000475559	0.0	0.0	0.0	0.0	0.0	0.0	1.69091e-07	0.0	0.0	0.040855	0.0	0.0	0.0	0.0265123	0.0970627	0.0	0.0	0.0	5.6596199999999995e-09	0.0	0.0	4.78191e-10	0.0	0.0	0.0	0.0	7.629179999999999e-07	0.0	0.120774	2.8955700000000003e-06	0.028193	0.0	0.0	3.43243e-07	0.0	0.00180665	0.0	0.0	0.0	0.0	0.0	0.0	2.62181e-10	0.0	0.0	2.57476e-06	3.4866599999999996e-10	0.0008270039999999999	0.0	1.36667e-06	0.0	0.15170999999999998	0.0	0.0	0.0	0.0	0.0	0.0	0.0	0.0	0.00552126	0.050123	0.245073	0.0	0.0	0.0	0.133047	0.0	0.0	0.0	0.0	0.0	0.0	2.43415e-10	0.0	0.0	3.5054199999999996e-06	7.2321100000000005e-06	1.30216e-07	0.0	0.0	0.0	0.0	0.0	0.0	0.0	0.0644268	2.27811e-09	0.0	1.58174e-07	1.79193e-07	0.0	0.0	0.0	0.0	0.0	1.6909500000000002e-07	0.0	0.0	1.12696e-06	2.6301099999999997e-08	1.12184e-06	0.0	0.095449	1.30269e-10	0.0	0.0964674	0.27111599999999997	0.0	0.0	0.0	0.0	1.17706e-07	0.0	0.0	0.0	0.0	1.0743200000000002e-08	0.0	2.0323e-09	2.8881e-10	0.0	0.00023867299999999998	0.19076600000000002	0.0	0.045587199999999994	0.0	4.19479e-09	0.0249994	0.27992	8.64747e-07	0.0	0.0	1.59725e-09	0.0	0.0	1.0908899999999999e-10	0.0	1.07524e-09	0.0	0.0	0.0	0.00041683400000000004	1.5246900000000001e-05	0.0	7.522480000000001e-06	0.0	0.0	0.0	0.0	4.50849e-10	0.000344046	0.0	0.0	0.0	0.0	0.0	0.0	0.0	0.00615024	0.026871100000000002	0.000718428	0.0	0.0	0.0	0.0	4.32418e-08	0.0	0.0	0.0	0.0	0.0	0.0968932	0.0123004	0.0	0.05278819999999999	2.2827100000000002e-07	0.0	0.14635599999999999	0.172612	0.302654	0.0174995	0.0	0.0	0.0	0.0	0.0	4.4843800000000004e-10	0.0	0.0	0.0	1.3950199999999998e-09	0.00785118	0.0	1.0252100000000001e-07	0.0	0.0	0.00114415	0.0	0.0	0.018001	1.04536e-10	0.0	0.0	0.10849	0.0	2.2484e-05	0.0	0.0	0.0	0.0	1.6683399999999998e-09	0.0	0.360665	9.31125e-11	1.14396e-05	0.0	8.31864e-09	1.8898000000000002e-09	0.0	0.986576	0.11664100000000001	0.0	0.0	0.0	0.0	0.0	0.0	4.29732e-06	0.0	0.0	0.0	0.0	0.0	0.0	0.0	0.00021004900000000002	0.0	0.0	1.08589e-05	0.0	0.0	2.01799e-07	0.0	0.096374	2.848585e-09	0.00104378029769	0.1003565	0.0	0.0	0.12128785	0.0	0.0	0.0003967105	2.490905e-10	0.0	0.0	0.0	0.000174473	0.067055	0.057078	0.0	0.04596295	0.0	0.00926195	2.05283e-10	0.0934637	0.0	0.0	2.465065e-10	0.0	0.000985135	0.01054765
TP53	TP53-026	0.0	0.0	0.0	0.0	0.0	0.0	0.0	0.0	0.0	0.0	0.0	0.0	0.0	0.0	0.0	0.0	0.0	0.0	0.0	0.0	0.0	0.0	0.0	0.0	0.0	0.0	0.0	0.0	0.0	0.0	0.0	0.0	0.0	0.0	0.0	0.0	0.0	0.0	0.0	0.0	0.0	0.0	0.0	0.0	0.0	0.0	0.0	0.0	0.0	0.0	0.0	0.0	0.0	0.0	0.0	0.0	0.0	0.0	0.0	0.0	0.0	0.0	0.0	0.0	0.0	0.0	0.0	0.0	0.0	0.0	0.0	0.0	0.0	0.0	0.0	0.0	0.0	0.0	0.0	0.0	0.0	0.0	0.0	0.0	0.0	0.0	0.0	0.0	0.0	0.0	0.0	0.0	0.0	0.0	0.0	0.0	0.0	0.0	0.0	0.0	0.0	0.0	0.0	1.89567e-09	0.0	0.0	0.0	0.0	0.0	0.0	0.0	0.0	0.0	0.0	0.0	0.0	0.0	0.0	0.0	0.0	0.0	0.0	0.0	0.0	0.0	0.0	0.0	0.0	0.0	0.0	0.0	0.0	0.0	0.0	0.0	0.0	0.0	0.0	0.0	0.0	0.0	0.0	0.02089	0.0	0.0	0.0	0.000561449	0.0	0.0	0.0	0.0	0.0	0.0	0.0	0.0	0.0	0.0	0.0	0.0	0.0	0.0	0.0	0.0	0.0	0.0	0.0	0.0	0.0	0.0	0.0	0.0	0.0	0.0	0.0	0.0	0.0	0.0	0.0	0.0	0.0	0.0	0.0	0.0	0.0	0.0	0.0	0.0	0.0	0.0	0.0	0.0	0.0	0.0	0.0	0.0	0.0	0.0	0.0	0.0	0.0	0.0	0.0	0.0	0.0	0.0	0.0	0.0	0.0	0.0	0.0	0.0	0.0	0.0	0.0	0.0	0.0	0.0	0.0	0.0	0.0	0.0	0.0	0.0	0.0	0.0	0.0	0.0	0.0	0.0	0.0	0.0	0.0	9.0779e-10	0.0	0.0	0.0	0.0	0.0	0.000641056	0.0	0.0	0.0	0.0	0.0	0.0	0.0	0.0	0.0	0.0	0.0	0.0	0.0	0.0	0.8687090000000001	0.0	0.0	0.0	0.0	0.0	0.0	0.0	0.0	0.0	0.0	0.0	0.0	0.0	0.0	0.0	0.0	0.0	0.0	0.0	0.0	0.0	0.0	0.0	0.0	0.0	0.0	0.0	0.0	0.0	0.0	0.0	0.0	0.0	0.0	0.0	0.0
TP53	TP53-201	0.0	0.0	0.0	0.0	0.0	0.0	0.0	0.0	0.0	0.0	0.0	0.0	0.049264499999999996	0.0	0.0	0.0	0.0	0.0	0.0	0.0	0.0	0.0	0.0	0.0	0.0	0.0	0.0	0.0	0.0	0.0	0.0	0.0	0.0	0.0	0.0	0.0	0.0	0.0	0.0	0.0	0.0	0.0	0.0	0.0	0.0	0.0	0.0	0.0	0.0	0.0	0.0	0.0	0.0	0.0	0.0	0.0	0.0	0.0	0.0	0.0	0.0	0.0	0.0	0.0	0.0	0.0	0.0	0.0	0.0	0.0	0.0	0.0	0.0	0.0	0.0	0.0	0.0	0.0	0.0	0.0	0.0	0.0	0.0	0.0	0.0	0.0	0.0	0.0	0.0	0.0	0.0	0.0	0.0	0.0	0.0	0.0	0.0	0.0	0.0	0.0	0.0	0.0	0.0	0.0	0.0	0.0	0.0	0.0	0.0	0.0	0.0	0.0	0.0	0.0	0.0	0.0	0.0	0.0	0.0	0.0	0.0	0.0	0.0	0.0	0.0	0.0	0.0	0.0	0.0	0.0	0.0	0.0	0.0	0.0	0.0	0.0	0.0	0.0	0.0	0.0	0.0	0.0	0.0	0.0	0.0	0.0	0.0	0.0	0.0	0.0	0.0	0.0	0.0	0.0	0.0	0.0	0.0	0.0	0.0	0.0	0.0	0.0	0.0	0.0	0.0	0.0	0.0	0.0	0.0	0.0	0.0	0.0	0.0	0.0	0.0	0.0	0.0	0.0	0.0	0.0	0.0	0.0	0.0	0.0	0.0	0.0	0.0	0.0	0.0	0.0	0.0	0.0	0.0	0.0	0.0	0.0	0.0	0.0	0.0	0.0	0.0	0.0	0.0	0.0	0.0	0.0	0.0	0.0	0.0	0.0	0.0	0.0	0.0	0.0	0.0	0.0	0.0	0.0	0.0	0.0	0.0	0.0	0.0	0.0	0.0	0.0	0.0	0.0	0.0	0.0	0.0	0.0	0.0	0.0	0.0	0.0322113	0.0	0.0	0.0	0.0	0.0	0.0	0.0	0.0	0.0	0.0	0.0	0.0	0.0	0.0	0.0	0.0	0.0	0.0	0.0	0.0	0.0	0.02839395	0.0	0.0	0.0	0.0	0.0	0.0	0.0	0.0	0.0	0.0	0.0	0.0	0.0	0.0	0.0	0.0	0.0	0.0	0.0	0.0	0.0	0.0435092	0.0	0.0	0.0	0.0	0.03000935	0.0	0.0	0.0	0.0	0.0
TP53	TP53-202	0.0	0.0	0.0	0.0	0.0	0.0	0.0	0.0	0.0	0.0	0.0	0.0	3.7211e-08	0.0	0.0	0.0	0.0	0.0	0.0	0.0	0.0	0.0	0.0	0.0	0.0	0.0	0.16133	0.0	0.0	0.0	0.0	0.0	0.0	0.0	9.846230000000001e-06	0.0	0.0	0.0	0.213275	0.0	0.0	0.0	0.0	0.0	0.0	0.0	0.0	0.0	0.0	0.0	0.0	0.0	0.0	0.0	0.000312167	0.0	0.0	0.0	0.0	0.0	0.0	0.0	0.0	0.000109398	0.0	0.0	0.0	0.0	0.0	0.0	0.0	0.0	0.0	0.0	0.0	0.0	0.0	0.0	0.0	0.0	0.0	0.0	0.0	0.0	0.0	0.0	0.0	0.0	0.0	0.0	0.0	0.0	0.0	0.0	0.0	0.0	0.0	0.0	0.0	0.0	0.145003	0.0	0.0	0.0	0.0	0.0	0.0	0.0	0.0	0.0	0.0	0.325329	0.0	0.0	0.0	0.0	0.0	0.0	0.0	0.0	0.0	0.0	0.0	0.0	0.0	0.0	0.0	0.0	0.0	0.737771	0.0	0.0	0.0	0.0	0.0	0.758063	0.0	0.0	5.93668e-06	0.0	0.0	0.0	2.34284e-06	0.0	0.0	0.0	0.0	0.0	0.0	0.0	0.0	0.0	0.0	0.0	0.0	0.284964	0.0	0.0	2.8401400000000002e-08	0.0	0.0	0.0	0.0	0.0	0.0	0.101806	0.0	0.0	0.0	0.0	0.0	0.0	0.0	0.0	0.0	0.0	0.0	0.0	0.0	0.0	0.0	0.0	0.0	0.0	0.0	0.0	0.0	0.14514000000000002	0.0	0.0	0.0	0.0	0.0	0.0	0.0	0.0	0.0	0.0	0.0	0.0	0.0	0.0	0.0	4.679640000000001e-09	0.0	0.0	0.0	0.0	0.0	0.0	0.0	0.0	0.0	0.0	0.0	0.0	0.0	0.0	0.0	0.0	0.0	0.0	0.0	0.0	0.0	0.0	0.0	0.0	0.0	0.0	0.0	0.0	6.64124e-10	0.07587050000000001	0.0	0.0	0.0	0.0	0.0	0.0	0.0401481	0.0	0.0	0.0	0.0	0.0	0.0	0.0	2.53581e-10	0.0	0.0	0.0	0.0	0.0	0.0	0.0	0.0	0.0	0.0	2.69881e-10	0.0	0.0	0.0	0.0	0.0	0.2585825	0.0	0.0	0.0	0.0	0.0	0.0	0.0	0.0	0.0	0.0	0.0	0.0	0.0	0.0	0.0	0.0	0.0	0.0	0.0	0.0	0.0	0.0	0.061733	0.0943475
TP53	TP53-024	0.0	0.0	0.0	0.0	0.0	0.0	0.0	0.0	0.0	0.0	0.0	0.0	0.0	0.0	0.0	0.0	0.0	0.0	0.0	0.0	0.0	0.0	0.0	0.0	0.0	0.0	0.0	0.0	0.0	0.0	0.0	0.0	0.0	0.0	0.0	0.0	0.0	0.0	0.0	0.0	0.0	0.0	0.0	0.0	0.0	0.0	0.0	0.0	0.0	0.0	0.0	0.0	0.0	0.0	0.0	0.0	0.0	0.0	0.0	0.0	0.0	0.0	0.0	0.0	0.0	0.0	0.0	0.0	0.0	0.0	0.0	0.0	0.0	0.0	0.0	0.0	0.0	0.0	0.0	0.0	0.0	0.0	0.0	0.0	0.0	0.0	1.44843e-09	0.0	0.0	0.0	0.0	0.0	0.0	8.42249e-10	0.0	0.0	0.0	0.0	0.0	0.0	0.0	0.0	0.0	9.67704e-09	0.0	0.0	0.0	0.0	0.0	0.0	0.0	0.0	0.0	3.00534e-10	0.0	1.0738200000000001e-07	0.0	0.0	0.0	0.0	0.0	0.0	0.0	0.0	0.0	0.0	0.0	0.0	0.0	0.0	0.0	0.0	0.0	0.0	0.0	0.0	0.0	0.0	0.017392400000000002	0.0	0.0	0.0	0.14739000000000002	0.0	0.0	0.0	0.0	0.0	0.0	0.0	0.0	3.01012e-10	0.0	0.0	0.0	0.0	0.0	3.6344499999999996e-07	0.00453854	0.0	0.0	0.0	0.0	0.0	0.0	0.0	0.0	0.0	0.0	0.0	0.0	0.0	0.0	0.0	0.0	0.0	0.0	0.0	0.0	0.0	0.0	0.0	0.0	0.0	0.0	0.0	0.0	0.0	0.0	0.0	0.0	0.0	0.0	0.0	0.0	0.0	0.0	0.0	0.0	0.0	0.0	0.0	0.0	0.0	5.01743e-09	0.0	0.0	0.0	0.0	0.0	0.0	0.0	0.0	0.0	0.0	0.0	0.0	0.0	0.0	0.0	0.0	0.0	0.0	0.0	0.0	0.0	0.0	0.0	0.0	0.0	0.0	0.0	0.000236905	0.0	0.0	0.0	0.0	0.0	0.00488825	0.0	0.0	0.0	0.0	0.0	0.0	0.0	0.0	3.898e-10	2.43082e-09	0.0	0.0	0.0	0.0872414	0.0	7.1527299999999996e-09	0.0	0.0	0.0	0.0	0.0	0.0	0.0	0.0	0.0	0.0	0.0	0.0	0.0	0.0	0.0	0.0	0.0	0.0	0.0	0.0	0.0	0.0	0.0	0.0	0.0	0.0	0.0	0.0	0.0	0.0	0.0	0.0	0.0	0.0	0.0
TP53	TP53-023	1.8178400000000001	0.45243	1.92209	0.27807600000000005	6.67242	0.0	1.7693900000000002	0.0721325	6.0803	7.23193	0.5742470000000001	4.13755	1.60134	0.782814	0.11481	1.1296	0.214047	1.53829	1.10811	13.7455	1.56595	1.91378	0.20834	4.21077	1.29779	0.307417	0.966349	0.8221780000000001	0.0	1.0717299999999998	3.15572	2.02386	8.42907	0.9435950000000001	0.14616700000000002	12.1357	3.80329	1.12366	1.0816700000000001	3.6505199999999998	0.402269	0.9614299999999999	4.87121	3.9560800000000005	0.0982792	0.152588	4.12249	1.37421	2.56877	0.27312	1.83607	0.347525	8.04819	0.0349108	0.45027799999999996	0.40325700000000003	8.77731	6.1081199999999995	6.6858	2.95173	3.4834699999999996	4.5997900000000005	5.95927	0.249538	0.371832	5.65105e-05	0.0864182	0.227125	5.67846	0.22536199999999998	0.538432	0.119899	0.7756390000000001	0.306473	1.23569	1.19276	0.37743699999999997	8.16222	12.7345	5.64372	5.29805	0.8866129999999999	1.31955	5.79298	0.544597	0.240587	6.31988	0.235918	6.7579899999999995	2.75133	6.41615	0.043497	3.1988	16.105999999999998	2.47899	7.5197	4.01483	0.281221	0.779583	0.981715	0.280575	5.10499	1.49237	3.17846	6.1212599999999995	0.224183	6.29584e-05	1.70914	3.4847699999999997	2.4464	0.600362	2.59226	0.657151	6.51115	1.01369	8.2616	7.1577399999999995	5.7127099999999995	7.91303	3.23671	1.2136	3.45776	5.14735	0.10538499999999999	9.291839999999999	2.9771400000000003	1.12604	0.376305	0.211509	0.238141	0.622196	0.8176859999999999	0.8441860000000001	5.67307	2.04776	1.4424	3.1926900000000002	1.77187	5.00366	0.186247	0.0108465	0.260773	16.4908	0.343804	13.3997	6.785880000000001	23.5767	6.82379	6.10342	0.37375	2.63351	7.23722	0.0	3.7320900000000004	1.43052	8.76375e-09	0.275581	5.0288	11.0646	9.6071	7.0529	9.14762	1.8243099999999999	5.25314	0.600264	0.224935	0.0	0.0	0.563513	0.647185	0.476908	0.262786	0.884919	0.344122	0.330332	0.21971500000000002	0.738704	0.466005	0.31813800000000003	0.190478	0.877434	0.313297	0.301157	5.19666	6.63001	1.75883	0.309992	3.7381699999999998	10.3951	5.34299	0.627185	0.783632	0.34677399999999997	4.84508	0.167668	0.767629	0.31989	3.4738	2.04719	0.26957800000000004	0.123744	0.551446	0.0	0.17235799999999998	9.559289999999999	0.30819	0.230569	0.0857721	0.561311	0.154918	1.14514	1.01721	0.26069899999999996	0.6633819999999999	0.401942	0.42245699999999997	0.332839	8.08568	11.3857	0.24134299999999997	1.47233e-09	0.14998	0.125197	5.225280000000001	0.372164	0.26641	0.714626	0.49916099999999997	0.843382	0.186547	6.82078	3.4984	14.7655	0.0460449	3.50803	0.98341	0.161502	8.00157	16.8745	0.043528	0.183079	0.22781700000000002	3.8244300000000004	0.815504	8.1078	9.045110000000001	2.4921	1.54844	1.59297	0.677532	0.650972	4.4656	10.9924	5.19926	2.02199	1.6734200000000001	4.84068	0.7009195	0.2843329	1.1954355	6.1063406475	0.6831905	0.495181	0.7627415	0.5312095	0.707299	0.285082	0.3125	0.4232726	0.2525385	0.389753	0.143282	0.428639	0.2500445	0.06825335	0.2330415	0.3144245	0.251794	0.0328889	0.0916579	1.7057475	3.032091	0.4610975	0.1348089	0.1648625	0.0897749	0.309958	0.165728	0.2361475	5.63746045
TP53	TP53-028	0.21670100000000003	4.7082	4.07866	2.8369400000000002	1.23471	2.04135	2.85708	0.730966	4.485119999999999	4.14445	3.40099	2.1080799999999997	3.78628	6.66933	5.20865	4.87465	1.93124	13.1887	8.36764	4.0690800000000005	3.0176	4.09354	2.25795	1.7018900000000001	2.90936	1.30094	1.1164100000000001	5.05845	4.976459999999999	3.47825	9.24726	3.5844199999999997	0.46501499999999996	2.90757	2.8012599999999996	1.80092	1.7883900000000001	3.70327	4.51231	0.16430799999999998	2.88993	3.7254699999999996	0.0	1.17381	1.6864299999999999	1.21817	4.48409	2.79189	3.4318	0.952909	2.95573	4.34845	4.3019099999999995	2.02242	4.6893400000000005	4.89971	2.86062	4.75554	0.907323	8.313089999999999	2.10283	3.68145	1.74445	4.42574	3.8568599999999997	3.12303	2.4293400000000003	9.900830000000001	4.56806	1.2192	4.06914	4.00973	4.434769999999999	4.68035	16.6895	7.1070899999999995	7.270010000000001	0.331167	0.0	0.23990799999999998	2.89462	4.1460300000000005	2.4210599999999998	8.96159	2.13707	0.899518	0.7299220000000001	5.26512	0.497508	0.694685	3.4896199999999995	8.84173	3.13079	0.110694	11.2801	3.76704	1.13655	5.72686	10.2312	0.744715	0.455658	1.74279	2.73917	1.80755	4.11485	3.79814	8.05851	5.06147	3.1005599999999998	2.54068	3.8875	3.2462400000000002	12.3744	0.267178	3.9491199999999997	0.23490999999999998	0.714041	0.15859	0.415893	2.45572	3.36105	7.0242	0.675722	0.5323869999999999	1.40204	5.77093	7.98678	3.65481	5.02635	2.02579	7.64301	5.89279	4.71319	0.0	3.03843	4.61921	2.4481	6.21244	0.0115167	10.064	3.64244	9.4455	0.000165253	7.438839999999999	1.53869	3.5542300000000004	0.871251	6.615010000000001	0.0	8.73663	4.52377	0.34780900000000003	4.96985	6.15574	14.651	3.8166599999999997	3.35834	0.520271	0.0669547	7.18617	2.48825	14.3578	2.78494	2.7784400000000002	5.429790000000001	5.0061599999999995	3.9237900000000003	3.4466300000000003	5.7467	8.245289999999999	7.3473	3.5532800000000004	3.8465	9.97387	2.16875	2.6642	7.37533	6.1370000000000005	2.49465	1.63995	2.5181400000000003	3.5822	4.08969	3.5960900000000002	3.51491	12.4388	6.0457	4.5820099999999995	6.96788	3.0564400000000003	7.862419999999999	3.93696	2.94584	2.97277	3.00165	4.14299	5.35804	6.06146	5.50015	6.6223399999999994	1.92189	1.89307	0.00039731900000000004	5.71128	1.41855	3.57061	7.12926	5.5037199999999995	8.03727	5.0071	0.761908	2.6333900000000003	4.08635	3.41523	5.98654	2.4121099999999998	10.5146	1.5515	0.305651	1.9627599999999998	8.57006	10.2543	3.7073699999999996	5.13515	4.4096	7.514660000000001	7.83621	13.2391	14.0035	7.568219999999999	2.30238	1.26301	0.66727	2.13022	0.485883	3.13889	11.4952	1.61268	0.000165218	6.38022	6.29472	9.03182	1.56608	4.44024	14.8869	1.38008	10.2672	11.7351	6.26819	2.1011900000000003	6.06628	2.79353	0.0403862	0.33637100000000003	0.0201395	3.78695	0.00796037	3.60567	2.008605	3.877605	1.9928855	5.85883	4.606865	3.880795	2.99385	8.23688	3.01755	3.665995	1.8882155	6.492125	5.5378755	4.171435	5.16966	6.776625	3.835085	3.8622	6.485035	4.151375	9.579845	6.174135	4.515975	3.639059	2.60036	1.2689525	3.64224	4.37782	6.16974	4.376765	4.94952	3.805795
TP53	TP53-021	0.0	13.2909	3.36711	5.37493	0.360578	2.9558400000000002	6.00421	3.9581699999999995	0.0	5.41167	7.12407	8.03001	9.55697	6.3976	10.4233	7.2952699999999995	5.69982	7.09595	7.0898699999999995	2.2583	5.82552	10.5985	2.18223	1.00701	3.14584	10.1965	5.23722	6.1762	1.9478400000000002	2.1389	4.34696	1.50819	0.0	7.63765	7.774139999999999	1.63644	0.551457	5.07873	2.91105	0.0	12.7119	8.63215	0.0	0.618901	1.6965400000000002	4.04885	3.6151	2.37784	6.26021	9.20854	5.94102	4.84074	0.791307	5.4752	9.59199	10.2647	6.31693	4.3655800000000005	1.24454	6.889660000000001	0.784179	3.21237	0.158218	4.68812	9.525139999999999	8.54716	5.2744800000000005	9.02317	1.9001	2.43732	6.4932	4.4318	9.78815	8.062439999999999	10.4518	7.4681	16.2082	0.0429483	0.00629849	9.354449999999999e-07	2.30933	5.04793	5.25285	4.61223	10.4788	3.07804	1.3674899999999999	2.73943	0.17874	3.8143	4.8684	7.67212	2.11654	2.66676e-07	0.6256659999999999	1.6177	1.05521	3.2848300000000004	8.55414	9.13499	2.43762	4.04058	3.68799	1.55586	2.1097599999999996	7.042999999999999	5.96496	11.1052	5.27958	7.868410000000001	6.75588	5.857069999999999	4.89677	0.501426	7.896139999999999	0.0	2.9186	0.146256	0.269196	2.61036	4.2407699999999995	6.188280000000001	0.687775	3.22395	0.00020894299999999998	1.06067	5.50856	11.9131	5.9547099999999995	6.916460000000001	11.6235	5.26675	8.24972	0.0	3.32657	4.0774300000000006	3.7777	4.28001	0.922283	9.249419999999999	6.98283	6.288119999999999	1.04205	5.19796	6.37221e-07	0.776505	0.0	3.47983	0.0882847	6.29745	1.62618	0.8642629999999999	3.8487400000000003	5.3945099999999995	16.7198	4.46606	3.76833	0.415626	0.06398290000000001	5.81101	1.9618	7.43625	2.68925	1.7977599999999998	7.7066	8.04628	3.76635	5.76195	8.58008	10.3447	3.75189	2.7319400000000003	7.29236	10.2714	9.96304	3.4234	9.67959	9.86885	7.09845	11.5958	2.42377	5.18227	13.4104	3.59091	2.72707	6.54021	7.31243	4.4355	2.87709	1.21849	6.24003	11.2699	19.2539	1.0844799999999999	4.16384	5.0473300000000005	15.7222	3.6161300000000005	6.829439999999999	7.63103	13.4312	1.6873900000000002	15.5332	12.0004	0.36833699999999997	7.625769999999999	15.4056	7.5217	5.52196	7.85942	0.23485999999999999	1.74489	5.53402	3.0070200000000002	5.22583	5.70596	8.09022	1.25483	0.120031	5.66729	5.8778	15.6527	2.88813	2.01752	6.33389	11.5968	6.524859999999999	6.5437199999999995	11.1292	9.707139999999999	1.80193	0.331692	0.313619	7.82931	0.251724	0.601489	14.8773	0.00514562	0.0	8.60466	11.8176	15.5687	1.311	10.7683	9.194289999999999	0.713661	5.984319999999999	8.85753	9.83123	10.8338	11.7758	3.00295	0.318362	0.0	4.8600900000000005	12.6088	3.353	5.94327	3.54339	4.916345	1.96826	2.94709	4.191895	2.377715	6.003565	18.3626	5.15228	4.584275	2.05494	12.90539	7.111175	7.756565	4.534155	7.86804	6.378105	9.23793	9.574515	5.657875	7.9824965	12.779525	4.237275	2.97626	3.1326915	5.402155	5.50091	8.102725	8.27454	4.43276	5.377385	3.555455
TP53	TP53-025	0.0	0.0	0.118869	0.0	0.0	0.0	0.568919	0.0557654	0.0	0.125136	0.351051	0.13408599999999998	0.31861	0.644129	0.343142	0.207103	0.269295	0.0	0.0	0.386625	0.07534489999999999	0.0	0.0	0.607413	0.0	0.0630473	0.0836025	0.31737	0.0	0.0653314	0.7224430000000001	0.10239	0.0	0.0581702	0.14649500000000001	0.198727	0.0	0.287026	0.119423	0.0	0.313893	0.0	0.0	0.0861643	0.0600354	0.0	0.34205399999999997	0.608186	0.141744	0.136914	0.394097	0.146561	0.0	0.267031	0.151662	0.258114	0.786555	0.403816	0.0	0.549433	0.0	0.0859995	0.233265	0.188028	0.18888	0.0685786	0.284585	0.164805	0.414206	0.0593097	0.802303	0.0	0.0	0.107725	0.093489	0.378238	0.46540299999999996	0.226208	0.0	0.106244	0.0	0.0813591	0.171974	0.444895	0.094104	0.0	0.11971099999999998	0.125486	0.0	0.126551	0.0	0.11790999999999999	0.0900258	0.144715	0.0	0.248773	0.0733192	0.165794	0.544922	0.07069500000000001	0.0410958	0.0	0.30243000000000003	0.165925	0.0	0.401406	0.463267	0.8542690000000001	0.140097	0.20422300000000002	0.40936100000000003	0.389419	0.0	0.8315	0.0	0.352664	0.0	0.0	0.268563	0.383463	0.0	0.38040999999999997	0.0653982	0.0	0.14538199999999998	0.359003	0.253841	0.108701	0.0	3.8800900000000005e-06	0.0	0.212704	0.0738528	0.0	0.221241	2.20551e-08	0.0	0.47353599999999996	0.0721529	0.30919800000000003	0.0	0.294055	0.23234699999999997	0.95434	0.350555	0.34449	0.0	0.621326	0.0	0.0	0.0	0.139316	0.659725	0.49722799999999995	0.19054000000000001	0.165639	0.072365	0.09114080000000001	0.07939589999999999	0.243581	0.0	0.782431	0.24215100000000003	0.0	0.129804	0.0	0.0	0.270097	0.265522	0.435468	0.132139	0.0760444	0.0881816	0.205277	0.0	0.0	0.380024	0.236544	0.34014099999999997	0.28421	0.12250599999999999	0.0	0.264449	0.47112200000000004	0.638352	0.258907	0.652403	0.0443054	0.0	0.787483	0.190749	0.099445	0.153649	0.8983030000000001	0.0	0.0	0.25498200000000004	0.10672999999999999	0.25059699999999996	0.0958832	0.139953	1.7492299999999998	0.519421	0.187637	0.184557	0.0	0.47347	0.151609	0.25729	0.172074	0.0	0.163867	0.0771001	0.064835	0.10698599999999998	0.313704	0.0	0.0	0.06436990000000001	0.062962	0.21808000000000002	0.0	0.271314	0.416558	0.0910724	0.201295	0.174793	0.28726999999999997	0.64247	0.0	0.0	0.0	0.48531199999999997	0.00744829	0.0	0.0	1.11391	0.225644	0.5556760000000001	0.174405	0.0439161	0.282127	0.0	0.736388	0.779098	0.0	0.071575	0.981743	0.7348140000000001	0.08594199999999999	0.508066	0.258892	0.145217	0.0	0.0840057	0.435382	0.0	0.0889515	0.20986115	0.3298295	0.0	0.121439	0.4720765	0.276709	0.1527475	0.0	0.0645852	0.0	0.0	0.02194525	0.2575769	0.1068625	0.02240405	0.1109245	0.1691223	0.1050195	0.1163715	0.0	0.03995385	0.0615055	0.2071263	0.1147785	0.1728765	0.0	0.119732	0.0253851	0.283038	0.0583985	0.0850545	0.1238247
TP53	TP53-029	0.0	0.656954	0.025907	0.0755151	0.280852	0.0661646	0.257823	0.021377700000000003	0.21501199999999998	0.355254	0.422433	0.468053	0.930261	0.352243	0.137219	0.343195	0.11158900000000001	0.755634	0.261739	0.521233	0.183596	0.7286279999999999	0.08226069999999999	0.23177199999999998	0.0863738	0.21017199999999997	0.07530210000000001	0.16179100000000002	0.186273	0.014048099999999999	0.599209	0.053552300000000004	0.10598900000000001	0.146056	0.121361	0.460054	0.0444247	0.214955	0.0720253	0.033278800000000004	0.204005	0.302016	0.0689765	0.0368828	0.0172822	0.0	0.122677	0.140474	0.505631	0.12826600000000002	0.130583	0.178108	0.177316	0.049568400000000006	0.134948	0.186024	0.15670499999999998	0.22074699999999997	0.10029400000000001	0.471243	0.046921	0.110642	0.22760999999999998	0.28483800000000004	0.29358	0.153886	0.07668810000000001	0.21101999999999999	0.184834	0.0242154	0.179645	0.0505821	0.411384	0.11068099999999999	1.01893	0.393583	0.74425	0.181293	0.167214	0.0635497	0.176109	0.202201	0.104325	0.62103	0.321155	0.0756462	0.179707	0.054201400000000004	0.18581	0.286821	0.0951434	0.18244000000000002	0.0	0.0877043	0.342398	0.08518339999999999	0.161639	0.16808399999999998	0.561314	0.222146	0.0200176	2.2337	0.22951100000000002	0.0182167	0.7400359999999999	0.384048	0.196684	0.409867	0.419691	0.340073	0.407344	0.40425300000000003	1.1193899999999999	0.287984	0.22150599999999998	0.14163499999999998	0.014325899999999999	0.42566800000000005	0.225873	0.178844	0.21844	0.409527	0.0430206	0.123301	0.0438287	0.0835732	0.386737	0.35935500000000004	0.120081	0.0329288	0.715213	3.96605	0.502487	0.0384976	0.47201499999999996	0.461188	0.33457	0.0770168	0.218069	0.475405	0.468088	0.0723066	0.837723	0.229958	0.205938	0.251175	0.056765499999999997	0.400559	1.1320700000000001	0.095591	0.0317375	0.23594299999999999	0.219883	0.209677	0.8828530000000001	0.0	0.020309900000000002	0.0774436	0.21653699999999998	0.281315	0.031211900000000004	0.23244	0.116553	0.140276	0.366668	0.13231400000000001	0.0249362	0.12343299999999999	0.43415299999999996	0.40770500000000004	0.597059	0.0447234	0.567083	0.33187300000000003	0.400864	0.11124400000000001	0.408122	0.339036	0.575666	0.324704	0.12746	0.146869	0.7790699999999999	0.10343699999999999	0.147515	0.49579300000000004	0.258395	0.32571100000000003	0.413332	0.11256500000000001	0.104849	0.147171	0.48448599999999997	0.203408	2.3559400000000004	0.22231399999999998	0.940214	0.65446	0.234102	0.16936600000000002	0.552021	0.6218739999999999	0.285486	0.407395	0.121998	0.147649	0.616314	0.0791398	0.0846314	0.189889	0.0285267	0.108022	0.1408	0.0226546	0.172488	0.059815	1.04779	0.0271399	0.06502680000000001	0.287607	0.310222	0.49621899999999997	0.18776199999999998	0.0804348	0.26763400000000004	0.21132800000000002	0.230402	0.5037159999999999	0.5619270000000001	0.34633600000000003	0.14756	0.0	0.129849	0.103415	0.191026	0.0337525	0.5980449999999999	0.195218	0.765243	0.11885899999999999	5.8490400000000005	0.698256	0.127503	1.12697	1.44331	0.29349899999999995	1.7533599999999998	0.5272	0.903078	1.1559700000000002	0.582374	0.34576	0.46983500000000006	0.501083	0.299264	0.6110439999999999	0.0	0.20717	0.3043845	0.4390595	0.303278	0.1759205	0.2690255	0.1140651	0.165278	0.738324	0.10018085	0.1336157	0.0821885	0.5229935	0.1522215	0.14061685	0.10418815	0.1630395	0.1617845	0.20737065	0.3097745	0.12943	0.4954324	0.362659	0.1154161	0.0601414	0.1226575	0.131615	0.178254	0.1390437	0.2129911	0.1677	0.1423125	0.24167095
FLG	FLG-001	0.018116999999999998	0.05965499999999999	0.013122899999999998	0.214941	0.00997065	0.132799	0.325024	0.358559	0.0434641	0.374046	0.200435	0.663399	0.190092	0.610178	0.14291800000000002	0.17207999999999998	0.158525	0.413088	0.0375624	0.140664	0.249096	0.271369	1.0296299999999998	0.07987489999999998	0.10254400000000001	0.125224	0.0111969	0.021650700000000002	0.0996507	0.131931	0.0	0.013078799999999998	0.11566900000000001	0.0939176	0.303208	0.11691800000000001	0.0400782	0.8321629999999999	0.190424	0.00192597	1.77958	0.44788100000000003	0.00218674	0.0084711	0.109607	0.2618	0.264937	0.662175	0.0124979	0.18454	0.0376854	0.16478800000000002	0.026451	0.111607	0.025253	0.470218	0.26006399999999996	0.10906700000000001	0.0105625	0.0552611	0.00957115	0.077331	0.0	0.28826999999999997	0.34718899999999997	0.0873893	0.0645514	0.00614234	0.0892032	0.18549000000000002	0.739449	0.07897080000000001	0.297381	0.0815342	0.22164699999999998	0.610804	0.1209	0.127189	0.0347791	0.00122264	0.05834580000000001	0.322561	0.422379	0.293115	0.16258699999999998	0.5347430000000001	0.220125	0.176049	0.0183302	0.12564	0.0563184	0.12765	0.11953499999999999	0.00198718	0.157941	0.194414	0.00441266	0.774518	0.28471	0.34425500000000003	0.312386	0.202037	0.0428593	0.13885	0.365286	1.2932299999999999	0.30438000000000004	0.228712	0.00848381	0.0135605	0.307186	0.458412	1.18488	0.0932412	0.705216	0.00760003	0.00546349	0.039697500000000004	0.012213799999999999	0.036024099999999996	0.09973710000000001	0.297725	0.00973678	0.460158	0.0105387	0.0672077	0.658412	0.626476	0.035578	0.17248	0.00410775	0.44191499999999995	0.506899	0.00483837	0.0761304	0.00853877	0.291741	0.172243	0.189728	0.9885729999999999	0.806122	0.26963200000000004	0.027451999999999997	0.424571	0.0448175	0.11816600000000001	0.0130655	0.072418	0.0201577	0.0186534	0.0	0.0244015	0.493753	0.130421	0.258862	0.14452	0.039383800000000004	0.10455199999999999	0.132268	0.072849	0.0796998	0.16506700000000002	0.10874400000000001	0.0436348	0.596336	0.0815533	0.154805	0.0585688	0.130874	0.32890199999999997	0.138577	0.22551	0.5159060000000001	0.25335100000000005	1.07301	0.09008780000000001	4.5538	0.313825	0.278287	0.719757	0.143696	0.0368023	0.49927	0.161906	0.0962127	0.117702	0.6198779999999999	0.18767899999999998	0.0468174	0.0824893	0.155092	0.129825	0.47173999999999994	0.251612	0.49895500000000004	0.320849	0.040663	0.026370099999999997	0.166323	0.055350800000000006	0.0332195	0.00904817	0.9639549999999999	0.0607086	0.047738199999999995	0.116783	0.145767	0.9712059999999999	0.0744456	0.628822	0.015415799999999999	0.00952311	0.782209	0.017409400000000002	0.870423	0.18116500000000002	0.690283	0.0395817	0.10253699999999999	0.136773	0.407059	0.32019000000000003	0.153291	0.168454	0.206075	0.369269	0.7671319999999999	0.11579	0.153	0.0224792	0.049727	0.0131657	0.115378	0.119957	0.0110459	0.089792	0.3597	0.30948600000000004	0.119877	0.382271	0.463585	0.13281800000000002	0.0364045	2.08149	0.8951049999999999	0.0201175	0.0246486	0.0169237	0.373098	2.2704	0.937593	0.00232231	0.06838739999999999	0.117021	0.00340788	1.01985	0.192864	0.74499565	0.38389465	0.7586425	0.2572721	0.11263125	0.13011	0.12365405	0.8912865	0.5329515	0.492121	0.5384335	0.3663565	0.4005135	0.667952	0.2801563	0.0600159	0.566209	0.653686	1.1100345	0.8486335	0.421656	0.52048	0.2026405	0.29574735	0.2433405	0.35546095	0.32416505	0.16149425	0.1237055	0.782547	0.542751	0.17918775	0.8446892
LCE1C	LCE1C-002	0.0	0.0	0.0	0.0	0.0	0.0	0.0	0.0	0.0	0.0	0.0	0.0	0.0	0.0	0.0	0.0	0.0	0.0	0.0	0.0	0.0	0.0	0.0	0.0	0.0	0.0	0.0	0.0	0.0	0.0	0.0	0.225569	0.0	0.0	0.0	0.0	0.0	0.0	1.5722399999999999	0.0	0.0	0.0	0.0	0.0	0.0	0.0	0.0	0.0	0.0	0.0	0.0	0.0	0.0	0.0	0.0	0.0	0.0	0.0	0.0	0.0	0.0	0.0	0.0	0.0	0.0	0.0	0.0	0.0	0.0	0.296149	0.0	0.0	0.0	0.0	0.0	0.0	0.0	0.0	0.0	0.0	0.0	0.0	0.0	0.0	0.0	0.0	0.0	0.0	0.0	0.0	0.0	0.21911799999999998	0.0	0.0	0.0	0.0	0.0	0.0	0.0	0.0	0.0	0.0	0.0	0.0	0.0	0.0	0.0	0.0	0.0	0.0	0.0	0.0	0.0	0.0	0.0	0.0	0.0	0.0	0.0	0.0	0.0	0.0	0.0	0.0	0.0	0.0	0.0	0.275294	0.0	0.0	0.0	0.0	0.0	0.0	0.0	0.0	0.0	0.0	0.0	0.0	0.0	0.41895	0.0	0.0	0.0	0.0	0.0	0.0	0.0	0.0	0.0	0.0	0.0	0.0	0.0	0.0	0.0	0.0	0.0	0.0	0.0	0.0	0.0	0.0	0.0	0.0	0.0	0.0	0.0	0.0	0.0	0.0	0.0	0.0	0.0	0.0	0.0	0.0	0.0	0.0	0.0	0.0	0.0	0.0	0.0	0.0	0.0	0.0	0.0	0.0	0.0	0.0	0.0	0.0	0.0	0.0	0.0	0.0	0.0	0.0	0.0	0.0	0.0	0.0	0.0	0.0	0.0	0.0	0.0	0.0	0.6039899999999999	0.21422600000000003	0.0	3.40654	0.0	0.0	0.0	0.328608	0.0	0.0	0.0	0.0	0.0	0.0	0.0	0.0	0.0	0.0	0.0	0.0	0.0	0.0	0.0	0.0	0.0	0.0	0.0	0.0	0.0	0.0	0.0	0.0	0.0	0.0	0.0	0.0	0.0	0.0	0.0	0.0	0.0	0.0	0.0	0.0	0.0	0.0	0.0	0.0	0.440965	0.0	0.0	0.0	0.0	0.0	0.0	0.0	0.765905	0.0	0.0	0.0	0.1389095	0.0	0.188846	0.0	0.322472	0.1573595	0.0	0.0	0.0	0.0	0.386583	0.0	0.0	0.145277	0.2508315	0.839105	0.0118573	0.0	0.0	0.0
LCE1C	LCE1C-001	0.0	0.0	0.0	0.0	0.0	0.0	0.0	0.031032	0.0	0.0	0.0	0.0	0.0	0.0	0.0	0.0740604	0.0	0.0	0.0	0.0	0.0	0.0	0.0	0.0	0.0	0.0	0.0	0.0	0.0	0.0	0.0	0.0	0.0410351	0.0	0.0	0.0	0.0	0.0	1.18379	0.0	0.0	0.0	0.0	0.0	0.029476599999999995	0.0	0.0	0.0	0.0	0.0	0.0	0.033750800000000004	0.0	0.0	0.0	0.0	0.0	0.0	0.053376400000000004	0.0	0.0	0.039857	0.0	0.0	0.052860199999999996	0.0	0.0	0.126406	0.0	0.0385706	0.0	0.0	0.0497856	0.033646300000000004	0.0974416	0.0	0.0	0.03938130000000001	0.0	0.0	0.0	0.0	0.0439406	0.0407739	0.0	0.0	0.0552261	0.0327575	0.400429	0.0	0.213929	0.201658	0.0870455	0.0	0.0	0.0	0.0	0.0	0.0	0.0	0.0	0.0	0.0	0.0	0.0	0.0	0.0	0.0	0.0	0.0	0.0	0.0	0.0	0.0	0.0	0.0	0.0	0.034931300000000005	0.0	0.0	0.0	0.0	0.0261031	0.0	0.0	0.0	0.0	0.223485	0.0	0.0	0.0	0.0	0.0	0.0	0.0	0.0	0.0	0.0	0.0	0.0	0.0	0.08733250000000001	0.0	0.0	0.0	0.0	0.24493299999999998	0.046076	0.0	0.0	0.0	0.0	0.0	0.0	0.0498662	0.06527530000000001	0.0	0.0	0.0	0.0	0.189719	0.0887546	0.0	0.0	0.041732099999999994	0.0	0.0827755	0.0	0.0	0.0	0.0	0.0	0.0	0.0	0.0	0.0	0.0	0.035861699999999996	0.0	0.0565217	0.0	0.0	0.0	0.0	0.0	0.0	0.0	0.0	0.0	0.0	0.05414159999999999	0.0	0.0	0.0	0.0	0.0	0.0	0.0	0.0	0.0	0.040487800000000004	0.0	0.0	0.0	0.0	0.06164630000000001	0.0	0.0	0.0539938	0.0	0.104307	0.22057600000000002	0.047276900000000004	3.11015	0.0343567	0.0426505	0.0	0.0675911	0.0	0.12205099999999999	0.0	0.0	0.0	0.0	0.0	0.0	0.0	0.0	0.0	0.0417913	0.0900487	0.0	0.0	0.0	0.0	0.037452	0.0	0.0	0.0	0.113554	0.0	0.0	0.0	0.0421348	0.0	0.0	0.0	0.0	0.0	0.0	0.0	0.0	0.0	0.0	0.0	0.0	0.0	0.0844385	0.1982865	0.0	0.0	0.0333678	0.04257625	0.0	0.0	0.0	0.528765	0.03030045	0.0741935	0.2129475	0.33396	0.241137	0.2879405	0.1075555	0.232503	0.096808	0.3188155	0.0	0.450356	0.0	0.20755685	0.0	0.0	0.1781965	0.2074405	0.78458	0.118449	0.0660045	0.09019355	0.0593535
LCE1B	LCE1B-001	0.0	0.0	0.0	0.0	0.0	0.0	0.0	0.0	0.0	0.0286093	0.0	0.019121400000000004	0.021294	0.0	0.0	0.0193685	0.0	0.0	0.0	0.0	0.0	0.0	0.0	0.0	0.0	0.0	0.0	0.0	0.0	0.0	0.0	0.0	0.0	0.0174637	0.0	0.0	0.0	0.0	0.0	0.0	0.0	0.0	0.0	0.0	0.0	0.0	0.0	0.0	0.0	0.0	0.0	0.017965099999999998	0.0	0.0	0.0	0.016448400000000002	0.0	0.0	0.0	0.0	0.0	0.0213357	0.0	0.0	0.028410900000000003	0.0	0.0	0.0	0.0	0.0	0.0188649	0.0	0.0	0.017294	0.205054	0.0	0.0	0.0	0.0	0.015108799999999999	0.0	0.0	0.0	0.0214226	0.0	0.0	0.0	0.0175663	0.07845260000000001	0.0	0.0837046	0.0	0.0	0.0	0.0	0.0	0.0	0.0	0.0	0.035033499999999995	0.0	0.0	0.0	0.0	0.0	0.0	0.0	0.0	0.0	0.0176235	0.0	0.0	0.0	0.0	0.0	0.0	0.0	0.0	0.0	0.0	0.0	0.016875400000000002	0.0	0.0	0.0	0.0	0.0	0.013851400000000002	0.0293691	0.0	0.0	0.0	0.0	0.0	0.0235637	0.0	0.0	0.0	0.0	0.0	0.0	0.12947899999999998	0.0	0.0241544	0.0	0.0	0.0	0.046695099999999996	0.0	0.0	0.0389705	0.0	0.0	0.0	0.10313800000000001	0.086582	0.0	0.0	0.0	0.0	0.060463699999999995	0.0	0.0	0.0	0.0	0.0	0.0	0.020368400000000002	0.0	0.0	0.0213142	0.0	0.0	0.0	0.0	0.0	0.0	0.0184223	0.0	0.030150200000000002	0.0	0.0	0.0	0.0	0.0	0.0	0.0	0.0	0.0	0.0	0.0	0.0	0.0	0.0	0.0185032	0.0	0.0	0.0	0.0	0.0	0.0449036	0.0	0.0	0.0	0.0	0.0	0.0172682	0.0245429	0.0	0.0	0.0	0.0	0.0	0.0815569	0.0	0.0	0.0	0.0	0.0	0.0	0.0	0.0	0.0	0.0	0.0	0.0	0.0	0.0	0.0168384	0.0	0.0	0.0	0.0	0.0	0.0100682	0.0	0.0	0.0	0.0	0.0	0.0	0.0	0.0	0.0	0.0	0.0	0.0	0.0	0.0	0.0	0.0	0.0	0.0	0.297664	0.0	0.0	0.0	0.0	0.0	0.0	0.0	0.1552275	0.0	0.0116464	0.0	0.1046915	0.01311075	0.0	0.0095853	0.0	0.0	0.0	0.0	0.0	0.0	0.0	0.0	0.1156765	0.067366	0.0	0.0	0.0	0.0	0.0	0.0	0.0	0.0	0.0	0.0	0.0
LCE1F	LCE1F-001	0.0	0.0	0.0	0.0	0.0	0.0	0.0	0.0	0.0	0.0	0.0	0.0	0.0	0.0	0.0	0.0	0.0	0.0	0.0	0.0	0.0	0.0	0.0	0.0	0.0	0.0	0.0	0.0	0.0	0.0	0.0	0.0	0.0	0.0	0.0	0.0	0.0	0.0	0.0	0.0	0.0	0.0	0.0	0.0	0.0	0.0	0.0	0.0	0.0	0.0	0.0	0.0	0.0	0.0	0.0	0.0	0.0	0.0	0.0	0.0	0.0	0.0	0.0	0.0	0.0	0.0	0.0	0.0	0.0	0.0	0.0	0.0	0.0	0.0	0.20433199999999999	0.0	0.0	0.0	0.0	0.0	0.0	0.0	0.0	0.0	0.0	0.0	0.133901	0.0	0.120822	0.0	0.0	0.0	0.0	0.0	0.0	0.0	0.0	0.0	0.0	0.0	0.0	0.0	0.0	0.0	0.0	0.0	0.0	0.0	0.0	0.0	0.0	0.0	0.0	0.0	0.0	0.0	0.0	0.0	0.0	0.0	0.0	0.0	0.0	0.0	0.0	0.0	0.0	0.0	0.0	0.0	0.0	0.0	0.0	0.0	0.0	0.0	0.0	0.0	0.0	0.0	0.0	0.0	0.0	0.0	0.0	0.0	0.0	0.0	0.0	0.0	0.0	0.0	0.0	0.0	0.0	0.0	0.0	0.0	0.0	0.0	0.0	0.0	0.0	0.0	0.0	0.0	0.0	0.0	0.0	0.0	0.0	0.0	0.0	0.0	0.0	0.0	0.0	0.0	0.0	0.0	0.0	0.0	0.0	0.0	0.0	0.0	0.0	0.0	0.0	0.0	0.0	0.0	0.0	0.0	0.0	0.0	0.0	0.0	0.0	0.0	0.0	0.0	0.0	0.0	0.0	0.0	0.0	0.0	0.0	0.0	0.0	0.0	0.0	0.7312069999999999	0.0	0.0	0.0	0.0	0.06340409999999999	0.0	0.0	0.0	0.0	0.0	0.0	0.0	0.0	0.0	0.0	0.0	0.0	0.0	0.0	0.0	0.0	0.0	0.0	0.0	0.0	0.0	0.0	0.0	0.0	0.0	0.0	0.0	0.0	0.0	0.0	0.0	0.0	0.0	0.0	0.0	0.0	0.0	0.0	0.0	0.0	0.0	0.0	0.0	0.0	0.0	0.0	0.0673515	0.0	0.0	0.0	0.0	0.0	0.0	0.0	0.0	0.0	0.0	0.0	0.0	0.0	0.1076085	0.03694255	0.0	0.0	0.0	0.0	0.0	0.0	0.0	0.105777	0.0
LCE1D	LCE1D-001	0.0	0.0	0.0	0.0	0.0	0.0	0.0	0.0	0.0	0.0	0.0	0.0	0.0	0.0	0.0	0.0	0.0	0.0	0.0	0.0	0.0	0.0	0.0	0.0	0.0480837	0.0	0.0	0.0	0.0	0.0	0.0	0.0	0.0	0.0	0.0	0.0	0.0	0.0	0.0	0.0	0.0	0.0	0.0	0.0	0.0	0.0	0.0	0.0	0.0	0.0	0.0	0.0	0.0	0.0	0.0	0.0	0.0	0.0	0.0	0.0	0.0	0.0	0.0	0.0	0.0	0.0	0.0	0.0	0.0	0.0	0.0	0.0	0.0	0.0	0.0	0.0	0.0	0.0	0.0	0.0	0.0	0.0	0.0	0.0	0.0	0.0	0.0	0.0	0.0	0.0	0.0	0.0	0.0	0.0	0.0	0.0	0.0	0.0	0.0	0.0	0.0	0.0	0.0	0.0	0.0	0.0	0.0	0.0	0.0	0.0	0.0	0.0	0.0	0.0	0.0	0.0	0.0	0.0	0.0	0.0	0.0	0.0	0.0	0.0	0.0	0.0	0.0	0.0	0.0	0.0	0.0	0.0	0.0	0.0	0.0	0.0	0.0	0.0	0.0	0.0	0.0	0.0	0.0	0.0	0.0	0.0	0.0	0.0	0.0	0.0	0.0	0.0	0.0	0.0	0.0	0.0	0.0	0.0	0.0	0.0	0.0	0.0	0.0	0.0	0.0	0.0	0.0	0.0	0.0	0.0	0.0	0.0	0.0	0.0	0.0	0.0	0.0	0.0	0.0	0.0	0.0	0.0	0.0	0.0	0.0	0.0	0.0	0.0	0.0	0.0	0.0	0.0	0.0	0.0	0.0	0.0	0.0	0.0	0.0	0.0	0.0708221	0.0	0.0	0.0	0.0	0.0	0.0	0.0	0.0	0.0	0.0	0.0	0.0	0.457668	0.0	0.0	0.0	0.0	0.0	0.0	0.0	0.0	0.0	0.0	0.0	0.0	0.0	0.0	0.0	0.0	0.0	0.0	0.0	0.0	0.0	0.0	0.0	0.0	0.0	0.0	0.0	0.0	0.0	0.0	0.0	0.0	0.0	0.0	0.0	0.0	0.0	0.0	0.0	0.0	0.0	0.0	0.0	0.0	0.0	0.0	0.0	0.0	0.0	0.0	0.0	0.0	0.0	0.0	0.0	0.0	0.0	0.0	0.0	0.0	0.0	0.03098665	0.0	0.0	0.0	0.0	0.0	0.0	0.0	0.0	0.0	0.02914465	0.0	0.0	0.0	0.0
LCE1A	LCE1A-001	0.0	0.0	0.0	0.0	0.0	0.0	0.0	0.0	0.0	0.0	0.0	0.0	0.0	0.0	0.0	0.0	0.0	0.0	0.0	0.0	0.0	0.0	0.0	0.0	0.0	0.0	0.0	0.0	0.0	0.0	0.0	0.0	0.0	0.0	0.0	0.0	0.0	0.0	0.054951099999999996	0.0	0.0	0.0	0.0	0.0	0.0	0.0	0.0	0.0	0.0	0.0	0.0	0.0	0.0	0.0	0.0	0.0	0.0	0.0	0.0	0.0	0.0	0.0	0.0	0.0	0.0	0.0	0.0	0.0	0.0	0.0	0.0	0.0	0.0	0.0	0.0	0.0846247	0.0	0.0	0.0	0.0	0.0	0.0	0.0	0.0	0.0	0.0	0.0	0.0	0.0	0.0	0.0	0.0	0.0	0.0	0.0	0.0	0.0	0.0	0.0	0.0	0.0	0.099192	0.0	0.0	0.0	0.0	0.0	0.0	0.0	0.0	0.0	0.0	0.0	0.0	0.0	0.0	0.0	0.0	0.0	0.0	0.0	0.0	0.0	0.0	0.0	0.0	0.0	0.0	0.0	0.0	0.0	0.0	0.0	0.0	0.0	0.0	0.0	0.0	0.0	0.0	0.0	0.0	0.0	0.0	0.0	0.0	0.0	0.0	0.0	0.0	0.0	0.0	0.0	0.0	0.0	0.0	0.0	0.0	0.0	0.0	0.0	0.0	0.0	0.0	0.0	0.0	0.0	0.0	0.0	0.0	0.0	0.0	0.0955747	0.0	0.0	0.0	0.0	0.0	0.0	0.0	0.0	0.0	0.0	0.0	0.0	0.0	0.0	0.0	0.0	0.0	0.0	0.0	0.0	0.0	0.0	0.0	0.0	0.0	0.0	0.0	0.0	0.0	0.0	0.0	0.0	0.0	0.0	0.0	0.0	0.0	0.0	0.0	0.0	0.0	0.0	0.0	0.0	0.0	0.0	0.0	0.0	0.0	0.0	0.0	0.0	0.0	0.0	0.0	0.0	0.0	0.0	0.0	0.0	0.0	0.0	0.0	0.0	0.0	0.0	0.0	0.0	0.0	0.0	0.0	0.0	0.0	0.0	0.0	0.0	0.0	0.0	0.0	0.0	0.0	0.0	0.0	0.0	0.0	0.0	0.0	0.0	0.0	0.0	0.0	0.0	0.0	0.0	0.0	0.0	0.0	0.0	0.0	0.0	0.0	0.0	0.0	0.0	0.0	0.0	0.0	0.0	0.0	0.0	0.0	0.0	0.0	0.0	0.0	0.0	0.0
