index	Transcript	8639	8477	8476	8443	8442	8441	8440	8439	8438	8421	8418	8417	8416	8414	8413	8411	8410	8409	8408	8407	8406	8405	8404	8346	8345	8344	8343	8342	8341	8340	8338	8337	8335	8334	8333	8331	8330	8328	8327	8325	8323	8437	8436	8435	8434	8433	8432	8431	8430	8429	8428	8427	8426	8425	8424	8423	8422	8419	8415	8403	8339	8336	8332	8329	8326	8324
S100A10	S100A10-002	279.781	149.393	68.5395	108.124	280.505	91.6359	167.59599999999998	62.1921	44.3551	77.2266	69.2479	260.149	106.421	80.2238	198.94400000000002	126.22200000000001	94.9283	78.6628	78.9038	142.719	198.53	320.682	725.8660000000001	183.139	68.9098	229.562	329.52099999999996	69.3578	98.9584	202.80700000000002	174.798	125.65	40.9349	218.74099999999999	152.79399999999998	118.69200000000001	217.56799999999998	130.701	43.6734	432.374	242.96599999999998	271.7734	331.7585	176.3735	225.1465	211.396	619.3645	297.42155	303.70795	431.384	204.9775	464.134	308.61995	314.924	340.0345	268.23	239.083	563.00575	282.9295	243.1984	198.576	383.847	189.03	241.4065	184.8405	224.668
S100A10	S100A10-001	38.0059	17.8339	7.638669999999999	14.9713	29.7624	9.89312	26.4991	7.496589999999999	5.297000000000001	11.9814	9.54698	35.8358	9.7452	9.16426	20.0047	21.2732	11.4392	11.8921	7.9610199999999995	14.0768	22.2394	34.0668	80.7335	21.6366	7.34063	25.9348	35.2194	10.4673	11.2286	28.0788	16.1876	13.4619	4.79138	33.9429	19.7404	14.6581	21.2581	16.3667	4.71148	63.6356	35.4704	26.70311	39.70725	20.16015	27.41805	32.8411	77.76045	41.686455	43.11895	51.049	23.76815	66.8025	35.54685	52.4004	52.7829	42.2692	33.96985	60.0942	40.6928	36.67455	24.915	43.31145	25.6379	35.61005	24.3567	39.19705
S100A10	S100A10-004	3.41095	0.991456	0.21837800000000002	0.43026899999999996	2.42178	3.32314	0.250753	0.313254	0.0	0.526838	0.0	2.12063	0.0	0.256623	4.80002	0.968464	1.49482	0.9057440000000001	0.565811	1.4654200000000002	0.0	1.8746900000000002	5.62225	1.8454099999999998	0.774659	1.32635	0.0	0.251609	0.42841	2.9605799999999998	0.903352	1.0874	0.478284	0.279143	1.63478	0.0	1.8114700000000001	1.52545	0.0	0.639633	1.36301	4.4355175	6.536387	2.55832	1.68554	2.286815	7.266295	4.72401	7.05255	22.459745	1.2727755	9.164835	9.478995	3.32559	2.619686	10.4080135	1.520775	10.1856005	1.49771	3.8387215	1.072084	8.80908	3.465425	1.063001	2.1623975	3.4664155
S100A10	S100A10-003	75.9187	43.8545	7.68852	26.6118	78.6215	15.0248	40.0803	13.2015	9.39819	15.537	14.9695	71.2671	29.8793	14.0643	56.2696	27.1453	22.6239	13.280999999999999	7.94157	34.7474	64.1064	67.0688	65.4097	38.5685	21.3744	66.7594	103.714	14.4627	34.3827	61.1212	20.814	38.2654	7.57873	61.1577	37.1295	23.6914	75.7311	27.9273	2.3278	95.4479	56.5523	77.7073	100.35425	55.80375	68.3703	52.10845	183.1225	90.60181	85.4003	132.3347	62.42215	128.0745	85.2263	82.4527	87.11715	76.7898	63.2353	181.951	74.0032	72.4652	57.7256	104.5358	49.97785	69.8103	28.97285	57.3338
S100A11	S100A11-001	1044.92	381.83	158.036	324.573	548.408	598.734	289.274	408.667	171.825	57.1901	165.033	380.75199999999995	267.308	310.762	562.347	277.365	332.07300000000004	344.39599999999996	306.623	442.86	428.061	1013.8	2968.23	356.098	383.504	320.923	310.598	532.725	227.62900000000002	414.353	455.051	215.30200000000002	82.6965	562.887	429.746	457.777	319.71	297.797	162.101	622.938	364.421	596.871	495.2905	339.9495	498.501	279.3015	751.1215	501.453	631.8355	734.877	410.976	1019.6175	548.3325	550.7965	581.5665	806.6505	448.913	562.9875	780.862	454.8755	280.2095	844.943	328.179	534.943	369.1475	503.0225
S100A11	S100A11-002	4.14905	0.590883	0.0	1.9233099999999999	2.154	1.7780200000000002	1.5136399999999999	2.45758	0.5103840000000001	0.36362300000000003	0.762795	0.8443139999999999	0.494125	0.403028	2.49953	0.812802	0.311425	0.8573569999999999	0.7161350000000001	0.999448	0.597218	1.49559	0.965252	1.1814	1.3013299999999999	0.9652120000000001	0.9653309999999999	1.8069099999999998	1.8302200000000002	1.8002900000000002	0.559142	0.552704	0.270896	1.66733	1.1758899999999999	0.587724	0.693912	0.800992	0.0	1.07886	0.990769	2.719875	3.07725	3.349455	2.052925	1.813615	2.8406515	2.453014	4.0525095	4.63752	2.164634	3.1515485	3.063235	2.0808495	1.7798865	6.102205	1.2194795	4.2810615	2.401765	1.581846	2.452181	0.790587	3.214833	2.13355	1.051778	1.49407
TCHHL1	TCHHL1-001	0.0	0.0	0.0	0.0	0.0	0.0	0.0	0.0	0.0	0.0	0.0	0.0	0.0	0.0	0.0	0.0	0.0	0.0	0.0	0.0	0.0	0.0	0.0	0.0	0.0	0.0	0.0	0.0	0.00413683	0.0	0.0	0.0	0.0	0.0	0.0	0.0	0.0	0.0	0.0	0.0	0.0	0.0	0.0	0.0	0.0	0.0	0.004735525	0.0	0.0	0.0	0.0	0.0	0.0	0.0	0.002203275	0.0	0.0	0.0	0.0	0.0	0.0	0.0	0.0	0.0	0.0	0.0
TCHH	TCHH-001	0.0607717	0.0231917	0.0160741	0.06207530000000001	0.020368200000000003	0.0347152	0.00538489	0.038333	0.011348200000000001	0.011738799999999999	0.0166515	0.0657257	0.126027	0.027898900000000004	0.080966	0.04653669999999999	0.0342653	0.012683	0.0	0.0502089	0.021390700000000002	0.098411	0.309626	0.0198383	0.311646	0.0350088	0.0385584	0.0886064	0.0238144	0.0	0.0205312	0.00867861	0.00897336	0.033757999999999996	0.104843	0.006427199999999999	0.00937617	0.0465038	0.011422499999999999	0.00918375	0.00592044	0.02519205	0.10152579	0.02754505	0.017441345	0.01804075	0.116987	0.109738865	0.2229895	0.22716705	0.009153385	0.026703	0.330858	0.0578638	0.08813575	0.0590235	0.02659736	0.14732565	0.16734745	0.13294915	0.003122375	0.0174858	0.01270645	0.03047915	0.008250995	0.00975194
TCHH	TCHH-201	6.021270000000001e-09	4.48736e-10	0.0	2.2645e-09	3.12057e-11	0.0	2.7493e-10	9.287719999999999e-09	0.0	4.32899e-10	7.964219999999999e-10	0.0	1.33619e-10	0.0	2.67187e-09	3.19162e-11	8.744810000000002e-10	1.93822e-11	0.011677600000000002	2.36822e-10	0.0	0.0	4.5331499999999995e-10	8.716030000000001e-10	1.2376000000000001e-08	3.05171e-10	1.60859e-10	0.0	8.31718e-11	0.0397786	2.54146e-11	9.93187e-10	2.4827800000000003e-10	0.0	3.34918e-11	1.6599000000000004e-10	0.0	0.0	2.29532e-10	2.76338e-11	0.0	9.182735e-11	5.03445e-11	6.277795e-11	7.42416e-11	8.42915e-10	7.021255e-11	1.847825e-09	2.951177e-09	6.0898405e-09	3.165255e-10	2.774486e-10	1.266495e-09	8.4046e-12	6.5252235e-09	0.004620865	6.61595e-11	4.67459e-09	1.014139e-09	9.6517975e-10	1.47928e-11	0.0430713	3.396535e-11	9.0232e-11	3.04221e-10	1.63365e-10
RPTN	RPTN-001	0.0	0.0	0.0	0.0	0.0	0.0	0.0	0.0046588	0.0	0.0	0.0	0.0	0.0	0.0	0.0	0.0	0.0	0.0	0.0	0.0	0.0	0.0	0.0	0.0	0.0	0.0	0.0	0.0	0.0	0.0	0.0	0.0	0.0	0.0	0.00463436	0.0	0.0	0.0	0.0	0.0051167	0.0	0.00304655	0.0	0.0	0.0	0.002690405	0.0	0.0	0.0	0.0	0.003217865	0.0	0.0	0.0	0.0	0.0	0.0	0.0	0.006255375	0.0	0.0	0.0	0.0	0.0	0.0	0.0
HRNR	HRNR-001	0.119834	0.023699200000000004	0.0206383	0.245981	0.0758889	0.07862639999999999	2.51322	0.017179	0.193179	0.055697	1.61375	0.5324409999999999	0.520465	0.26879000000000003	0.019031299999999998	0.176284	0.459416	0.12450599999999999	0.6232810000000001	0.410509	0.821915	0.135523	0.07586160000000002	0.131929	0.612518	0.0418594	0.43783299999999997	0.07078480000000001	0.47881899999999994	1.58428	0.18648	0.0277399	0.183105	0.861483	0.153301	0.47308	0.47776899999999994	0.15451199999999998	0.030429700000000004	1.5605200000000001	0.197614	0.230329	0.406738	0.45331115	0.6343115	0.08800255	0.49834395	0.22411215	0.2118745	0.306247	0.03547985	0.10388585	0.09578055	0.7947455	1.0504115	0.150853	0.434606	0.1509084	0.09966375	0.356037	0.27047995	0.6915545	0.09598675	0.12216845	0.0699277	0.071044555
FLG	FLG-001	0.7076859999999999	0.0871928	0.0051119	5.76349	0.584508	0.261655	0.36594299999999996	0.0353184	0.281097	0.765941	1.34099	1.04355	0.185408	0.772856	0.00609012	0.214812	3.04586	0.113322	0.231044	0.37795100000000004	0.08557000000000001	0.116747	0.0254891	0.42889700000000003	0.22805599999999998	0.533095	1.5290000000000001	0.0310464	1.6346100000000001	0.365639	0.263905	0.018406099999999998	3.6464800000000004	0.8566360000000001	0.676243	0.698248	0.882425	0.988182	0.0356817	0.07549639999999999	0.280229	0.290114	0.29064595	1.830535	0.3993295	0.4594785	0.4189055	3.08754	1.1019	0.368094	0.38429265	0.2410314	0.976901	1.9594995	0.10088535	0.941558	0.71486575	2.158085	0.6374045	0.1455871555	0.2835204	0.2608635	0.1539255	0.258542385	0.1523715	0.080811
FLG2	FLG2-001	0.029492	0.00282425	0.00261522	0.0917294	0.0224602	0.0231662	0.012830100000000002	0.0037301	0.00877739	0.024161000000000002	0.0390929	0.0313436	0.00128353	0.0255477	0.0093366	0.008693799999999998	0.0454112	0.015314500000000002	0.0146112	0.045853899999999996	0.0195178	0.015420500000000002	0.0558266	0.0241963	0.0163148	0.0202198	0.024160900000000003	0.0138903	0.0244075	0.0173241	0.013113399999999999	0.00643674	0.023465200000000002	0.0492314	0.04062709999999999	0.0312915	0.032679599999999996	0.08312439999999999	0.0191356	0.014235	0.0163097	0.02326855	0.012138335	0.05122118	0.01997715	0.02074375	0.06082	0.0490963	0.04173435	0.0344444	0.02598825	0.00713751	0.0372463	0.07168595	0.01650555	0.0250395	0.017147605	0.011658235	0.0217782	0.011340255	0.026216965	0.02763623	0.016611	0.0245371	0.02654545	0.01324515
CRNN	CRNN-001	0.0103527	0.0	0.0	0.0	0.0	0.0	0.0	0.0	0.0	0.0	0.0	0.0	0.00594753	0.0	0.0	0.0	0.0	0.0	0.00860719	0.0	0.00820437	0.0	0.0	0.0	0.0082839	0.0	0.0	0.0	0.0	0.0	0.0	0.0	0.012709100000000001	0.0	0.0	0.0	0.0	0.00638848	0.0	0.0	0.017308900000000002	0.0	0.0	0.00942655	0.0150468	0.033766545	0.0	0.00545925	0.0	0.0	0.003870445	0.0	0.00900451	0.00823358	0.0	0.0	0.00534735	0.00447256	0.0	0.007667165	0.0134981	0.0	0.0075283	0.01395295	0.004524815	0.00547475
S100A9	S100A9-001	10.7343	7.69384	4.46563	1.07332	6.7675399999999994	19.7947	7.26203	29.4759	11.5808	1.45951	7.50162	3.0583099999999996	16.7584	7.22567	33.5383	7.94292	7.49821	7.7024300000000006	6.49432	12.5317	6.37864	64.053	131.166	0.23885399999999998	4.716080000000001	10.6706	6.1037	7.356960000000001	5.91937	2.9358400000000002	5.08945	8.54979	3.39342	13.8817	54.3199	1.00529	6.41386	1.1376600000000001	1.70367	2.98329	7.85704	85.30879	21.416275	15.736775	19.237	21.7292	46.5857	8.35498	13.121905	63.33602	5.344025	130.084	24.89335	7.746525	12.680415	13.7776	2.7580775	54.8116	13.05025	5.456175	45.472435	77.24495	64.248415	33.8821	7.87666	24.35779
S100A12	S100A12-001	0.815183	0.254044	0.0339544	0.0369991	0.105314	0.263743	0.445824	1.32895	0.669363	0.0	0.398472	0.102248	0.818911	0.45287	2.94172	0.33868400000000004	0.163412	0.731468	0.616625	0.5048819999999999	0.184872	1.4781	1.84225	0.0	0.0912603	0.7774939999999999	0.0	0.145454	0.08656810000000001	0.045908	0.0809439	1.1778	0.461546	0.372992	2.9897400000000003	0.0	0.38855100000000004	0.178118	0.0	0.232842	0.19846	0.847967	0.7815512	0.7981718	0.8976315	1.494023	1.2672235	0.264512	0.330043	4.593106	0.229487	5.1351	1.3205435	0.231519	0.6443875	0.7271315	0.1210735	3.814565	0.7678215	0.26229185	2.657058	2.539097	3.70584	1.8723145	0.54425485	0.966696
S100A8	S100A8-002	1.35304	1.70628	0.0	0.255461	2.59314e-09	1.9275599999999997e-06	0.0	7.42819	3.44826	0.00769591	1.172	1.1321	2.9332599999999998	0.8847940000000001	4.37945	0.0	1.40085	3.34286	1.6552200000000001	0.0	0.62741	8.119	29.1024	0.0	0.00538834	0.0	1.28969e-05	0.489	0.5953470000000001	0.0	1.5682799999999999e-09	0.206985	0.7155819999999999	2.24892	0.0	0.564601	0.0893903	0.875331	0.41531899999999994	0.0	1.5468899999999999	1.2914765	3.0007105	0.341933	1.137965	2.989695e-09	0.0	0.57874229	0.2115545	1.200095	0.96645	5.62645001727	1.4212	0.4124665	0.0004907125	2.0202445	0.6658665	1.654715	0.0468742193835	2.125695e-05	1.955625e-05	5.336915	1.28248	1.105334	0.02817045	2.837314
S100A8	S100A8-001	5.2198400000000005	1.64078	3.21782	0.34425	2.84212	7.658710000000001	4.82685	10.2162	7.98767	0.5260090000000001	2.22844	0.0	6.00542	4.56383	13.7576	3.87135	1.76057	3.64014	4.5739	5.8138	1.81355	26.4166	40.5834	0.285011	1.43581	4.2340599999999995	1.6653099999999998	2.5135	1.88595	1.66392	1.79162	7.63864	1.85136	3.89376	23.0868	0.0	3.5461099999999997	0.0	2.20493	0.9214760000000001	0.9917600000000001	7.80809	5.972736	4.325747	7.185995	9.329195	9.49232	2.52525	3.92057	31.36826	1.54719	65.7274	6.97305	2.456075	5.19453	3.566	0.58468	19.52078	7.316185	1.45974	18.78393	28.0574	29.485435	11.28458	4.158965	5.25518
S100A8	S100A8-003	0.15255	0.0240981	0.020846	0.022728	0.0340188	0.263949	0.0570462	0.508542	0.222953	0.029734800000000002	0.149195	0.0	0.0660669	0.053978	0.195824	0.0612586	0.10052799999999999	0.0199481	0.0685847	0.026786400000000002	0.033364099999999994	0.21175500000000003	0.49552799999999997	0.0	0.0	0.0623808	0.0	0.029838599999999996	0.0	0.0	0.026795099999999995	0.106484	0.0245829	0.121869	0.264823	0.0	0.08754810000000002	0.0	0.0411267	0.0699072	0.13182	0.18235815	0.111231	0.0541859	0.0778685	0.179971	0.151008	0.0224216	0.0754533	1.06764335	0.04284915	0.5618835	0.15231155	0.02601005	0.0156728	0.03791435	0.0089568	0.272921	0.0285598	0.0098042	0.13839405	0.11656115	0.29192475	0.0552795	0.0348438	0.1182868
S100A7A	S100A7A-003	0.0	0.0	0.0	0.0	0.0	0.0	0.0	0.0	0.0	0.0	0.0	0.0	0.0	0.0	0.0	0.0	0.0	0.0	0.0	0.0	0.0	0.0	0.0	0.0	0.0	0.0	0.0	0.0	0.0	0.0	0.0	0.0	0.0	0.0	0.0	0.0	0.0	0.0	0.0	0.0	0.0	0.0	0.0	0.0	0.0	0.0	0.0	0.0	0.0	0.0	0.0	0.0	0.0	0.0295934	0.0	0.0	0.0	0.0	0.0	0.0	0.0	0.0	0.0	0.0	0.0	0.0
S100A7A	S100A7A-002	0.0	0.0	0.0	0.0	0.0	0.0	0.0	0.0	0.0	0.0	0.0	0.0	0.037814099999999996	0.0	0.0	0.0	0.0	0.0	0.0	0.0	0.0	0.0	0.0	0.0	0.0	0.0	0.0	0.0	0.0	0.0	0.0	0.0	0.0	0.0	0.0	0.0	0.0	0.0	0.0	0.0	0.0	0.0	0.0	0.0	0.0	0.0	0.0	0.0	0.0	0.0	0.0	0.0	0.0	0.0	0.0	0.0	0.0	0.0	0.0	0.0	0.0	0.0	0.0	0.0	0.0	0.0
S100A7A	S100A7A-001	0.0	0.0	0.0108179	0.00299184	0.00427902	0.00406796	0.0	0.0	0.0	0.0	0.0	0.0	0.0	0.0	0.0	0.0	0.0	0.0	0.0	0.00342215	0.0	0.0	0.0154347	0.0	0.0	0.0	0.0	0.0	0.0	0.0	0.0	0.00329245	0.00285606	0.0	0.0	0.00311035	0.0	0.0	0.0	0.0	0.0	0.0	0.0	0.0	0.0	0.0044799	0.002270615	0.0	0.0	0.0	0.003467055	0.0	0.001643255	0.0	0.00242237	0.00262893	0.0	0.0	0.00343131	0.0	0.0	0.0018559	0.0	0.00338326	0.0	0.0
S100A7L2	S100A7L2-001	0.0	0.0	0.0	0.0	0.0	0.0	0.0	0.0	0.0	0.0	0.0	0.0	0.0	0.0	0.0	0.0	0.0	0.0	0.0	0.0	0.0	0.0	0.0	0.0	0.0	0.0	0.0	0.0	0.0	0.0	0.0	0.0	0.0	0.0	0.0	0.0	0.0	0.0	0.0	0.0	0.0	0.0	0.0	0.0	0.0	0.0	0.0	0.0	0.0	0.0	0.0	0.0	0.0	0.0	0.0	0.0	0.0	0.0	0.0	0.0	0.0	0.0	0.0	0.0	0.0	0.0
S100A7	S100A7-002	0.0	0.0415413	0.0	0.04289930000000001	0.0	0.062280600000000005	0.0	0.0	0.0	0.0	0.0	0.0	0.000270358	0.048094599999999994	0.05504149999999999	0.0	0.0	0.0	0.0	0.048340100000000004	0.0	0.0	0.0	0.0	0.0	0.0	0.0	0.0	0.0	0.0	0.046922900000000003	0.0	0.0	0.109726	0.0	0.0	0.0	0.0	0.0	0.0	0.058038900000000004	0.0719125	0.070508	0.0	0.0	0.0	0.0768435	0.03543715	0.0	0.1681755	0.0	0.0	0.1310817	0.0	0.0	0.03959465	0.0359078	0.237671	0.051386	0.0327821	0.0	0.0	0.0	0.0337233	0.0340208	0.0
S100A7	S100A7-001	0.0	0.0	0.0	0.0	0.0	0.0	0.0	0.0	0.0	0.0	0.0	0.0	0.0	0.0	0.0	0.0	0.0	0.0	0.0	0.0	0.0	0.0	0.0	0.0	0.0	0.0	0.0	0.0	0.0	0.0	0.0	0.0	0.0	0.0	0.0	0.0	0.0	0.0	0.0	0.0	0.0	0.0	0.0	0.0	0.0	0.0	0.0	0.0	0.0	0.0	0.0	0.0	0.0	0.0	0.0	0.0	0.0	0.0	0.0	0.0	0.0	0.0	0.0	0.0	0.0	0.0
S100A6	S100A6-009	1338.79	437.426	1027.26	402.51099999999997	247.65	621.95	235.27700000000002	518.875	247.873	214.50599999999997	166.5	997.63	762.4580000000001	1271.18	896.0369999999999	645.391	185.46400000000003	260.973	295.20099999999996	377.496	750.918	693.215	2924.68	45.1863	162.466	719.554	245.137	527.497	55.5428	238.515	227.671	351.426	164.968	233.80700000000002	539.757	527.811	206.987	360.906	236.55599999999998	338.788	573.881	1074.552	1157.518	621.299	842.753	903.117	2354.7335	1425.7395	1496.784	2277.9545	986.4185	2944.38	1315.9305	1647.985	1038.5365	1814.23585	1447.235	1935.267	1539.08	1211.594	648.471	1211.699	604.22	799.1285	872.5875	797.3275
S100A6	S100A6-008	12.4372	7.470860000000001	9.776710000000001	12.3955	9.08457	9.17107	11.2679	12.7263	17.8902	6.269	11.2436	20.19	8.8055	11.5151	12.2712	11.1832	4.64984	6.99723	5.1083	10.4016	8.620460000000001	7.671189999999999	8.784839999999999	3.4016300000000004	9.91902	4.39495	5.79724	14.7991	1.70661	7.921860000000001	6.65481	9.22655	8.23358	12.7239	3.7554	13.2221	9.203489999999999	12.7689	5.17579	6.35502	14.202	8.383395	8.9181	9.966915	13.30935	19.49475	24.56035	15.96325	9.952775	20.93046	7.366845	11.83217	12.60387	13.919555	12.979535	12.10285	11.59396	14.54498	12.68942	10.98897	9.276375	5.930665	8.09706	8.057715	10.610885	8.55895
S100A6	S100A6-010	4.58622	2.95085	4.26847	2.93204	2.27166	7.98411	1.7340799999999998	1.14381	2.92696	0.350695	1.3052700000000002	6.5423800000000005	1.7558099999999999	5.99498	9.34094	1.49815	1.51216	0.601306	0.97734	1.30779	3.8738	7.36826	3.86165	0.0	0.671774	1.73879	0.594367	1.83627	0.374111	0.890286	1.22484	4.30614	0.698584	0.7458239999999999	4.2848	2.08577	0.898338	1.94755	0.545246	0.8905190000000001	6.259869999999999	9.222112	10.45608	2.998235	4.561455	13.69958	17.70713	8.585315	22.764115	85.20545	6.50861	34.09035	22.46652	11.900215	8.5800735	15.467032	6.948835	40.87312	9.480175	7.352825	3.0087815	13.328694	6.258085	2.978855	5.296975	8.90064
S100A6	S100A6-007	7.428669999999999	1.73917	3.3458699999999997	0.45966899999999994	4.6380300000000005	18.6791	0.688678	0.250012	0.181265	0.8752709999999999	0.22274499999999997	2.9455299999999998	1.78132	2.51682	15.0097	0.543875	6.75853	0.290528	0.50758	0.242702	2.9903299999999997	6.85818	10.3115	0.0	0.0	1.51969	0.20674800000000002	1.27596	0.0	0.5244979999999999	0.641655	1.53101	0.528239	0.248835	4.21379	1.56684	0.512666	0.9121459999999999	0.395075	0.254581	2.16555	10.75431	12.79908	3.909552	4.0008235	27.62631	10.890505	9.9239445	22.46829	93.469835	8.6989	30.505	33.63246	8.497045	15.848586	14.1537495	6.793295	45.958975	11.70483	6.48596	3.1254725	15.66925	6.511836	2.374665	7.241875	9.72697
S100A6	S100A6-006	30.4081	9.36174	23.5541	6.48039	5.44868	18.3968	7.15572	9.711260000000001	6.24006	3.15387	4.20898	27.031	20.6801	33.9829	22.1974	12.7754	5.79476	8.61545	9.79429	9.17098	18.4825	23.927	53.3303	0.9775520000000001	2.0163900000000003	17.7208	4.45792	14.1584	1.15337	6.01264	6.14012	7.93213	3.6249800000000003	4.468380000000001	15.005999999999998	11.289000000000001	4.144	8.31878	7.128539999999999	8.60544	11.0066	24.13366	24.45065	14.27973	14.15515	25.2425	62.77165	35.56851	37.43428	83.51394	24.74046	98.45085	34.305965	46.96135	21.130855	47.96248	35.61815	55.63669	41.06115	28.19675	13.733105	31.523305	14.755075	18.06555	24.65755	23.918265
S100A5	S100A5-002	0.173204	1.6023399999999999	3.25608	4.08137	0.9767520000000001	0.811403	1.74842	0.6784789999999999	0.900043	0.155856	4.22929	3.84651	4.21482	0.9935879999999999	0.220072	5.71077	0.359946	0.651071	0.37397199999999997	3.0500700000000003	4.68175	1.49021	0.9297290000000001	0.598685	1.9666099999999997	0.34387	0.606224	15.2705	0.8339620000000001	5.98234	2.91666	0.55785	1.82076	1.44781	1.5549	3.38194	1.03015	2.02901	2.1530099999999996	2.4245	5.83361	0.5086554	1.265265	3.32069	3.5391385	0.8894065	3.357805	1.968866	2.50416	5.286885	3.28654	3.480215	1.479803	1.990246	2.46143	2.9572875	1.233999	2.42892	0.783067	3.638425	0.754092	0.7582015	0.599506	0.6788345	0.714755	0.8983811
S100A5	S100A5-001	0.6156050000000001	0.054759800000000004	0.15246300000000002	0.0514509	0.0	0.119219	0.23753000000000002	0.0665079	0.058502099999999994	0.0474917	0.063605	0.140991	0.324771	0.20921900000000002	0.148126	0.886487	0.0	0.043764599999999994	0.0	0.24495100000000003	0.520061	0.058017	0.136203	0.0	0.0	0.116282	0.0	0.652257	0.0	0.0	0.21248000000000003	0.112266	0.149535	0.183194	0.139453	0.10435	0.362695	0.42213100000000003	0.102862	0.150167	0.345595	0.1185925	1.0644195	0.162246	0.345876	0.489494	0.54058	0.68486055	1.05326	1.105895	0.387864	0.9640965	1.07215	0.5864045	0.7835352	1.288895	0.6512116	1.0942935	0.75783	1.24595325	0.1405132	0.0581455	0.517103	0.2545695	0.35575535	0.324416
S100A4	S100A4-002	1.3524399999999999	1.09055	1.44395	0.254195	2.99688	0.8621780000000001	0.985733	0.310234	0.8990370000000001	1.36283	4.3577	1.35358	3.70488	1.7347599999999999	13.2962	1.31297	0.237598	0.818755	8.04533	4.57257	1.42668	3.78515	109.14200000000001	4.09091	0.961261	12.2143	0.7020000000000001	2.7735	1.0349700000000002	4.8935900000000006	1.53901	0.832943	1.7604099999999998	4.67361	2.4249400000000003	2.39835	0.182533	2.61363	0.327399	2.84153	6.34359	7.597579	43.97504	11.878145	8.31322	5.857835	83.427905	71.10144	50.64557	41.844935	9.37818	202.36435	44.352962	34.0919	41.774235	56.700935	17.027872	28.26361	28.82131	49.06092	10.220975	12.403925	6.65066	7.8997	9.5233935	13.145805
S100A4	S100A4-006	0.0	0.0	0.0	0.0	0.0	0.0	0.0	0.0	0.0	0.0	0.0	0.0	0.0	0.0	1.00968	0.0	0.0	0.0	0.0	0.0	0.0	0.9548709999999999	0.0	0.0	0.0	0.0	0.0	0.0	0.0	0.0	0.0	0.0	0.0	0.0	0.0	0.0	0.0	0.0	0.0	0.0	0.0	0.0	0.0	0.0	0.0	0.0	0.0	0.0	0.0	0.1595045	0.678655	3.3062005	0.13738	0.0	0.0	0.0	0.25204	0.63035	0.0	0.0	0.0	0.23133	0.0	0.251112	0.0	0.4726705
S100A4	S100A4-003	9.089739999999999	1.7359099999999998	1.38386	3.18815	3.85183	9.25587	1.73954	8.01759	0.564507	1.54856	1.7683200000000001	3.6210000000000004	3.6856199999999997	6.31923	14.2559	1.53155	1.21795	2.74746	0.640292	2.0188599999999997	3.03855	6.954439999999999	12.9838	1.7744099999999998	0.9503010000000001	1.29125	1.26536	6.613289999999999	1.22743	1.8043200000000001	1.59686	0.640899	1.10677	0.540582	2.74115	6.23284	1.7637599999999998	1.49389	0.795315	4.9976400000000005	2.28477	8.696915	11.79854	4.588915	7.169715	6.136165	43.2325	27.22447	18.16505	20.387055	10.354965	10.6635	13.950935	25.25385	11.315428	26.11508	8.50977	17.550455	17.464685	16.613965	5.193445	4.119325	8.01063	4.22779	5.927595	7.413525
S100A4	S100A4-001	23.1724	7.52101	12.7748	2.0624	12.0584	20.1014	4.986280000000001	19.983	5.98714	0.5460649999999999	12.3874	8.99297	26.0558	12.8194	102.537	8.40296	10.4844	7.72156	25.9982	26.8011	9.0385	97.8588	512.982	7.81946	5.21084	40.7407	6.45089	13.8402	6.42735	18.3315	11.3402	5.57409	9.92122	16.6493	41.5287	25.4392	3.1386700000000003	10.0569	4.87795	23.0367	14.0579	121.169405	147.3825	51.9965	36.64525	38.39785	284.51835	173.493845	257.04355	317.76095	54.2733	461.02415	159.68064	96.9342	117.5153	446.9196	57.22953	110.73525	150.81575	140.7966	39.2017	83.01715	42.66155	50.96735	40.59401	57.25085
S100A4	S100A4-005	2.43732	0.9535809999999999	1.22299	0.317447	0.0	2.0198400000000003	0.590063	2.27489	0.301063	0.9707	0.0	0.892812	0.9792280000000001	2.67594	5.21237	0.509374	0.27389	1.03783	0.41168000000000005	2.20931	1.02271	1.93052	33.510999999999996	0.455366	0.7518600000000001	3.86332	0.8065680000000001	0.59541	0.0	1.41454	0.414472	0.5195649999999999	0.731815	2.20866	2.5861099999999997	1.75147	0.265361	0.515975	0.862611	1.8693099999999998	2.9349	7.86404	24.126019	3.41497	3.91366	4.230995	53.277015	25.26455	20.55145	19.2614915	7.091595	60.23402	14.202205	18.14498	12.2412465	36.34209	4.957679	14.969938	13.533405	19.623405	3.44422	5.330115	2.6549245	3.4509	6.12125	5.63898
S100A4	S100A4-004	13.1531	0.800431	0.29165100000000005	1.18967	0.47535600000000006	4.67995	0.992187	8.97067	0.241781	0.702646	0.793438	1.6485599999999998	0.8559899999999999	2.4043200000000002	2.51606	0.35463	0.440575	0.815132	0.522073	0.515311	1.9014099999999998	1.88845	12.0609	0.745677	0.117699	0.663529	1.00234	1.62775	0.697466	1.01556	0.47643199999999997	0.510996	0.463996	0.178142	0.563685	1.8743900000000002	0.533986	0.503929	0.210037	2.99799	2.63366	6.12104	7.635158	2.9428265	3.771973	4.49374	21.325105	15.2122352	9.3665125	11.1181925	5.61645	8.56237	10.523	14.459435	5.260156	11.775685	6.132315	15.6000335	10.84823	11.361874	2.4754885	2.084495	4.323445	2.848325	3.4133535	5.2579
S100A3	S100A3-002	0.189221	0.00719336	0.11393199999999999	0.0890876	0.8481870000000001	0.0	0.0	0.0	0.0	0.0	0.0	0.0	0.23144299999999998	0.0	1.18731	0.0	0.0	0.0852004	0.467462	0.0	8.34033e-10	1.2254399999999999	0.43244099999999996	0.591047	0.154918	0.794571	0.0318036	0.10830899999999999	0.198445	0.0	0.0	0.11481400000000001	0.12211099999999998	0.21762800000000002	0.0539861	0.12493599999999999	0.325108	0.129212	0.0	0.964412	0.8480280000000001	0.19760095	1.9263315	0.469499	0.0	0.0161375	0.483845	0.571364	0.647057	1.08285	0.2253955	12.870765	0.63865	0.159187	0.22313	0.666139	0.2051477	0.86524	0.4217095	0.500835	0.25242	1.0451565	0.314288	0.1085035	0.59544	0.62728
S100A3	S100A3-001	0.332198	0.32815900000000003	0.0842806	0.165002	0.7211989999999999	0.647694	0.0588597	0.324035	0.157378	0.27723200000000003	0.384666	0.0946109	0.190085	0.259905	1.824	0.08515539999999999	0.07377760000000001	0.1018	0.508562	0.43494099999999997	0.352325	3.7584699999999995	6.47053	0.7224229999999999	0.05133630000000001	0.732236	0.0	0.400952	0.0	0.53305	0.472422	0.22588699999999998	0.167863	0.160652	0.37508800000000003	0.19183499999999998	0.0	0.244404	0.060393600000000006	0.6686489999999999	1.28531	2.0618445	1.572185	1.1621075	0.733344	1.376633	2.639759	0.8083651	1.291865	3.9855675	2.015852	21.946995	2.3957545	0.9224965	0.346247	1.37180295	0.954006	4.62878	0.74824	2.4659495	0.5567965	5.5888545	0.3611755	1.255908	0.7246945	1.71911765
S100A2	S100A2-004	1.65693	2.0617099999999997	0.371191	7.20242	4.276619999999999	4.6258	1.01404	0.0985905	0.173688	1.14507	0.320537	6.653560000000001	10.75	10.3488	3.1605	0.7432850000000001	1.18474	0.047798099999999996	0.0	1.19747	4.28426	0.870685	0.7224970000000001	1.08723	0.449582	3.00375	1.2713299999999998	5.062869999999999	0.192466	0.41690600000000005	0.52465	0.8795799999999999	0.807098	1.37076	1.66082	15.4141	0.22408899999999998	0.8498399999999999	0.221525	0.542393	17.4208	16.787781	9.887625	23.0416545	26.033745	36.2135	31.4744215	4.60109	14.020155	270.8133455	83.140375	79.105735	35.9758405	5.029285	12.3907945	3.5997825	9.41777	96.0673575	26.94689	8.849605	28.6230395	40.002195	34.1204	21.708215	63.61528	42.01935
S100A2	S100A2-001	1.9380099999999998	1.01603	1.53088	8.28487	5.95165	4.03515	1.14249	0.36001700000000003	0.327468	1.22369	0.8249280000000001	7.57143	9.75263	9.670539999999999	3.8307300000000004	2.54419	0.763035	0.44884799999999997	1.47894	2.16918	3.79684	2.38652	2.0460700000000003	2.19856	0.6203960000000001	2.84694	0.658984	5.00024	1.14212	0.9205450000000001	1.3120100000000001	1.4340000000000002	0.35885500000000004	3.6319	1.03045	17.2007	0.740011	0.9859950000000001	0.772139	1.72195	19.1194	11.936957	7.946955	16.888825	24.32868	25.22577	19.086935	5.60020545	8.713665	144.919655	50.637945	192.42005	22.796835	4.193445	10.335635	4.9704673	17.583	66.378285	17.99934	8.797565	21.482204	26.62987	18.26503	15.96992	38.30026	29.63927795
S100A2	S100A2-002	9.34324	5.79895	3.49086	14.2648	11.5744	9.0203	2.73132	1.54197	0.7256600000000001	4.14176	0.0	10.7812	8.94543	14.0301	8.93379	1.14961	3.76475	0.964239	2.86802	7.25975	12.0004	10.6604	3.5510800000000002	3.8574300000000004	2.29264	3.9674400000000003	0.0	6.3333	1.07144	0.992922	5.07748	6.281630000000001	1.61061	7.54311	5.9516599999999995	7.11875	1.6118	0.0	2.02465	6.20306	17.7733	4.3519695	4.2029	3.011875	6.75471	5.396255	18.608375	11.451448	11.57144	31.079765	8.164805	21.71395	16.243835	10.42908	11.805905	8.4912055	9.28742	32.761995	16.70645	10.87102	3.7316	9.9973	1.89249	3.81016	14.928945	8.201114
S100A2	S100A2-003	0.0037673999999999997	6.578560000000001e-10	3.2267799999999998	13.3904	8.09035	7.9097100000000005	1.22845	0.6134850000000001	0.0	1.26359	1.65673	10.2093	31.6857	32.9683	6.16032	6.69641	0.0385346	0.0	0.722429	0.00054086	6.34781	0.0	3.53464	3.407	0.0	4.2268	2.31055	12.9635	0.0	1.7389	2.31051	0.0	0.29841	4.51845	0.0	52.4689	1.1924	4.6487	1.43946	0.877008	31.6631	42.87445	27.4832	69.95719	94.22525	89.1407	58.76306	6.60435	18.40456	534.408025	235.17515	358.72705	52.6865	9.075935	25.31061	8.4468	24.8652	205.785305	52.78855	17.32495	81.0769735	116.31912	78.69554	58.755005	153.596	89.1408445
S100A2	S100A2-005	0.651456	0.0	0.10385799999999999	0.0766151	0.60738	2.03191	0.0	0.0	0.0	0.141514	0.04699419999999999	0.054821100000000005	0.102846	0.38226	0.45366300000000004	0.0941104	0.24952800000000003	0.06261599999999999	0.050397199999999996	0.0440915	0.0476055	0.409046	0.335198	0.121021	0.0484069	0.331415	0.0	0.140992	0.0	0.0	0.209904	0.33457600000000004	0.0	0.045685500000000004	0.441145	0.246804	0.0466469	0.0	0.06751950000000001	0.0557251	0.458279	2.79374	4.52635775	1.56861	1.2566235	12.729973	1.892425	0.4485295	5.9240445	38.72305745	3.992472	22.5390595	14.5335335	0.937528	2.29008415	0.79763	1.808257	12.51085185	2.341176	0.35617535	2.981655	8.8213	4.5716365	0.96445845	7.10225	4.22311
S100A2	S100A2-006	0.452636	0.078503	0.0663842	0.612296	0.546481	0.782525	0.0	0.28732800000000003	0.148489	0.074244	0.21135	0.510038	0.9619620000000001	1.46526	0.333444	0.176557	0.134331	0.0	0.0	0.0922354	0.886057	0.396227	0.721517	0.14139100000000002	0.05928680000000001	0.359078	0.0	0.310731	0.09148300000000001	0.132895	0.0	0.0	0.054626	0.388682	0.0	1.7305599999999999	0.0772034	0.0754978	0.0	0.466708	2.49444	2.12718	0.7708515	2.403826	3.381105	2.502481	2.2200995	0.388281	0.5120685	12.1590755	6.1822555	12.050185	1.9435465	0.423485	1.13399	0.1510605	1.453065	6.6588	3.104425	0.9492225	3.049805	3.4367425	1.877557	2.19065	4.192735	4.03506
S100A16	S100A16-007	2.37595	2.6533599999999997	2.98383e-09	0.279047	0.842844	3.2119	1.19789	0.0	5.42387	7.172249999999999e-07	0.654737	3.3231	3.27029e-05	3.81129	8.89598	2.65847	4.05469	0.170409	0.0126142	10.7656	4.95723	4.91763	0.0	5.03699e-07	2.19027	11.3243	2.74749	7.29547	1.3711200000000001	3.4009300000000002	3.05422	0.622661	0.7283390000000001	5.77388	9.26597	0.0907818	1.78476	0.445082	0.0	0.580878	1.46468	13.74361	4.19614	7.25973	4.647365	4.786555	4.08317	3.625915	4.60653	24.126275	4.78758	22.0058	5.285295	2.147995	2.321955	4.75073	3.792815	14.83533	3.61356	6.141415	2.275805	12.985655	4.569445	4.06036	8.048595	3.80365
S100A16	S100A16-008	0.0	0.0	0.0	0.0	0.148356	0.144058	0.0	0.0	0.0	0.135634	0.0	0.576585	0.14053800000000002	0.0	0.0	0.0	0.43563900000000005	0.0	0.49670299999999995	1.3165200000000001	0.516962	0.0	2.92563	0.0	0.0	0.715856	0.0	0.419264	0.756746	0.64375	0.14665899999999998	0.29180700000000004	0.0	0.843933	0.212761	0.0	0.0	0.357403	0.0	0.0	0.401702	0.81753	0.3003635	0.57721	0.3577385	0.543105	0.438776	0.275928	0.2336495	0.974207	1.171655	2.4486435	0.326384	0.445304	1.15435	0.188323	0.500095	0.635855	0.887236	0.183425	1.236504	1.844176	1.509535	0.7491515	0.7018	0.853172
S100A16	S100A16-010	2.6564900000000002	1.46658	0.646893	1.43941	2.25032	4.77666	1.30465	2.53804	4.08439	0.29632600000000003	1.51593	2.9906	1.49082	1.97433	4.11051	2.15468	3.6302300000000005	0.812194	1.91674	4.964090000000001	2.28176	3.1465799999999997	2.96074	1.1305	2.30202	11.3616	1.9493900000000002	6.05525	1.56637	3.6501	2.09266	1.3169899999999999	1.50568	3.64236	9.002289999999999	1.4782600000000001	1.71576	0.676532	0.47921800000000003	0.854699	4.0932900000000005	9.390445	6.193895	6.102065	7.025625	4.32777	7.61208	5.96828	4.985205	13.20412	6.186765	34.9158	7.66082	5.07091	7.74441	8.965725	6.592877	10.263095	6.293975	5.96409	4.98726	15.46746	6.170865	6.527415	6.54746	6.88416
S100A16	S100A16-009	42.0336	3.7629599999999996	6.666860000000001	9.80547	11.4429	50.7259	2.63367	54.8632	8.72803	8.43603	3.47795	3.55539	12.5513	3.9782300000000004	7.27347	5.06114	9.77887	4.644419999999999	12.1003	8.31434	5.65307	17.215999999999998	57.7864	12.6866	3.98288	31.1738	14.4095	13.7766	1.73715	8.93758	14.3151	10.9187	4.3253900000000005	6.5738199999999996	23.3683	7.308680000000001	3.8363099999999997	4.1022300000000005	8.015419999999999	5.22034	20.3408	73.84045	48.705	40.88412	47.646	40.869555	51.94783	47.47906	37.19177	79.146765	57.60565	238.141	45.04463	42.7159	52.196195	51.55359	40.515665	86.791745	43.63998	36.343505	45.155395	120.89205	36.84315	58.8409	53.36775	52.05171
S100A16	S100A16-011	0.845357	0.040439300000000004	0.0	0.473549	0.702392	0.967065	0.0	1.54695	0.0	0.0	0.04985440000000001	0.0	0.42666099999999996	0.0	0.0	0.049563499999999996	0.302191	0.0	0.15801099999999998	0.0419134	0.0	0.0966272	0.0532855	0.195638	0.0	1.15588	0.799692	0.048657599999999995	0.0	0.183945	0.136173	0.485134	0.0	0.0	0.392448	0.0	0.0	0.0	0.0269817	0.135758	0.17932	3.092875	1.093739	1.09638	1.37797595	1.12617375	2.63005	1.872835	1.83817345	4.011485	0.84433	7.55203	1.5613609	1.393215	1.322315	1.267349	2.053315	4.5276585	1.4745767	1.70691005	0.97625	2.10780495	1.0887464	1.3695415	1.3981155	1.81855
S100A14	S100A14-201	5.16631	0.47559799999999997	1.06758	12.1146	0.600575	58.1337	0.448074	53.4664	0.0	0.363647	2.3094900000000003	0.0	21.9295	5.67774	8.75872	2.27628	0.22090500000000002	0.0	1.01791	1.22443	3.5630900000000003	3.2203	0.0	0.0	0.733387	0.44790100000000005	0.882283	0.0	0.09388669999999999	1.24561	0.0	24.2211	0.0	0.0	16.0973	4.6596400000000004	0.526392	0.0	0.299111	0.0	1.24074	59.1092	17.4370065	10.0296	16.53645	10.2555	34.856725	10.14895	14.678729	24.04475955	15.89287	28.691155	19.3277	9.1433	14.23885	21.480137	14.1871	48.72595	19.37701	18.472075	6.24325	8.257415	5.1364115	7.125439	6.44124	12.2762
S100A14	S100A14-004	0.0	0.0	0.0	0.0	0.0	0.343208	0.0	0.0	0.0	0.0	0.0	0.0	0.0	0.0	0.393942	0.0	0.0	0.0	0.0	0.13431600000000002	0.0	0.309821	0.0	0.0	0.0	0.0	0.0	0.0	0.11970599999999999	0.0	0.102215	0.0	0.0127295	0.0	0.395902	0.0	0.0	0.04206	0.0	0.11722300000000001	0.0	0.7554285	0.288155	0.2495695	0.0	0.0	0.73469	0.0948805	0.191537	0.0	0.071923	0.1829461	0.118602	0.0	0.11101641	0.0	0.2067145	0.0	0.0	0.0	0.0	0.00058537	0.03503175	0.0	0.0	0.04767255
S100A14	S100A14-002	0.30427600000000005	0.0	0.0	0.0	0.10572000000000001	0.231296	0.0	1.15524	0.0	0.0	0.0	0.0	0.196978	0.0	0.26914099999999996	0.27210300000000004	0.0	0.0	0.0	0.0	0.22219	0.0	0.0	0.0	0.0	0.0	0.17993900000000002	0.0	0.0	0.0	0.0	0.0	0.0	0.0	0.0	0.0	0.0	0.0	0.0	0.0	0.0	0.1225435	0.149878	0.0	0.2220245	0.148029	0.0	0.0	0.55531	0.92904	0.4067565	0.978912	0.004210285	0.311742	0.0	0.0	0.337531	1.984375	0.0	0.3420265	0.1443865	0.4947405	0.0	0.0	0.0	0.0
S100A14	S100A14-003	0.44938199999999995	0.0	0.0	0.651849	0.0	3.09996	0.0	2.7587099999999998	0.0	0.0	0.0882332	0.0	0.281303	0.0	0.09459680000000001	0.0	0.0	0.0	0.0	0.0	0.0903189	0.0	0.236377	0.0	0.0	0.0	0.0	0.0	0.0	0.11160199999999999	0.0	0.16805799999999999	0.0	0.0	0.45158000000000004	0.07603760000000001	0.0	0.0	0.0	0.0	0.0	1.641925	0.366193	0.118342	0.30243905	0.64521	1.059385	0.4577405	0.328087	0.70656755	0.51856	1.14401	0.700497	0.65804365	0.41043225	0.457683	0.35273425	1.1641765	0.4757225	0.4710146	0.0	0.410391	0.04128545	0.31149655	0.2066255	0.2042465
S100A14	S100A14-005	0.0	0.0	0.0	0.0	0.0	0.0	0.0	0.0	0.0	0.0	0.0	0.0	0.0	0.0979698	0.0	0.0	0.033735400000000006	0.0	0.0	0.0	0.0	0.0	0.0	0.0	0.0	0.0	0.0	0.0	0.119521	0.0	0.0	0.0	0.0	0.0346461	0.0	0.0	0.0	0.0	0.0	0.0	0.0	0.1784235	0.1226795	0.0	0.0724605	0.0	0.0	0.0	0.0	0.00142665	0.0	0.102179	0.0	0.0	0.0	0.0	0.0	0.281101	0.0	0.0	0.0	0.0	0.0	0.0	0.0	0.214764
S100A14	S100A14-001	1.06661e-06	0.0	4.60553	2.6793200000000004e-10	0.0	0.0	0.0	10.3604	0.245304	1.2858600000000002e-06	0.0	0.215031	3.0190900000000003	3.29699	0.000109088	0.799633	0.0	0.274244	0.27871399999999996	0.0	0.0	0.0	0.0	0.028688400000000003	7.40171e-08	0.0	0.271254	0.188682	0.0	0.341844	0.0968286	1.68185	0.128108	0.0236665	0.14333900000000002	0.0054573	0.0	0.0637577	0.00010629899999999999	0.0	0.0	1.31477500024	8.4987e-09	0.7976425	1.405905	0.0363108	0.00656955	0.4197195	1.68326013215	0.01179505	0.001789995	1.411105	1.2976947	0.0187328	1.4023065	1.577635	0.214204	0.0017601715325	0.7940245	0.8793395	0.3290285	0.0386001551024	0.0	0.5728	1.4776965	0.415543
S100A13	S100A13-001	16.0413	3.9351800000000003	30.0986	25.2412	50.5222	1.2900200000000002	12.620999999999999	12.7664	2.02494	5.59216	11.6034	23.4862	25.3245	28.7983	23.5495	11.8634	8.4404	8.21004	1.92809	35.2256	22.8217	29.8754	96.0219	7.30225	5.46431	20.1839	5.30042	22.8417	8.06552	30.9584	20.9614	33.0969	16.5349	37.5055	16.0475	23.1527	19.1038	27.0365	12.0971	25.8503	12.5793	6.268405	46.060225	13.920815	17.59093	5.70962	29.2902	2.43369	4.47758	10.10134	14.875705	27.371395	6.159025	5.98733	31.0804	9.717575	8.62976	18.955995	5.65605	28.89035	22.0143	31.46725	36.16785	27.524635	11.33942	6.310195
S100A13	S100A13-201	2.49827	1.01063	0.83176	2.0152799999999997	2.93403	4.04473	0.563995	6.963019999999999	1.43646	12.1709	1.37192	4.34774	2.24922	1.79342	0.746448	0.378733	0.637897	0.22054899999999997	1.93587	2.46183	2.37815	3.3477300000000003	5.52754	0.0	0.40626	5.308590000000001	1.56171	1.49701	1.7035	3.04789	2.2073099999999997	0.804404	1.19041	1.64848	0.813291	2.2362900000000003	0.0	1.45579	0.0	0.431119	2.1973700000000003	3.771075	8.39348	2.320765	5.80369	3.37028	8.282555	4.118235	3.6159645	9.49532	3.2021115	14.19915	4.3958065	2.1330275	5.727205	5.93265	7.3074	9.117315	4.73638	0.87004725	6.275705	6.603855	5.13463	3.94149	3.541495	3.5018
S100A13	S100A13-202	19.9793	20.6154	1.6326	8.01592	8.10615	35.1428	3.2538	50.1719	5.891769999999999	97.2543	8.295580000000001	5.64379	3.1029400000000003	11.8962	6.8826600000000004	1.66505	10.626	0.676089	12.9247	5.24257	3.43855	9.002880000000001	26.316999999999997	3.4602800000000005	6.74752	54.3353	7.24545	3.4085400000000003	6.20775	8.72917	10.2209	5.41873	7.20102	4.36147	15.0281	12.7086	3.32704	5.75859	2.41361	3.13646	11.0066	70.0334	126.8382	49.492025	48.08368	38.279325	252.30906	149.13056	151.451925	240.50875	64.916055	259.5075	104.888	105.70739	100.893955	205.17036	98.23485	118.03695	92.8506	115.347211	56.7091	108.36102	25.940295	58.58865	46.5568	68.921975
S100A13	S100A13-203	42.0895	22.087	14.034	26.6658	38.3189	20.733	11.2643	47.7978	7.743289999999999	17.9798	16.3824	23.4317	21.0854	25.2603	19.8182	12.6122	7.87977	9.79255	17.73	31.7583	21.1123	27.2726	38.2873	9.82523	17.8879	32.3305	24.7317	15.0248	8.16045	31.8612	24.6938	24.7233	18.6673	26.1564	22.1953	26.7226	22.0059	20.007	8.53784	15.6967	18.5256	31.14185	45.7844	27.4047	36.86855	23.0974	69.9428	30.709595	24.386055	46.47175	36.11165	54.53745	32.61385	36.4252	43.39925	41.19195	29.92585	46.05395	37.06105	13.032755	43.6072	43.89015	36.5746	37.10915	27.80235	30.1492
S100A13	S100A13-002	0.0	0.588314	0.0	1.56735	0.0	0.8607530000000001	0.638706	2.29568	0.0	3.48601	0.0	0.597449	1.57021	0.612554	0.0	0.0	1.59486	1.06962	1.33491	0.0	0.0	1.11449	1.9451900000000002	1.2387299999999999	0.0	10.5229	0.0	1.28987	0.8340209999999999	0.549484	0.5403899999999999	1.15866	1.0469899999999999	0.610362	0.657299	0.46814399999999995	0.0	0.503083	0.0	0.0	0.760366	3.14584	7.677595	3.47548	3.376345	3.732245	13.622255	6.32735	7.094915	10.7544	3.9512465	37.66945	5.8628875	3.848165	6.858085	6.52145	4.705565	8.631915	6.45525	4.896605	4.406135	4.738395	5.44839	5.63207	4.116315	2.339885
S100A13	S100A13-006	1.43547	0.8345809999999999	1.0354299999999999	1.01311	2.14322	0.947082	0.371882	1.86525	0.6031489999999999	3.7737199999999995	1.8038900000000002	0.828263	0.70987	1.38291	0.66625	0.248678	0.892282	0.519409	0.84455	1.12822	0.665604	1.92155	2.73854	0.134775	0.356765	4.10806	0.189166	0.8453229999999999	0.49678	0.998914	0.494283	0.542725	0.59528	0.700104	0.8800129999999999	1.04998	0.790246	0.6927949999999999	1.0033100000000001	0.679501	0.677904	1.818836	3.69732	1.57546	1.31375	0.8603665	4.072795	1.7233875	1.98703	3.63766	1.1723065	4.09456	2.38644	1.5255345	1.9818145	3.049075	4.19375	2.753525	1.6026315	2.1704995	1.84118	1.4263015	1.4239615	0.893314	1.376465	1.1239815
S100A1	S100A1-001	1.47177	4.57564	1.33843	15.8075	4.24898	1.4238899999999999	0.28763099999999997	2.3230299999999997	1.42212	8.56478	3.07687	0.45459399999999994	0.8353959999999999	1.35086	2.51654	1.80089	9.60272	0.889647	5.48405	1.43801	1.45766	1.96912	0.666652	0.395377	3.28376	166.43599999999998	1.44736	0.339099	0.262344	2.0108900000000003	1.13917	1.27938	0.545531	1.6288200000000002	2.877	6.224559999999999	0.0664663	1.39616	1.6941099999999998	0.042123400000000005	1.3604	14.0946335	71.323275	60.1402	29.269225	15.496306	186.417654	85.320321	144.8619	78.46589	41.761501	203.0645	75.386895	38.17513765	70.8383655	84.868725	41.7207	86.59139	24.020665	91.994805	58.98458	49.10325	31.286985	80.194295	44.9984	52.3195
S100A1	S100A1-005	0.0	0.855332	0.551275	7.219760000000001	1.15021	0.0	0.0	0.795868	0.21249400000000002	3.35416	0.70276	0.182031	0.229152	0.606564	1.33441	0.184389	2.55099	0.0	2.14566	0.256981	0.46306	0.135122	0.0	0.288049	2.8702	23.6676	0.391633	0.319919	0.0	0.220333	0.265262	0.0	0.0	0.36501	0.354381	2.85986	0.187434	0.334595	0.12106300000000002	0.0	0.46953199999999995	2.1334005	9.39965	4.71436595	1.9315505	0.894135	15.25885	6.54415	11.8334335	2.86359	2.682248	21.1699	5.421775	3.285595	8.891351	9.5867975	5.11938	6.135865	2.6155095	12.576324	5.0331	4.09309	2.0882315	4.232496	4.34426	4.93337
S100A1	S100A1-003	0.0	0.0	0.050775400000000005	0.25879800000000003	0.237252	0.22734899999999997	0.256162	0.296327	0.10771300000000002	0.34921199999999997	0.333225	0.158696	0.0	0.12446199999999999	0.43587200000000004	0.0	0.17709	0.0	0.214758	0.0	0.0	0.0585456	0.298132	0.25743299999999997	0.063413	0.278558	0.25767399999999996	0.276459	0.323214	0.200599	0.176208	0.0	0.21701199999999998	0.134822	0.0	0.0	0.479863	0.053362900000000005	0.0	0.408495	0.738135	0.1497875	0.4169255	0.1622015	0.1553845	0.350348	0.3108455	0.3972275	0.544663	0.405361	0.301017	1.9946885	0.3784565	0.6302905	0.3514535	0.3618365	0.25164785	0.6078905	0.3602935	0.1242785	0.18231595	0.301596	0.16520895	0.1862349	0.1630705	0.4091055
S100A1	S100A1-004	0.0	0.0	0.166918	0.9643149999999999	0.0	0.0	0.0	0.0	0.202281	0.0	0.209992	0.0	0.14568599999999998	0.0	0.224733	0.0	0.0	0.0	0.21520300000000003	0.0537124	0.223584	0.0	0.427071	0.0	0.0	0.400781	0.199215	0.205292	0.0	0.0	0.0	0.0	0.0	0.0	0.0	0.0	0.0	0.267787	0.0	0.0	0.212918	0.351563	1.372695	0.670575	0.3567905	0.559325	2.722435	1.32744	1.121055	2.013895	0.1423885	2.689164	1.7251245	0.004407925	0.469821	2.266925	1.2657695	1.7285875	0.55322	2.509455	0.903525	0.77671	0.3453625	1.71538	0.202024	0.79567
S100A1	S100A1-002	0.362224	0.0317052	0.130715	0.138624	0.122993	0.0640685	0.0182215	0.15601099999999998	0.0279363	0.11488	0.156776	0.0226687	0.0484587	0.118644	0.0569976	0.00661779	0.11231500000000001	0.0589697	0.11131400000000001	0.11567100000000001	0.107419	0.10405199999999999	0.153328	0.022323	0.06717530000000001	0.131725	0.0608739	0.0528591	0.06211509999999999	0.0198811	0.0351349	0.07761010000000002	0.046144	0.07283660000000002	0.10423800000000001	0.112247	0.0732558	0.06317769999999999	0.06593810000000001	0.0458819	0.0702289	0.2204146	0.17399055	0.1833305	0.122203	0.0828983	0.420596	0.1953577	0.3771039	0.1949793	0.13954	0.412215	0.285093	0.1695345	0.17569895	0.27506425	0.242938	0.1521466	0.03993245	0.32790965	0.08290995	0.1511855	0.1202875	0.1124638	0.10143285	0.2128096
LCE5A	LCE5A-001	0.13769	0.0	0.0	0.0882985	0.0	0.0726559	0.020508099999999998	0.045717400000000005	0.0	0.111106	0.0426736	0.124049	0.015620199999999999	0.273455	0.0	0.0	0.03843680000000001	0.0145546	0.0684022	0.0597678	0.0	0.0	0.0	0.0182527	0.021719	0.021787200000000003	0.0	0.0	0.0	0.0	0.0577962	0.0	0.0507298	0.0865625	0.0237043	0.055988800000000005	0.020665	0.0337563	0.0	0.0268764	0.023424200000000003	0.0387326	0.00946915	0.05097705	0.0	0.02358945	0.09661805	0.04941025	0.04433915	0.0	0.0311597	0.0	0.12745245	0.0278731	0.0298168	0.02642565	0.04343855	0.01200185	0.072966	0.0	0.0120506	0.0	0.0	0.0	0.0	0.01128955
CRCT1	CRCT1-001	0.0	0.0	0.0	0.0	0.0	0.0	0.07130650000000001	0.0	0.0	0.0	0.0	0.0	0.0340538	0.0	0.0	0.0	0.0	0.0	0.0	0.0	0.0	0.0	0.0	0.0	0.0	0.0	0.0	0.0	0.0	0.0703564	0.021353200000000003	0.0213647	0.0	0.097652	0.21945599999999998	0.0	0.0	0.0	0.0	0.0	0.0	0.0	0.0	0.0	0.024707	0.0	0.0	0.0	0.062246	0.0926165	0.0	0.0	0.0	0.0	0.04697445	0.0	0.0155907	0.0	0.0	0.0	0.0	0.28164355	0.0	0.0	0.0	0.0
LCE3E	LCE3E-001	0.0	0.0	0.0	0.0	0.0	0.0	0.0	0.0	0.0	0.0	0.0	0.0	0.0	0.0	0.0	0.0	0.0	0.0	0.0	0.0	0.0	0.0	0.04573119999999999	0.0	0.0	0.0	0.0	0.0	0.0	0.0	0.0	0.0	0.0	0.0	0.0	0.0	0.0	0.0	0.0	0.0	0.0	0.0	0.0	0.0	0.0	0.0	0.0	0.0	0.0	0.0	0.0	0.0	0.0	0.0	0.0	0.0	0.0	0.0	0.0	0.0	0.0	0.0	0.0	0.0	0.0	0.0
LCE3D	LCE3D-001	0.0	0.0	0.0	0.0	0.0	0.0	0.0	0.0	0.0	0.0	0.0	0.0	0.0	0.0	0.0	0.0	0.0	0.0	0.0	0.0	0.0	0.0	0.0	0.0	0.0	0.0	0.0	0.0	0.0	0.0	0.0	0.0	0.0	0.0	0.0	0.0	0.0	0.0	0.0	0.0	0.0	0.0	0.0	0.0	0.0	0.0	0.0	0.0	0.0	0.0	0.0	0.1312	0.0	0.0	0.0	0.0	0.0	0.0	0.0	0.01067805	0.0	0.0157386	0.0	0.0	0.0	0.0
LCE3C	LCE3C-001	0.0	0.0	0.0	0.0	0.0	0.0	0.0	0.0	0.0	0.0	0.0	0.0	0.0	0.0	0.0	0.0	0.0	0.0	0.0	0.0	0.0	0.0	0.0	0.0	0.0	0.0	0.0	0.0	0.0	0.0	0.0	0.0	0.0	0.0	0.0	0.0	0.0	0.0	0.0	0.0	0.0	0.0	0.0	0.0	0.0	0.0	0.0	0.0	0.0	0.0	0.0	0.0	0.0	0.0	0.0	0.0	0.0	0.0	0.0	0.0	0.0	0.0	0.0	0.0	0.0	0.0
LCE3C	LCE3C-201	0.0	0.0	0.0	0.0	0.0	0.0	0.0	0.0	0.0	0.0	0.0	0.0	0.0	0.0	0.0	0.0	0.0	0.0	0.0	0.0	0.0	0.0	0.0	0.0	0.0	0.0	0.0	0.0	0.0	0.0	0.0	0.0	0.0	0.0	0.0	0.0	0.0	0.0	0.0	0.0	0.0	0.0	0.0	0.0	0.0	0.0	0.0	0.0	0.0	0.0	0.0	0.0	0.0	0.0	0.0	0.0	0.0	0.0	0.0	0.0	0.0	0.0	0.0	0.0	0.0	0.0
LCE3B	LCE3B-001	0.0	0.0	0.0	0.0	0.0	0.0	0.0	0.0	0.0	0.0	0.0	0.0	0.0	0.0	0.0	0.0	0.0	0.0	0.0	0.0	0.0	0.0	0.0	0.0	0.0	0.0	0.0	0.0	0.0	0.0	0.0	0.0	0.0	0.0	0.0	0.0	0.0	0.0	0.0	0.0	0.0	0.0	0.0	0.0	0.0	0.0	0.0	0.0	0.0	0.0	0.0	0.0	0.0	0.0	0.0	0.0	0.0	0.0	0.0	0.0	0.0	0.0	0.0	0.0	0.0	0.0
LCE3A	LCE3A-001	0.0	0.0	0.0	0.22912800000000003	0.0	0.0	0.0	0.0	0.0	0.0	0.0	0.0	0.0	0.0	0.0	0.0	0.0	0.0	0.0	0.0	0.0	0.0	0.0	0.0	0.0	0.0	0.0	0.0	0.0	0.0	0.0	0.0	0.0	0.0	0.0	0.0	0.0	0.0	0.0	0.0	0.0	0.0	0.0	0.0	0.0	0.0	0.0	0.0	0.0	0.0	0.0	0.332839	0.0585355	0.0	0.0	0.0	0.0	0.0	0.0	0.0	0.0	0.0	0.0	0.0	0.0	0.0
LCE2D	LCE2D-001	0.0	0.0	0.0	0.0	0.0	0.0	0.0	0.0	0.0	0.0	0.0	0.0	0.0	0.0	0.0	0.0	0.0	0.0	0.0	0.0	0.0	0.0	0.0	0.0	0.0	0.0	0.0	0.0	0.0	0.0	0.0	0.0	0.0	0.0	0.0	0.0	0.0	0.0	0.0	0.0	0.0	0.0	0.0	0.114944	0.2145865	0.0	0.0	0.0213013	0.0	0.0	0.04561995	0.0	0.0	0.0	0.02253235	0.02345615	0.0421848	0.0	0.121715	0.0	0.1064505	0.0	0.4921425	0.03767865	0.3540585	0.0218696
LCE2C	LCE2C-001	0.0	0.0	0.0	0.0	0.0	0.0	0.0	0.0	0.0	0.0	0.0	0.0	0.0	0.0	0.0	0.0	0.0	0.0	0.0	0.0	0.0	0.0	0.0	0.0	0.0	0.0	0.0	0.0	0.0	0.0	0.0	0.0	0.0	0.0	0.0	0.0	0.0	0.0	0.0	0.0	0.0	0.0	0.0	0.0	0.0	0.0199635	0.0	0.0	0.0	0.0	0.0	0.0	0.0	0.0	0.0	0.0	0.0	0.0	0.0	0.0	0.0	0.0	0.0160658	0.0	0.0192044	0.0
LCE2B	LCE2B-001	0.0	0.0	0.0	0.0	0.0	0.0	0.0	0.0	0.0	0.0	0.0	0.0	0.0	0.0	0.0	0.0	0.0	0.0	0.0	0.0	0.0	0.0	0.0	0.0	0.0	0.0	0.0	0.0	0.0	0.0	0.0	0.0	0.0	0.0	0.0	0.0	0.0	0.0	0.0	0.0	0.0	0.0	0.0	0.0	0.0	0.0	0.0	0.0	0.0	0.0	0.0	0.0	0.0	0.0	0.0	0.0	0.0	0.0	0.0	0.0	0.0	0.0	0.0	0.0	0.0	0.0
LCE2A	LCE2A-001	0.0	0.0	0.0	0.0	0.0	0.0	0.0	0.0	0.0	0.0	0.0	0.0	0.0	0.0	0.0	0.0	0.0	0.0	0.0	0.0	0.0	0.0	0.0938895	0.0	0.0	0.0	0.0	0.0	0.0	0.0	0.0	0.0	0.0	0.0	0.0	0.0	0.0	0.0	0.0	0.0	0.0	0.0	0.0	0.0	0.0	0.0	0.0	0.0	0.0	0.0	0.0	0.0	0.0	0.0	0.0	0.0	0.0	0.0	0.0	0.0	0.0	0.0	0.0	0.0	0.0	0.0
LCE4A	LCE4A-201	0.0	0.0	0.0	0.0	0.0	0.0	0.0	0.0	0.0	0.0	0.0	0.0	0.0	0.0	0.0	0.0	0.0	0.0	0.0	0.0	0.0	0.0	0.0	0.0	0.0	0.0	0.0	0.0	0.0	0.0	0.0	0.0	0.0	0.0	0.0	0.0	0.0	0.0	0.0	0.0	0.0	0.0	0.0	0.0	0.0	0.0	0.0	0.0	0.0	0.0	0.0	0.0	0.0	0.0	0.0	0.0	0.0	0.0	0.0	0.0	0.0	0.0	0.0	0.0	0.0	0.0
LCE4A	LCE4A-001	0.0	0.0	0.0	0.0	0.0	0.0	0.0	0.0	0.0	0.0	0.0	0.0	0.0	0.0	0.0	0.0	0.0	0.0	0.0	0.0	0.0	0.0	0.0	0.0	0.0	0.0	0.0	0.0	0.0	0.0	0.0	0.0	0.0	0.0	0.0	0.0	0.0	0.0	0.0	0.0	0.0	0.0	0.0	0.0	0.0	0.0	0.0	0.0	0.0	0.0	0.0	0.0	0.0	0.0	0.0	0.0	0.0	0.0	0.0	0.0	0.0	0.0	0.0	0.0	0.0	0.0
C1orf68	C1orf68-001	0.0	0.0	0.0	0.0	0.021637299999999998	0.0	0.0	0.0	0.0	0.0	0.0	0.0	0.0	0.0	0.0	0.0	0.0	0.0	0.0	0.0	0.0	0.0	0.0	0.0	0.0	0.0	0.0	0.0	0.0	0.0	0.0	0.0	0.0	0.0	0.0	0.0	0.0	0.0	0.0	0.0	0.0	0.0	0.0	0.0	0.0	0.0	0.0	0.0	0.0	0.0	0.0	0.0	0.0	0.0	0.0	0.0	0.0	0.0	0.0177175	0.0	0.0	0.01236395	0.0	0.0	0.0	0.0
KPRP	KPRP-001	0.0	0.0	0.0	0.0	0.0	0.0	0.0	0.0	0.0	0.0	0.0	0.0	0.0	0.0	0.0	0.0	0.0	0.0	0.0	0.0	0.0	0.0	0.0	0.0	0.0	0.0	0.0	0.0	0.0	0.0	0.0	0.00544476	0.00475315	0.0	0.0325352	0.0	0.0	0.0	0.0	0.0	0.0	0.0	0.0	0.0105405	0.0	0.00373578	0.0065275	0.0	0.0	0.0	0.00728615	0.0	0.0	0.0	0.0	0.0	0.0	0.0234694	0.0	0.0	0.013411485	0.003071345	0.002812165	0.0	0.0100919	0.0
LCE1F	LCE1F-001	0.0	0.0	0.0	0.0	0.0	0.0	0.0	0.0	0.0	0.0	0.0	0.0	0.0	0.0	0.0	0.0	0.0	0.0	0.0	0.0	0.0	0.0	0.0	0.0	0.0	0.0	0.0	0.0	0.0	0.0	0.0	0.0	0.0	0.0	0.0	0.0	0.0	0.0	0.0	0.112648	0.0	0.0	0.0	0.0	0.0	0.0	0.0	0.0	0.0	0.0	0.0	0.0	0.0	0.0	0.0	0.0	0.0	0.0	0.0	0.0	0.0	0.0	0.0	0.0	0.0	0.0
LCE1E	LCE1E-001	0.0	0.0	0.041244800000000005	0.0	0.0	0.0	0.0	0.0	0.0	0.0	0.0	0.015863	0.0	0.0	0.0	0.0	0.0	0.0	0.0	0.0	0.0	0.0365627	0.0	0.0	0.0	0.0	0.0	0.0	0.0	0.0	0.0	0.0	0.0	0.0228308	0.0	0.0	0.0	0.0	0.0	0.0	0.0	0.0	0.0090971	0.0	0.0	0.00872945	0.0	0.0	0.0	0.0	0.0	0.0	0.00939225	0.0	0.0	0.0	0.0	0.01059795	0.0397013	0.0	0.0	0.0186786	0.0	0.0	0.0	0.0
LCE1E	LCE1E-002	0.0	0.0	0.0	0.0	0.0	0.0	0.0	0.0	0.0	0.0	0.0	0.0	0.0	0.0	0.0	0.0	0.0	0.0	0.0	0.0	0.0	0.0	0.0	0.0	0.034140699999999996	0.0	0.0	0.0	0.0	0.0	0.0	0.0	0.0	0.0123521	0.0	0.0	0.0	0.0	0.0	0.0	0.0	0.0	0.0	0.0	0.0	0.0	0.0	0.02332335	0.0	0.0	0.0	0.0	0.0	0.0	0.0	0.0	0.0	0.0	0.0	0.0	0.0	0.04585995	0.0224902	0.0	0.02048395	0.0
LCE1E	LCE1E-201	0.0	0.0	0.0	0.0	0.0	0.0	0.0	0.0	0.0	0.0	0.0	0.0	0.0	0.0	0.0	0.0	0.0	0.0	0.0	0.0	0.0	0.0	0.0	0.0	0.0	0.0	0.0	0.0	0.0	0.0	0.0	0.0	0.0	0.0	0.0	0.0	0.0	0.0	0.0	0.0	0.0	0.0	0.0	0.0	0.0	0.0	0.0	0.0	0.0	0.0	0.0	0.0	0.0	0.0	0.0	0.0	0.0	0.0	0.0	0.0	0.0	0.0	0.0	0.0	0.0	0.0
LCE1D	LCE1D-001	0.0	0.0	0.0	0.0	0.0	0.0	0.0	0.0	0.0	0.0	0.0	0.0	0.0	0.0	0.0	0.0	0.0	0.0	0.0	0.0	0.0	0.0	0.0	0.0	0.0	0.0	0.0	0.0	0.0	0.0	0.0	0.0	0.0	0.0	0.0	0.0	0.0	0.0	0.0	0.0	0.0	0.0	0.0	0.0	0.0	0.0	0.0	0.0	0.0	0.0	0.0	0.0	0.0	0.0	0.0	0.0	0.0	0.0	0.0	0.0	0.0	0.0	0.0	0.0	0.03276855	0.0
LCE1C	LCE1C-002	0.0	0.0	0.0	0.0	0.0	0.0	0.0	0.0	0.0	0.0	0.0	0.0	0.0	0.0	0.0	0.0	0.0	0.0	0.0	0.0	0.0	0.0	0.0	0.0	0.0	0.0	0.0	0.0	0.0	0.0	0.0	0.0	0.0	0.0	0.0	0.0	0.0	0.0	0.0	0.0	0.0	0.0	0.0	0.1491965	0.0	0.0	0.0	0.0	0.0	0.0	0.0	0.0	0.0	0.0	0.0	0.0	0.0	0.0	0.64723	0.0	0.0	0.164346	0.11286	0.98296	0.3250045	0.0
LCE1C	LCE1C-001	0.0	0.0	0.0	0.0	0.067969	0.0	0.0	0.0	0.0	0.0	0.0	0.0	0.0	0.0	0.0	0.0	0.0	0.0	0.0	0.0	0.0	0.0	0.0	0.0	0.0	0.0	0.0	0.0	0.0	0.0	0.0	0.0	0.0	0.0	0.0	0.0	0.0	0.02265	0.0	0.0	0.0	0.0	0.0188883	0.123117	0.107492	0.074548	0.0	0.0195876	0.0	0.0	0.13973555	0.0	0.0	0.0	0.0	0.0	0.0	0.0	0.1457595	0.0	0.1623985	0.0970195	0.0266127	0.73395	0.2880035	0.1216145
LCE1B	LCE1B-001	0.0	0.0	0.0	0.0123833	0.0	0.0	0.0	0.0	0.0	0.0	0.0	0.0	0.0	0.0	0.0	0.0	0.0	0.0	0.0	0.0	0.0	0.0	0.0	0.0	0.0	0.0	0.0	0.0	0.0	0.0	0.0	0.0	0.0	0.0	0.0	0.012962999999999999	0.0	0.0	0.0	0.0	0.016175	0.0	0.0	0.0	0.0	0.0	0.0	0.0	0.00843715	0.0	0.01098485	0.0	0.0	0.0	0.0	0.0	0.00460659	0.0	0.0143341	0.0	0.0	0.01013295	0.0	0.0	0.0175412	0.0
LCE1A	LCE1A-001	0.0	0.0	0.0	0.0	0.0	0.0	0.0	0.0	0.0	0.0	0.0	0.0	0.0	0.0	0.0	0.0	0.0	0.0	0.0	0.0	0.0	0.0	0.0	0.0	0.0	0.0	0.0	0.0	0.0	0.0	0.0	0.0	0.0	0.0	0.0	0.0	0.0	0.0	0.0	0.0	0.0	0.0	0.0	0.0	0.0	0.0	0.0	0.0	0.0	0.0	0.0	0.0	0.0	0.0	0.0	0.0	0.0	0.0	0.0	0.0	0.0	0.027565	0.0	0.0	0.0	0.0
LCE6A	LCE6A-001	0.0	0.0	0.0	0.0	0.0	0.0	0.0	0.0	0.0	0.0	0.0	0.0	0.0	0.0	0.0	0.0	0.0	0.0	0.0	0.0	0.0	0.0	0.0	0.0	0.0	0.0	0.0	0.0	0.0	0.0	0.0	0.0	0.0	0.0	0.0	0.0	0.0	0.0	0.0	0.0	0.0	0.0	0.0	0.0	0.0	0.0	0.0	0.0	0.0	0.0	0.0	0.0	0.0	0.0	0.0	0.0	0.0	0.0	0.0	0.0	0.0	0.0	0.0	0.0	0.0	0.0
SMCP	SMCP-001	0.0	0.0	0.0	0.0	0.0	0.0	0.0	0.0	0.0	0.0	0.0	0.0	0.0	0.0	0.0	0.0	0.0	0.0	0.0	0.0	0.0	0.0	0.0	0.0	0.0	0.0	0.0	0.0	0.0	0.0	0.0	0.0	0.0	0.0	0.0	0.0	0.0	0.0	0.0	0.0	0.0	0.0	0.0	0.0	0.0	0.0	0.0	0.0	0.0	0.0	0.0	0.0	0.0	0.0	0.016932	0.0	0.0	0.0	0.0	0.0	0.0	0.0	0.0	0.0	0.0	0.0
IVL	IVL-001	0.0	0.0	0.0	0.0	0.0664217	0.0	0.0	0.0	0.0	0.00705698	0.0	0.0	0.0	0.0	0.00749913	0.0	0.0	0.0	0.0	0.0	0.0	0.17311300000000002	0.0	0.0	0.0	0.0	0.0	0.00705582	0.00665148	0.0	0.0	0.0	0.0	0.0	0.0	0.0	0.0	0.0	0.00516516	0.0	0.0	0.0704975	0.007664755	0.00422844	0.0	0.0	0.0214309	0.0	0.0469516	0.01303485	0.02193385	0.0577285	0.0639312	0.0	0.01046825	0.0205087	0.0	0.01058055	0.534695	0.00866795	0.00385357	0.079126	0.0	0.0120181	0.0077216	0.00372241
SPRR4	SPRR4-001	0.0	0.0	0.0	0.0	0.0	0.0	0.0	0.0	0.0	0.0	0.0	0.0	0.0	0.0	0.0	0.0	0.0	0.0	0.0	0.0	0.0	0.0	0.0	0.0	0.0	0.0	0.0	0.0	0.0	0.0	0.0	0.0	0.0	0.0	0.0	0.0	0.0	0.0	0.0	0.0	0.0	0.0	0.0	0.0	0.0	0.0	0.0	0.0	0.0	0.0	0.0	0.0	0.0	0.0	0.0	0.0	0.0	0.0	0.0	0.0	0.0	0.0	0.01666385	0.0	0.0	0.0
SPRR1A	SPRR1A-001	0.0	0.0	0.0	0.0	0.0	0.0	0.0	0.150695	0.0	0.0	0.0	0.0	0.0	0.0	0.0	0.0	0.0	0.0	0.0	0.0	0.0	0.367058	0.0	0.22913499999999998	0.0	0.0	0.0	0.0	0.134601	0.0	0.0	0.0	0.0	0.0	0.0	0.0	0.0	0.0	0.0	0.0	0.0	0.091324	0.55488	0.0847385	0.17295	0.0	6.5563	0.377062	0.4004875	0.172178	0.361066	0.3354245	0.24796	0.353088	1.695762	0.0	0.4807435	0.210189	1.6108045	0.1740905	0.2405045	0.0926265	0.0	0.0	0.1877685	0.0981105
SPRR3	SPRR3-001	0.0	0.0	0.0	0.0	0.0	0.0	0.0	0.0	0.0	0.0	0.0	0.0	0.0	0.0	0.0	0.0	0.0	0.0	0.0	0.0	0.0	0.0	0.0	0.0	0.0	0.0	0.0	0.0	0.0	0.0	0.0	0.0	0.0	0.0	0.0	0.0	0.0	0.0	0.0	0.0	0.0	0.0432325	0.0	0.0	0.0	0.0	0.0	0.0	0.0	0.0	0.0	0.0	0.1163764	0.0	0.0	0.0	0.0	0.0	0.0550485	0.0	0.0236283	0.0	0.0	0.0	0.0	0.0
SPRR3	SPRR3-201	0.0	0.0	0.0	0.0	0.0	0.0	0.0	0.0	0.0	0.0	0.0	0.0	0.0	0.0	0.0	0.0	0.0	0.0	0.0	0.0	0.0	0.0	0.0	0.0	0.0	0.0	0.0	0.0	0.0	0.0	0.0	0.0	0.0	0.0	0.0	0.0	0.0	0.0	0.0	0.0	0.0	0.0	0.0	0.0	0.0	0.0	0.0	0.0	0.0	0.0	0.0	0.0	0.0	0.0	0.0	0.0	0.0	0.0	0.0	0.0	0.0	0.0	0.0	0.0	0.0	0.0
SPRR3	SPRR3-003	0.0841717	0.0	0.0	0.0	0.0	0.0	0.0	0.0	0.0	0.0	0.0	0.0	0.0	0.0	0.0	0.0	0.0	0.0	0.0	0.0	0.0	0.057180999999999996	0.0	0.0	0.0	0.0	0.0	0.0	0.0	0.0	0.0	0.0	0.0	0.0	0.0	0.0	0.0	0.0	0.0	0.0	0.0	0.0	0.0	0.0	0.0	0.0	0.0	0.0	0.0	0.0	0.0	0.0	0.0	0.0	0.0	0.0	0.0	0.0	0.00843885	0.0	0.0	0.0	0.0	0.0	0.0	0.0
SPRR3	SPRR3-002	0.0	0.0	0.0	0.0	0.0	0.0	0.0	0.0	0.0	0.0	0.0	0.0	0.0	0.0	0.0	0.0	0.0	0.0	0.0	0.0	0.0	0.0	0.0	0.0	0.0	0.0	0.0	0.0	0.0	0.0	0.0	0.0	0.0	0.0	0.0	0.0	0.0	0.0	0.0	0.0	0.0	0.0	0.0	0.0	0.0	0.0	0.0	0.0	0.0	0.0	0.0	0.0	0.0	0.0	0.0	0.0	0.0	0.0	0.0	0.0	0.0	0.0	0.0	0.0	0.0	0.0
SPRR1B	SPRR1B-001	0.0	0.0	0.0240041	0.0	0.0	0.0	0.0	0.0	0.0	0.0	0.0	0.0	0.0	0.0	0.0	0.0	0.0	0.0	0.0	0.0	0.0	0.0	0.0	0.0	0.0	0.0	0.0	0.0	0.0314346	0.0	0.0	0.0	0.0	0.033090100000000004	0.0	0.0	0.0	0.0	0.0	0.041531099999999994	0.0	0.02193055	0.02133235	0.0	0.0	0.0	0.2179175	0.0	0.0	0.0	0.0	0.0	0.02202725	0.02124675	0.0924615	0.0	0.0	0.02449405	0.0	0.01112845	0.0183488	0.0	0.0	0.03016945	0.0192733	0.0
SPRR2D	SPRR2D-001	0.0373365	0.0	0.0	0.0	0.0340642	0.0	0.0	0.0	0.0	0.0	0.0	0.0	0.0	0.0	0.0	0.0	0.0	0.0	0.0	0.0	0.0	0.0	0.166383	0.0	0.0	0.0	0.0	0.0	0.0	0.0	0.0288598	0.0	0.0	0.0	0.032593000000000004	0.0	0.0	0.0	0.0	0.0	0.0	0.241079	0.0	0.07378085	0.0902565	0.0	0.103973	0.01956345	0.03732515	0.0182984	0.164249	0.07641675	0.1212965	0.0	0.0	0.0	0.0	0.04381455	0.0	0.0563795	0.0	0.02167325	0.0	0.0	0.068445	0.242334
SPRR2D	SPRR2D-003	0.0	0.0	0.0	0.0	0.0	0.0	0.0	0.0	0.0	0.0	0.0	0.0	0.0	0.0	0.0	0.0	0.0	0.0	0.0	0.0	0.0	0.0	0.0	0.0	0.0	0.0	0.0	0.0	0.0	0.0	0.0	0.0	0.0	0.0	0.0	0.0	0.0	0.0	0.0	0.0	0.0	0.0	0.0	0.0	0.0	0.0	0.0	0.0	0.0	0.0	0.0	0.0	0.0	0.0	0.0	0.0	0.0	0.0	0.0	0.0	0.0	0.0	0.0	0.0	0.0	0.0
SPRR2D	SPRR2D-002	0.0	0.0	0.0	0.0	0.0	0.0	0.0	0.0	0.0	0.0	0.0	0.0	0.0	0.0	0.0	0.0	0.0	0.0	0.0	0.0	0.0	0.0	0.0	0.0	0.0	0.0	0.0	0.0	0.0	0.0	0.0	0.0	0.0	0.0	0.0	0.0	0.0	0.0	0.0	0.0	0.0	0.0796135	0.0	0.0	0.0	0.0	0.0	0.0	0.0	0.0	0.0	0.0	0.0	0.0	0.0	0.0	0.0	0.0	0.0	0.0	0.0	0.0	0.0	0.0	0.0	0.0
SPRR2D	SPRR2D-004	0.0	0.0	0.0	0.0	0.0	0.0	0.0	0.0	0.0	0.0	0.0	0.0	0.0	0.0	0.0	0.0	0.0	0.0	0.0	0.0	0.0	0.0	0.0	0.0	0.0	0.0	0.0	0.025031499999999998	0.0	0.0	0.0	0.0	0.0	0.0	0.0	0.0	0.0	0.0	0.0	0.0	0.0	0.0	0.0	0.0	0.0	0.0	0.0	0.0	0.0	0.0	0.0	0.084743	0.0	0.0	0.0	0.0	0.0	0.0	0.0	0.0	0.0	0.0	0.0	0.0	0.0	0.0
SPRR2A	SPRR2A-001	0.106144	0.0	0.0206252	0.0	0.0	0.0	0.0	0.0	0.0	0.0	0.0	0.0	0.0	0.0	0.0	0.0	0.0	0.0	0.0	0.0	0.0	0.168455	0.0	0.0	0.0	0.0	0.025304499999999997	0.028785200000000004	0.0264438	0.0	0.243135	0.0	0.0	0.0	0.030800400000000002	0.0239863	0.0	0.0	0.0	0.0	0.0	0.2207395	0.1228495	0.2828465	0.0512515	0.0	1.2128885	0.463433	0.366315	0.242128	0.2887649	0.2553475	0.5470267	0.084889	0.116786	0.183063	0.0369541	0.2272825	0.3842282	0.39875455	0.093094	1.306395	0.0241994	0.164962	0.1455315	0.170977
SPRR2B	SPRR2B-001	0.0	0.0	0.0	0.0	0.0	0.0	0.0	0.0	0.0	0.0	0.0	0.0	0.0	0.0	0.0	0.0	0.0	0.0	0.0	0.0	0.0	0.0	0.0	0.0	0.0	0.0	0.0	0.0	0.0	0.0	0.0	0.0	0.0	0.0	0.0	0.0	0.0	0.0	0.0262852	0.0	0.0	0.0	0.0	0.0	0.0	0.0	0.0	0.0	0.0	0.0	0.0	0.0	0.0	0.0	0.0	0.0	0.0230354	0.0	0.0	0.01174655	0.0	0.0	0.0	0.0	0.0119032	0.0
SPRR2E	SPRR2E-002	0.0381085	0.0	0.0	0.0	0.0	0.0	0.0	0.0	0.0	0.0	0.0	0.0	0.0	0.0	0.0	0.0	0.0	0.0	0.0	0.0	0.0	0.0	0.0	0.0	0.0	0.0	0.0	0.0	0.0	0.0	0.0	0.0	0.0	0.0	0.0	0.0	0.0	0.0	0.0	0.0	0.0	0.0	0.0	0.0	0.0	0.0	0.0	0.0	0.0	0.01868835	0.02157485	0.0	0.0	0.0	0.0	0.0	0.0	0.0	0.0	0.0	0.0	0.02075955	0.00258202	0.0	0.010166	0.0
SPRR2E	SPRR2E-001	0.0	0.0	0.0	0.0	0.0	0.0	0.0	0.0	0.0	0.0	0.0	0.0	0.0	0.0	0.0	0.0	0.0	0.0	0.0	0.0	0.0	0.0	0.0	0.0	0.0	0.0	0.0	0.0	0.0	0.0	0.0	0.0	0.0	0.0	0.0	0.0	0.0	0.0	0.0	0.0	0.0	0.0	0.0	0.0	0.0	0.0	0.0	0.0	0.0	0.0	0.0	0.0	0.0	0.0	0.0	0.0	0.0	0.0	0.0	0.0	0.0	0.0	0.0	0.0	0.0	0.0
SPRR2F	SPRR2F-001	0.0	0.0	0.0	0.0	0.0	0.0	0.0	0.0	0.0	0.0	0.0	0.0	0.0	0.0	0.0	0.0	0.0	0.0	0.0	0.0	0.0	0.0	0.0	0.0	0.0	0.0	0.0	0.0	0.0	0.0	0.0	0.0	0.0	0.0	0.0	0.0	0.0	0.0	0.0	0.0	0.0	0.0	0.0	0.0	0.01801375	0.0	0.0	0.0	0.0	0.0	0.0172975	0.0	0.0	0.017865	0.0	0.0	0.0	0.0	0.0279694	0.0	0.0	0.059089	0.02572675	0.0	0.0	0.0
SPRR2C	SPRR2C-001	0.0	0.0	0.0	0.0	0.0	0.0	0.0	0.0	0.0	0.0	0.0	0.0	0.0	0.0	0.0	0.0	0.0	0.0	0.0	0.0	0.0	0.0	0.0	0.0	0.0	0.0	0.0	0.0	0.0	0.0	0.0	0.0	0.0	0.0	0.0	0.0	0.0	0.0	0.0	0.0	0.0	0.0	0.0286342	0.0	0.0	0.0	0.0	0.0	0.0	0.0	0.0	0.0	0.0	0.0	0.0	0.0	0.0	0.0	0.0	0.0	0.0	0.0	0.0	0.0	0.0	0.0
SPRR2G	SPRR2G-001	0.0	0.0	0.0	0.0	0.0	0.0	0.0	0.0	0.0	0.0	0.0	0.0	0.0	0.0	0.0	0.0	0.0	0.0	0.0	0.0	0.0	0.0	0.0	0.0	0.0	0.0	0.0	0.0	0.0	0.0	0.0	0.0	0.0	0.0	0.0	0.0	0.0	0.0	0.0	0.0	0.0	0.0	0.0	0.0	0.0	0.0	0.0	0.0	0.0	0.0	0.0	0.0	0.0	0.0	0.0	0.0	0.0	0.0	0.0	0.0	0.0	0.0	0.0	0.0	0.0	0.0
LELP1	LELP1-001	0.0	0.0	0.0	0.0	0.0	0.0	0.0	0.0	0.0	0.0	0.0	0.0	0.0	0.0	0.0	0.0	0.0	0.0	0.0	0.0	0.0	0.0	0.0	0.0	0.0	0.0	0.0	0.0	0.0	0.0	0.0	0.0	0.0	0.0	0.0	0.0	0.0	0.0	0.0	0.0	0.0	0.0	0.0	0.0	0.0	0.0	0.0	0.0	0.0	0.0	0.0	0.0	0.0	0.0	0.0	0.0	0.0	0.0	0.0	0.0	0.0	0.02107865	0.0	0.0	0.0	0.0
LOR	LOR-001	0.0	0.0	0.0	0.0	0.013540100000000001	0.0	0.0	0.0	0.0	0.0	0.0	0.0	0.0	0.0	0.0124145	0.0	0.0	0.0	0.0	0.0	0.0	0.0100035	0.0357613	0.0	0.0	0.0	0.0	0.0	0.0	0.0	0.0	0.0	0.0	0.0	0.0	0.0	0.0	0.0	0.0	0.0	0.0	0.0073816	0.0	0.0	0.006923	0.00725595	0.0	0.0	0.0062963	0.0	0.01862715	0.0	0.0	0.0	0.0	0.0	0.0	0.0087218	0.0	0.004033315	0.0	0.00758645	0.0	0.0	0.0	0.0
PGLYRP4	PGLYRP4-001	0.0	0.0	0.0	0.0	0.0	0.0	0.0	0.0	0.0	0.0	0.0	0.0	0.0	0.0	0.0	0.0	0.0	0.0	0.0	0.00808722	0.0	0.0648744	0.0374612	0.0	0.0	0.0	0.0	0.0	0.0	0.0	0.0	0.0	0.00680807	0.0	0.0	0.0	0.0	0.00681651	0.0	0.0	0.0	0.0075988	0.0	0.01561605	0.01606995	0.0	0.00537705	0.0	0.00419836	0.0	0.01460565	0.0	0.0	0.008821865	0.00434067	0.0	0.0	0.0	0.0083877	0.002880135	0.00482227	0.0	0.0	0.00499066	0.00481305	0.0
PGLYRP4	PGLYRP4-002	0.0	0.0297221	0.0	0.0	0.0432235	0.0	0.0	0.0	0.0	0.0	0.0	0.0	0.0	0.00663683	0.0	0.0	0.0	0.0	0.0	0.0	0.0	0.128574	0.0	0.0	0.0	0.0	0.0	0.0	0.0	0.0	0.0	0.0	0.0	0.0	0.0	0.0	0.0	0.0	0.0	0.0	0.0	0.0	0.0	0.0	0.0	0.0	0.0	0.0	0.0	0.0	0.0	0.0	0.0	0.0	0.0	0.0	0.0	0.0	0.0	0.0	0.0	0.0196631	0.0	0.0	0.0	0.0
PGLYRP4	PGLYRP4-003	0.0	0.0	0.0	0.0	0.0	0.0	0.0	0.0	0.0	0.0	0.0	0.0	0.0	0.0	0.0	0.0	0.0	0.0	0.0	0.0	0.0	0.12465	0.0	0.0	0.0	0.0	0.0	0.042509500000000006	0.0	0.0	0.0	0.0	0.0	0.0	0.0	0.0	0.0	0.0	0.0	0.0	0.0	0.0198172	0.0	0.0	0.0	0.0	0.0	0.0	0.0	0.0	0.0	0.0	0.0	0.0	0.0	0.0	0.0	0.0	0.0	0.0	0.0	0.0272756	0.0	0.0	0.0	0.0
PGLYRP3	PGLYRP3-001	0.0	0.0	0.0	0.0	0.0	0.0	0.0	0.0	0.0	0.0	0.0	0.0	0.0	0.0	0.0	0.0	0.0	0.0	0.0	0.0	0.0	0.0	0.0	0.0	0.0	0.0	0.0	0.0	0.0	0.0	0.0	0.0	0.011281999999999999	0.0	0.0	0.0	0.0	0.0	0.0	0.0	0.0	0.0	0.00936105	0.0	0.0	0.0	0.0	0.0	0.0	0.0	0.0	0.0	0.0	0.0	0.0	0.0	0.0	0.0	0.0069863	0.0	0.0	0.0	0.0	0.0	0.0	0.0
