index	Transcript	AB4B	AAZ8	AAW3	AAW2	AAW1	AAW0	AAVZ	AAVY	AAVX	AAVW	AAVV	AAVU	AAVS	AAVR	AAVQ	AAVP	AAV7	AAV6	AAV5	AAV4	AAV3	AAV2	AAV1	AAV0	AAUZ	AAU7	AAPD	AAEK	AAEI	AAEH	AAEG	AAEE	AAED	AAEB	AAEA	AAE9	AAE7	AAE6	AAE4	AAE3	AAE2	AAE1	AAE0	AADY	AADW	AADV	AADU	AADS	AADR	AADQ	AADP	AADO	AADN	AADM	AADL	AADK	AADJ	AADI	AADG	AADF	AADD	AADC	AADB	AADA	AAD8	AAD6	AAD5	AAD3	AAD2	AAD1	AAD0	AACZ	AACY	AACX	AACW	AACV	AACU	AACT	AACS	AACQ	AACP	AACO	AACN	AACL	AACK	AACJ	AACI	AACH	AACG	AACF	AACE	AACD	AACC	AACB	AAC9	AAC8	AAAM	AA8I	AA47	AA46	AA44	AA3A	AA1D	AA1C	AA0V	AA0U	A9VH	A9VG	A9QD	A9QC	A9HB	A9HA	A9H9	A9H8	A9H7	A9H6	A9H5	A9H4	A9H3	A9H2	A9H1	A9H0	A9GZ	A9GY	A9GX	A9GW	A9GV	A9GU	A9GT	A9GS	A9G7	A9FW	A9FV	A9FU	A9FS	A9DB	A9D4	A9D2	A9D1	A9D0	A9CZ	A9CY	A9CV	A9CG	A9CE	A9CD	A97K	A95S	A8YO	A8TG	A8TF	A8TE	A8TD	A8TC	A8S7	A8O6	A8O5	A8LF	A8JO	A8HV	A8HU	A8HT	A8HS	A86L	A82E	A7XP	A7XO	A7SK	A7SH	A7SF	A7SB	A7S9	A7PZ	A7PY	A7PX	A7MF	A7ME	A7MD	A7MC	A7MB	A7MA	A7M9	A7M8	A7M7	A7M6	A7M5	A7K8	A7K7	A7K2	A7K0	A7IL	A7IK	A7IJ	A7II	A7IH	A7IG	A7IF	A7IE	A7D4	A7B7	A75V	A75I	A75H	A75G	A75E	A75C	A73G	A73F	A73E	A73D	A73C	A73B	A73A	A6UC	A6M6	A6M5	A6M4	A6M3	A6J8	A6GG	A6G5	A6C0	A69I	A69H	A66Y	A66X	A627	A5W4	A5UE	A5UD	A5UC	A5SM	A5SL	A5SK	A5SJ	A5SI	A5RG	A5RF	A5NQ	A5NP	A5NO	A5N0	A5MZ	A5KG	A5DF	A520	A4ZQ	A4ZP	A4XI	A4U2	A4NV	A4NS	A4NR	A4NQ	A4NP	A4NO	A4NN	A4NL	A4NK	A4NJ	A4NI	A4NH	A4NG	A4NF	A4NE	A4ND	A4NB	A4NA	A496	A495	A459	A3R3	A3OU	A3MC	A3MB	A3MA	A3M9	A3KG	A3KF	A3JL	A3ER	A3CK	A3CJ	A3CI	A3CG	A3A9	A3A7	A39Y	A2QQ	A2KC	A2KB	A2KA	A2HS	A25Z	A25Y	A25X	A25V	A25U	A25T	A25S	A217	A1HT	A1EK	A1EF	A1ED	A1EA	A123	A115	A112	A10S	5264	5263	5262	5261	5260	5259	5258	4073	4072	AACA	A9CF	A3RK	A3R2	A3I1	A3I0	A3EP	A3CH	A3A8	A3A6	A3A5	A3A4	A3A3	A3A2	A3A1	A39Z	A39X	A39W	A39V	A2QR	A2L6	A2HT	A26S	A23B	A216	A1EL	A1EJ	A1EI	A1EH	A1EG	A1EE	A1EC	A1EB	A12J	A11D	A11C	A11B	A11A	A119	A118	A116	A114	A113	A110	A10Z	A10Y	A10X	A10W	A10U	A10T	A10R	A10Q
TP53	TP53-001	0.0	4.45326	1.6909999999999998	3.66974	2.5373200000000002	6.06531	6.50429	7.030289999999999	4.01738	4.2124	1.63042	0.0	6.919580000000001	0.94784	1.10555	0.6470100000000001	1.29661	0.614983	0.879718	0.351106	5.23588	1.33651	3.07693	0.00337273	0.08289400000000001	2.3418900000000002	0.635659	4.25995	0.39548099999999997	0.70975	0.0217414	1.0039799999999999	0.011581399999999999	0.0	0.0	1.65105	0.809459	0.0	0.0	0.588824	1.91317	1.96985	1.23243	3.32491	10.2419	2.53081e-09	0.503272	0.0	0.0	0.0	5.768680000000001	0.0	0.00102733	0.48037299999999994	0.941045	1.53035	0.0	0.680405	2.04929	0.091183	3.03187	0.0	6.868339999999999	0.5915520000000001	3.38789e-07	0.389049	0.986892	0.0	3.1598900000000003	6.152080000000001	1.47514	1.17848	3.61487	1.77869	6.720619999999999	0.186637	0.0	0.267973	2.81067	0.157355	3.9091	0.0	8.615860000000001	1.4369e-06	7.82216	0.0	0.0	0.56145	0.0	0.343531	0.0	0.0	0.533623	1.2549700000000001	0.342638	1.79833	1.9046	1.50088	0.112173	2.80852	0.0	11.3258	5.27206	5.20355	3.3497	3.71611	4.427230000000001	8.202960000000001	0.886174	2.0598099999999997	2.23136	0.709257	1.40298	4.54429	4.93276	4.30696	3.3458699999999997	5.93502e-06	0.14118499999999998	5.8905400000000006	0.000230813	1.84371	3.76298	0.99479	3.05907	3.06495	1.60204	2.35949	2.81265	4.47855	0.148558	6.0201	4.2078	0.0	1.7973400000000002	2.10065	3.9884699999999995	5.42574	3.25768	2.65692	2.58679	1.9434799999999999	3.62885	2.32901	0.6375890000000001	1.9961099999999998	8.595	0.865224	13.2808	0.732299	1.9426400000000001	3.9116800000000005	1.06739	2.58751	3.96265	0.0	7.92747	0.0205645	1.09769	0.000560022	1.72735	0.429913	2.1177599999999996	0.16849	10.7375	0.0	1.9586700000000001	0.723548	1.69555e-05	0.7077260000000001	0.767275	0.231396	1.8996400000000002e-07	0.0847495	7.0574699999999995	1.62789	1.58443	1.9335200000000001	6.8827300000000005	6.707269999999999	13.3473	0.0	2.01907	1.89765	4.5847	0.299834	0.0	0.906775	0.749941	0.773021	1.09083	0.8767520000000001	12.8521	3.18074	2.80868	0.0	0.159288	2.66499	2.2116700000000002	3.83662	1.48957	1.5595	1.31671	1.2831	1.70938	0.662509	0.0850422	1.6689200000000002	3.01183	1.92218	4.7958099999999995	1.43646	1.3692600000000001	1.53646	1.24763e-06	2.59618	1.65573	0.013570500000000001	0.231979	1.23652	0.729049	0.799211	0.651327	0.0	6.57339	8.03963	4.57699	0.9503379999999999	2.66462	1.8804599999999998	0.626279	0.939058	2.7462	0.13429000000000002	0.741456	0.9273170000000001	0.145041	1.79214	1.10934e-05	3.18367	1.30256	2.5265299999999997	1.7785099999999998	6.510269999999999	0.5997560000000001	1.77879	7.77303	0.0	2.9255400000000003	0.0196808	4.0027	6.02161	2.60755	0.0383509	0.510321	3.32536	2.92508	2.20067	4.02855	1.09991	0.545142	0.7858850000000001	2.46232	2.41233	2.85941	2.6785099999999997	6.2236199999999995	4.102580000000001	0.33961199999999997	0.0	2.31826	2.9991	4.89515	0.23989899999999997	3.28628	7.43997	2.9491400000000003	1.55482	0.844615	2.0927700000000002	2.80064	2.2014299999999998	0.0	1.2131100000000001	1.12376	0.013210399999999999	0.0	0.570966	1.62171	1.2513100000000001	5.09144	0.539172	0.0	0.482731	2.78037	0.00282391	1.32212	1.8275599999999999	0.488191	0.0	0.759307	2.21444	0.572962	9.705219999999999	1.3359999999999999	8.501660000000001	0.0	1.47096	4.39515	2.26112	0.0	1.9017099999999998	1.3773	7.12811	16.7817	0.0	1.3341100000000001	2.6042099999999997	1.37486	0.35338886381	1.1040865	2.167395	0.5867665	2.634495	3.81044	3.322785	1.1627125	0.909993	0.0928055395	0.287667	2.77584	0.502221	1.090965	0.0867835	0.611501	0.9420245	3.03986	0.4906175	2.07995	0.851427	1.047961	2.69287	1.683842	0.6886885	1.614525	2.077285	0.6365865	2.31705924	1.4956365	5.21152	1.061605	2.18124	4.70474	0.933054	1.599	2.454265	1.464935	0.546115	1.86435	0.4884925	5.761535	1.987755	1.051473	0.9992115	1.389383235	1.308304	4.253179	1.71076	1.60805	0.4406205	3.2290495
TP53	TP53-019	0.184981	0.0766162	0.055430999999999994	0.184755	0.122056	0.0628185	0.515047	0.0	0.170534	0.00642916	0.05399930000000001	0.0	0.384592	0.033815899999999996	0.0833255	0.053128499999999995	0.23658	1.68895	0.0	0.24629	0.058685	0.0720597	0.17463199999999998	0.0559677	0.07939	0.366033	0.0574495	0.329922	0.0941943	0.187753	0.317811	0.201374	0.15294100000000002	0.038881900000000004	0.0	0.0	0.215799	0.0449139	0.125362	0.0	0.23561700000000002	0.0	0.24038099999999998	0.0	0.993181	0.0	0.0	0.0	0.131162	0.0	0.11636700000000001	0.0839229	0.0	0.048752	0.0	0.135027	0.0	0.076534	0.198173	0.0599947	1.1804299999999999	0.324765	0.786463	0.0512621	0.0	0.0	0.122977	0.0	0.0	0.233085	0.180194	0.10158099999999999	0.05160119999999999	0.0560739	0.5106649999999999	0.0	0.0	0.08226760000000001	0.0	0.031749200000000005	0.166864	0.0	0.300111	0.061385300000000004	0.448725	0.146189	0.0744672	0.188169	0.0398526	0.039022	0.32252800000000004	0.0	0.0655698	0.0442226	0.0399657	0.0	0.235298	0.191886	0.0277411	0.0586739	0.044816	0.564082	0.0369813	0.13301400000000002	0.291146	0.47586000000000006	0.173704	0.368154	0.0726034	0.0	0.121611	0.324872	0.18208	0.19889300000000001	0.126248	0.24123699999999998	0.190951	0.034818199999999994	0.0	0.278932	0.0	0.0441838	0.276069	0.260335	0.303454	0.194893	0.118871	0.24980100000000002	0.21179	0.135424	0.245444	0.32266300000000003	0.206925	0.125554	0.23722600000000002	0.23154499999999997	0.291784	0.286028	0.2876	0.38441	0.134723	0.154396	0.0	0.276508	0.0492591	0.0410553	0.309008	0.231827	0.217112	0.10041900000000001	0.249712	0.5368229999999999	0.13838699999999998	0.234512	0.46204799999999996	0.07405930000000001	0.22665100000000002	0.156573	0.24343800000000002	0.117192	0.08949700000000001	0.23790799999999998	0.375875	0.119673	0.112363	0.0	0.395566	0.0	0.308467	0.0387191	0.0	0.109333	0.0	0.13997300000000001	0.116827	0.0635594	0.222652	0.0541384	0.580674	0.250187	0.208108	0.13718	0.22841199999999998	0.0751546	0.450288	0.0291139	0.167708	0.443121	0.0	0.22394299999999998	0.0414983	0.15989	0.34467	0.9575549999999999	0.387424	0.0246057	0.060883400000000004	0.30742800000000003	0.07367939999999999	0.0	0.0297122	0.0752608	0.09414439999999999	0.050795099999999996	0.0795692	0.160851	0.6213770000000001	0.0459949	0.212954	0.0	0.6330020000000001	0.24831199999999998	0.164948	0.0575571	0.035332	0.0	0.0	0.269571	0.118129	0.326366	0.08680639999999999	0.209619	0.0281546	0.056672400000000005	0.820358	0.401147	0.205246	0.15891	0.27655599999999997	0.11460999999999999	0.379766	0.0	0.111134	0.0	0.0	0.0	0.0	0.139621	0.345504	0.330717	0.0545668	0.130299	0.0	0.38311100000000003	0.0350592	0.41280200000000006	0.43446899999999994	0.274999	0.147446	0.0	0.609301	0.3975	0.372519	0.0708493	0.144031	0.174147	0.17158199999999998	0.167775	0.691469	0.317497	0.120952	0.268865	0.24043499999999998	0.19564600000000001	0.0743013	0.37046799999999996	0.29486	0.798138	0.0373941	0.0409741	0.139824	0.399371	0.19764500000000002	0.111025	0.107473	0.579793	0.08168330000000001	0.032881	0.246119	0.136493	0.176277	0.189872	0.0	0.19459300000000002	0.0535476	0.0861845	0.0	0.0	0.186248	0.155063	0.478029	0.125217	0.052538999999999995	0.044319	0.184629	0.0214956	0.0395639	0.32229800000000003	1.34429	0.0720049	0.111249	0.22563699999999998	0.0	0.398449	0.0295685	0.35649400000000003	0.118302	0.42443800000000004	0.09121080000000001	0.194145	0.367576	0.372338	0.0	0.24211300000000002	0.150651	0.0	0.7497119999999999	0.156841	0.234242	0.35338886381	0.0830605	0.219677	0.09645085	0.256429	0.11822825	0.285727	0.2222389	0.02775665	0.075385	0.0491258	0.1034019	0.0787021	0.11997705	0.09828615	0.09782255	0.06095105	0.5461745	0.13586855	0.250137	0.0659105	0.05726665	0.318808	0.44296	0.17828715	0.184514	0.3898739	0.2013265	0.1498435	0.028029	0.4077875	0.1393098	0.538982	0.361386	0.0	0.0702675	0.231404	0.2381055	0.03226505	0.3475435	0.0587475	0.1551715	0.1266197	0.1265809	0.21627	0.1714655	0.1675808	0.2595895	0.0406395	0.0896293	0.063272	0.1821585
TP53	TP53-018	0.0	0.0377232	0.166631	0.0	0.25158400000000003	0.0	0.0606994	0.338851	0.06706160000000001	0.349642	0.0	0.0	0.09454860000000001	0.0341277	0.030235900000000003	0.0	0.0667053	0.13638	0.08407730000000001	0.155612	0.04321269999999999	0.0	0.196052	0.0	0.034022199999999996	0.227952	0.0684959	0.172457	0.0	0.0370992	0.0	0.0	0.0749158	0.0224797	0.0	0.0	0.0	0.0267336	0.0	0.0382425	0.044532499999999996	0.17438599999999999	0.0	0.278082	0.388413	0.0	0.0	0.0249681	0.0578337	0.0	0.21725	0.07879019999999999	0.0708873	0.09224600000000001	0.382728	0.0757283	0.0	0.0	0.0	0.0	0.0	0.392297	0.047377300000000004	0.0	0.190038	0.0	0.0	0.0	0.402041	0.08629500000000001	0.064272	0.283877	0.0745779	0.0445077	0.0	0.322756	1.12248	0.044774800000000003	1.21018	0.16084400000000001	0.0	0.110444	0.0689249	0.0	0.269072	0.0	0.0436809	0.0964059	0.0	0.0	0.0	0.0	0.0	0.0	0.04360530000000001	0.0	0.0866989	0.062230799999999996	0.0	0.062233699999999996	0.05551849999999999	0.11018	0.0853049	0.0	0.12063199999999999	0.251922	0.0547444	0.173019	0.0803622	0.0	0.115168	0.0	0.190749	0.125549	0.044552499999999995	0.0861917	0.133125	0.0	0.0483825	0.353669	0.0557803	0.0443774	0.164606	0.140301	0.215125	0.0423965	0.156869	0.0	0.141569	0.159532	0.12473599999999999	0.255209	0.255226	0.0701019	0.0	0.29437800000000003	0.12101300000000001	0.277167	0.0	0.255917	0.199239	0.10128200000000001	0.0585054	0.0387814	0.0	0.131913	0.27966199999999997	0.11191300000000001	0.291313	0.06810110000000001	0.10932599999999999	0.0	0.0508954	0.134878	0.18615	0.030298500000000003	0.0882424	0.0984961	0.09058039999999999	0.183285	0.141781	0.190357	0.238129	0.136351	0.12165699999999999	0.000193255	0.061239699999999994	0.104752	0.178385	0.0	0.0	0.0595966	0.118797	0.0729581	0.047649000000000004	0.032840100000000004	0.149444	0.0501741	0.24156	0.307911	0.12364000000000001	0.5272220000000001	0.0465898	0.0803927	0.108154	0.0	0.0806728	0.0	0.0	0.311284	0.0301087	0.059347699999999996	0.0443974	0.23718499999999998	0.0739523	0.0	0.06913150000000001	0.0720459	0.0405179	0.17882699999999999	0.0	0.0	0.0	0.032519599999999996	0.034880699999999994	0.100999	0.0	0.048231300000000005	0.140439	0.045230400000000004	0.24111300000000002	0.0	0.0	0.214396	0.0337465	0.0503248	0.0619195	0.11034300000000001	0.0321829	0.0531346	0.0630855	0.169492	0.0	0.0221043	0.11620499999999999	0.153838	0.04992630000000001	0.026204200000000004	0.180893	0.0506589	0.0	0.0695807	0.0	0.0996163	0.0831558	0.0	0.161865	0.0	0.0	0.029241000000000003	0.0	0.0418275	0.0455702	0.334545	0.038381	0.0559159	0.0850684	0.0	0.0478786	0.0300953	0.0539547	0.25590300000000005	0.215977	0.0	0.124303	0.14684	0.13780699999999999	0.190094	0.189883	0.397214	0.10451099999999999	0.16611199999999998	0.07172819999999999	0.212009	0.061537	0.33716	0.0584144	0.228001	0.0347665	0.19986800000000002	0.15306199999999998	0.10156799999999999	0.269547	0.143005	0.0783958	0.04555119999999999	0.07063689999999999	0.18648699999999999	0.10700599999999999	0.115326	0.0737437	0.0372919	0.0	0.129432	0.0	0.0	0.059681899999999996	0.0458516	0.0681669	0.0442182	0.049856300000000006	0.0279812	0.0226053	0.0	0.168396	0.0	0.127133	0.17763199999999998	0.0531275	0.08014349999999999	0.06801439999999999	0.192242	0.0	0.19341	0.0649497	0.221494	0.0	0.0619194	0.0449001	0.0	0.0	0.275828	0.0	0.125007	0.368304	0.0	0.153581	0.43038699999999996	0.174454	0.35338886381	0.2691455	0.0	0.0319692	0.1800565	0.13015335	0.02289895	0.0465696	0.0	0.01208995	0.0841316	0.1286015	0.0	0.0	0.058149	0.03953395	0.0455731	0.0952445	0.0128885	0.0442392	0.0494367	0.0	0.06639745	0.0409314	0.03028935	0.1078521	0.03943885	0.0	0.0861239	0.0847665	0.07713805	0.0	0.0975849	0.11479565	0.0393411	0.1660925	0.0669905	0.02654155	0.02524195	0.0524775	0.01406835	0.051898	0.144945	0.0641378	0.1334235	0.1790265	0.03346635	0.0318116	0.1493325	0.03833985	0.054101	0.0348071
TP53	TP53-005	0.0	0.0	0.0	0.0	0.12947999999999998	0.0159485	0.179426	0.109073	0.0	0.16320199999999999	0.331985	0.0	0.00261134	0.0	0.208581	0.0	0.32277	0.0647206	0.09762230000000001	0.154395	0.0	0.07967669999999999	0.0	0.127469	0.0	0.468942	0.0	0.0	0.0744501	1.0992499999999999e-06	0.0	0.0	0.148009	0.0	0.000172695	0.0	0.0	0.0624568	0.0	0.0	0.062397900000000006	0.10519300000000001	0.0	0.12090699999999999	0.125147	0.0	0.0	0.0	3.36453e-05	0.0	0.154628	3.56798e-06	0.0	0.100507	0.0	0.08307310000000001	0.0	0.0872783	0.0	0.0	0.7899470000000001	0.0	0.282071	0.099355	0.156038	0.199632	0.15963	0.0	0.0	0.189235	0.0756804	0.192754	0.0	0.0	0.19151700000000002	0.0	0.0	0.0	0.0	0.0	0.366902	0.0	0.171263	0.597737	0.10338299999999999	0.0	0.0	0.0	0.0	0.0	0.0	0.0	0.0	0.0	0.0	0.0	0.0	0.155107	0.0	0.0	0.0	1.00405	0.06721669999999999	0.0	0.394948	0.0	0.0	0.640997	0.05274500000000001	0.0	0.0	1.5810899999999998e-05	0.07366160000000001	0.253921	0.125349	0.223489	0.0910794	0.0	0.0	0.23405399999999998	0.0	0.13919600000000001	0.195347	0.155257	0.0772341	0.15124200000000002	0.182347	0.0	0.0	0.382982	0.110471	0.0315291	0.0	0.0008833269999999999	0.082097	0.0	0.058668700000000004	0.0834478	0.0844509	0.196638	0.168797	0.074199	0.0	0.0	0.0562561	0.0879843	0.158237	0.175128	0.440771	0.0	0.183775	0.0	0.0	0.0637181	0.159182	0.0	0.43723199999999995	0.144544	0.293614	0.337915	0.0	0.0	0.0953145	0.0622741	0.0	0.0	0.0	0.0653555	0.11100499999999999	0.0	0.0	0.0656749	0.0	0.0	0.152534	0.0	0.0	0.0	0.23284899999999997	0.377423	0.168501	0.00643573	0.213364	0.0	0.372525	0.0	0.0	0.0939548	0.0	0.0	0.0	0.186637	0.0	0.066416	0.0	3.1353e-06	0.0	0.140306	0.0	0.0	0.0550414	0.0693202	0.07608480000000001	0.245131	0.0	0.274001	0.0	0.0	0.0	0.0	1.24056e-06	0.0	0.0	0.21859800000000001	0.0	0.0519009	0.0504006	0.645008	0.0	0.07709049999999999	0.0	0.28008099999999997	0.0876481	0.0318853	0.23684299999999997	0.277833	0.153309	0.0	0.152099	0.0	0.538114	0.427939	0.22767800000000002	0.0	0.18890099999999999	0.0	0.520458	0.0	0.247571	0.07302639999999999	0.0	0.253918	0.000598008	0.5762649999999999	0.322825	0.0	0.25410900000000003	0.0	0.0	0.0322185	0.0	0.285696	0.269185	0.328423	0.058103499999999995	0.171352	0.0750978	0.0	0.13811400000000001	0.264288	0.144755	0.377406	0.0552159	0.0718635	0.331969	0.145294	0.0	0.362097	0.0	5.1134800000000005e-06	0.0	0.06923710000000001	0.31438	0.289716	0.056731500000000004	0.41476499999999994	0.21096199999999998	0.27784699999999996	0.36214	0.0	0.0671862	0.0471537	0.0	0.0	0.0	0.11664100000000001	0.0	0.0	0.12093	0.0	0.055814800000000005	0.147637	0.0	0.0434667	0.0	0.095509	0.128497	0.13611600000000001	0.0	0.0	0.0	0.182321	0.0	0.23266900000000001	0.0554932	0.0	0.0	0.0	0.0	0.0	0.0	0.0	0.0	0.11710599999999999	0.11961400000000001	0.0	0.257483	0.32324200000000003	0.13239800000000002	0.35338886381	0.0	0.0	0.0	0.1684505	0.0	0.0563135	0.04042435	0.03513315	0.0	0.04527485	0.096098	0.04621305	0.03495915	0.0	0.0744965	0.04594845	0.0	0.0	0.03490675	0.109255	0.0571815	0.054005	0.262158	0.0519985	0.322379	0.187707	0.133684	0.02934505	0.1457505	0.0284681	0.1733585	0.171116	0.0352402	0.118158	0.08113585	0.0337927	0.04193555	0.0	0.0	0.2086225	0.056973	0.15472815	0.1114685	0.0545355	0.05654055	0.02787985	0.03829925	0.1061785	0.0	0.1258113	0.0594765
TP53	TP53-002	0.0	3.9792699999999996	0.690046	2.78095	0.86935	3.0091099999999997	4.9785900000000005	1.24452	3.5346300000000004	1.32069	2.50136	1.3753	7.9699100000000005	0.8313659999999999	2.78462	0.307612	2.2334	1.16173	2.59172	0.06748660000000001	2.3587599999999997	3.5991800000000005	1.56402	0.311655	1.19223e-06	5.52675	0.8349200000000001	1.4423	0.526699	1.78876	1.17263e-07	3.51945e-06	0.016155100000000002	0.0	0.413128	1.8852200000000001	3.60944	0.0	0.00887415	0.715476	1.24625	3.67696	1.38553	0.555017	0.5594560000000001	1.17439	0.0	0.0	0.296404	1.5044799999999998	2.1951400000000003	0.032776599999999996	0.0	0.301322	1.93012	1.38936	1.98995	0.869503	0.9530049999999999	0.32969699999999996	2.16303	0.9465530000000001	4.61718	0.512324	0.0	0.409099	2.13957	0.0	3.65119	3.56606	2.0533	0.792543	2.45629	1.81802	9.585560000000001	0.6593680000000001	8.089269999999999	3.6480300000000003	8.07209	0.0	5.53325	0.0	6.842239999999999	1.91525	5.38361	0.5528270000000001	0.11984000000000002	0.694433	0.0	0.40184899999999996	0.353916	0.0	0.882336	0.16747	1.3620700000000001	7.0369399999999995	0.728156	2.14038	0.148169	0.7578550000000001	0.0009400760000000001	8.135069999999999	2.02908	2.61548	1.93645	2.32491	4.77243	3.1381099999999997	1.22964	5.71176	2.07006	0.0	0.49390600000000007	4.34706	3.02857	4.70367	5.84882	0.12174700000000001	0.343564	11.370999999999999	0.0	1.9246900000000002	0.14033800000000002	1.7088599999999998	3.9858599999999997	4.31459	0.46801000000000004	0.419274	0.31262399999999996	5.76789	0.917422	4.73867	0.737016	0.64759	2.9636400000000003	0.754714	1.60588	2.79846	3.72959	2.20662	5.263730000000001	3.28873	4.79971	1.6543400000000001	1.05833	5.202369999999999	6.147880000000001	2.8507599999999997	3.3276	1.44099	2.93875	3.5540599999999998	2.2246099999999998	2.93206	4.18235	0.501458	5.89865	0.33916	2.56529	1.66065	3.6083199999999995	1.7471700000000001	3.36796	1.12072e-05	11.3067	5.29571	1.8159900000000002	1.21261	0.47046499999999997	0.33110900000000004	0.620815	1.0713	0.00637242	0.785183	3.68444	2.15537	4.6951	0.984851	1.3082200000000002	3.8214699999999997	13.924000000000001	1.25783	2.3589900000000004	2.32936	5.43783	0.765461	2.19945	0.323117	5.14784e-05	1.09771	0.685825	0.00326673	15.0655	1.9499900000000001	1.88687	0.132029	0.32912600000000003	3.02585	2.81009	2.76106	1.64126	1.13537	0.57708	1.9579799999999998	1.4520600000000001	1.2993	0.0	1.71767	0.350887	1.8548099999999998	0.865561	1.2118799999999998	2.33307	1.6985	0.166245	1.8527099999999999	0.967726	0.024178400000000003	0.311431	0.00348711	2.04786	2.52872	1.9531900000000002	0.0	6.42178	6.0666	4.03527	0.270142	4.2809099999999995	7.47209	1.70807	0.38801199999999997	1.37395	0.33258899999999997	2.99361	1.44977	1.8079900000000002	2.59615	1.11656	4.4177800000000005	1.72242	0.169157	2.09586	6.10116	2.87197	1.0596	6.21545	0.0	3.98461	0.0926007	1.0517	2.9302200000000003	5.87251	4.92828e-10	0.5919840000000001	0.0724138	8.93261	1.1489200000000002	0.636434	1.90325	1.43146	1.12638	1.89535	3.4392300000000002	6.1081900000000005	4.06948	0.14214100000000002	3.40975	1.96467e-08	0.0763642	2.4140099999999998	3.23539	2.99134	1.8480599999999998	4.58816	8.73842	6.682580000000001	4.14841	1.41325	0.693537	3.6828800000000004	3.5875	0.211286	1.86305	3.22474	0.662408	0.0	1.0974899999999999	3.18057	2.25864	9.30004	3.4210800000000003	0.07091130000000001	0.49123199999999995	5.56595	0.169273	2.6318099999999998	2.70011	2.13232	0.807645	2.83776	6.912730000000001	1.0341200000000002	8.70294	2.0409	0.739671	0.0	0.567573	7.64152	4.4754	0.526827	0.371295	4.75988	9.43821	10.5044	0.0	1.96566	2.44156	1.31259	0.35338886381	1.0657695	3.38516	1.391483	2.81437	4.38782	2.213587	1.542335	1.80837	3.54404e-06	1.378145	3.06328	1.214684	1.564165	0.6334194	0.2671148	1.178995	1.858875	0.626420000065	2.223185	1.745646	1.9533475	1.6750595	3.197265	0.8446895	1.999785	3.43793	2.377185	3.89129	2.77911	4.092085	3.04128	1.48906	2.158423	2.012075	2.89757	3.51634	1.828941	1.242729	1.860185	0.7944545	4.381235	3.71595	1.46365	2.06124	1.827568	3.24105	3.918055	2.176955	2.676195	1.857045	3.951485
TP53	TP53-004	0.0	0.110921	0.0	0.0	0.11081600000000001	0.0	0.0	0.0	0.0	7.01268e-05	0.0356834	0.0	0.0	0.220836	0.0039822	0.0	0.0	0.0	0.0	0.0	0.127048	0.0	0.0	9.50822e-05	0.000520246	0.0	9.07714e-08	0.0	0.0	0.0	1.5688799999999998	0.0	0.00347812	0.0	0.0	3.90605e-08	0.0	0.0	2.50061e-05	0.0	0.0	1.8008799999999998e-10	0.000569297	0.0	0.0	0.0	0.0	0.0	0.0	0.0	0.0	0.0	0.0469427	1.95436e-05	0.0	0.0	0.0	6.01233e-10	0.0	0.024919900000000002	0.0	0.0	1.62414e-09	1.3133799999999999e-06	8.93077e-05	0.00993825	1.01303e-09	0.0	0.151358	0.00441713	0.0	0.0	0.0	0.0	0.0	0.0	0.0	0.0	0.0	0.0	0.0	0.0	0.00418814	0.00044853	0.0	0.0	0.0	0.0	0.0	0.0828959	0.0	0.0	0.0	0.0	6.27645e-09	0.0	0.0	0.0	2.98596e-05	0.0	0.544284	0.0	0.0	0.26510500000000004	0.0	0.0	0.0	3.34421e-05	0.0	0.0	0.147741	0.0	0.0	5.10925e-06	0.0	0.0	0.0	0.213588	0.00509488	1.9159200000000003e-06	0.0798998	0.014766399999999999	0.0	0.0	0.0	0.0	0.0	0.0	0.0	0.0	1.22619e-09	0.48871000000000003	0.0	0.0	0.0	0.0	0.0	0.0	0.0	0.0	0.0110273	0.0	0.119145	0.0	0.0	0.0	0.179194	0.0	0.00119717	0.0	0.0	0.0	0.0	0.0	0.0585017	0.0	0.0	0.0	0.0	0.00201078	0.0	0.0	1.44296e-10	0.0	0.251882	0.0	0.0	0.0	2.6186e-07	0.182808	1.35111	0.0	0.133434	0.056775	0.00424876	0.0	0.0	0.0	0.0	0.0	0.0107837	0.0	0.0	0.0	3.4751499999999997e-06	0.11899100000000001	0.0	1.2007500000000001e-06	0.0305255	0.0	0.0	0.0	0.0	0.0	0.219056	0.0	2.32478e-08	0.0	0.0	0.0827155	0.0	0.0	0.0	0.0	0.0984704	7.40814e-08	0.0	0.101913	0.0	0.0	0.0	0.0	0.228073	0.0	0.13888699999999998	0.0	0.0	0.0	0.0	0.0	8.369249999999999e-10	9.471449999999998e-10	2.07763e-09	0.0	0.0	0.11351900000000001	0.20880700000000002	0.0	0.0	5.8106e-10	0.0	0.0	0.0	0.0	0.0	0.0	0.0	0.0	8.14031e-05	4.02439e-10	0.38290100000000005	1.6869700000000001e-06	0.0	0.0	8.56947e-09	0.0	0.0	0.0	0.0	0.0	0.0	0.0	2.38768e-10	0.0	1.66041e-10	0.0	0.0	0.0	0.0	0.0	0.0	3.6640300000000004e-06	0.0	0.0	1.2972600000000001e-08	0.0	0.0	8.57107e-07	0.0	0.0	0.14937999999999999	0.0	0.0	0.0840038	0.0	0.0	0.0	0.0	0.0	4.70514e-07	0.0	0.0	0.0	0.0	0.0	0.00014123399999999998	0.0	0.315481	0.0477481	0.0	0.0	7.78077e-09	0.0	0.0	0.0	3.26154e-06	0.00972291	0.0	0.0	0.134434	0.176566	0.0	9.49456e-11	0.0	0.0	0.133979	0.0	0.0	0.0	0.0	0.0	0.0	0.0	0.0	0.0	0.0	0.0778904	2.6159300000000005e-10	0.0	0.35338886381	0.0	0.0	1.292815e-07	2.70335e-09	0.0	0.16624	0.0	0.0	0.06603235	0.0	6.6257e-07	4.867465e-08	1.408975e-09	0.0128967	2.332495e-09	0.10458	0.0	0.0	0.0	0.0	0.01033	0.1237945	1.306522e-06	0.150043	3.643185e-08	0.0323781507226	0.0	0.0844505	0.0	0.0	0.0	0.0780375	0.0	0.0	0.0	0.0	0.0	0.0	0.0	5.71981525e-07	0.0	0.0	8.780605e-10	0.1001665	0.0	0.0	0.0	0.0	0.0	0.0	0.066641
TP53	TP53-003	0.0	0.13330799999999998	0.0	0.0	0.0	0.0	0.0	0.0	0.0	0.0	0.0	0.0	0.072386	0.0	0.0	0.0	0.0	0.0	0.0	0.0	0.0	0.0	0.0	0.0	0.0	0.0	0.0	0.0	0.0	0.0	0.0	0.0	0.0	0.0	0.0	0.0	0.0	0.0	0.0	0.0	0.0	0.0	0.0	0.0	0.0	0.0	0.0	0.0	0.0	0.0	0.094332	0.0	0.0	0.0	0.0	0.0	0.0	0.0	0.0	0.0	0.0	0.0	0.0	0.0	0.0	0.0	0.0	0.0	0.0	0.0	0.0	0.0793718	0.0	0.0	0.157703	0.0	0.0	0.0	0.0	0.0	0.0766266	0.0	0.0	0.0	0.00419999	0.0	0.0	0.0	0.0	0.0	0.0	0.0	0.0	0.0	0.0	0.0	0.0	0.0	0.0	0.0	0.0	0.0	0.0	0.0	0.0	0.0	0.0	0.0	0.0	0.0	0.0	0.0	0.0	0.0	0.0	0.08226889999999999	0.0	0.0	0.0	0.0	0.0	0.078467	0.0	0.0	0.0	0.0	0.0	0.0	0.0	0.0	0.0	0.0	0.0	0.0	0.0	0.0	0.0	0.0	0.162206	0.0	0.0	0.0	0.0	0.0	0.0	0.0	0.0	0.0	0.0	0.0	0.0	0.0	0.0	0.0	0.0	0.0	0.0	0.0	0.0	0.0	0.0	6.34187e-05	0.08055419999999999	0.0	0.0	0.0	0.0	0.0	0.0788797	0.0	0.0	0.056299199999999994	0.0	0.0	0.0	0.0	0.0	0.0	0.0	0.0	0.0	0.0	0.0	0.0	0.0	0.0	0.0	0.0	0.0	0.0	0.0	0.0	0.0	0.0	0.0	0.0	0.0	0.0	0.0	0.0	0.0	0.0	0.0	0.0	0.0	0.0	0.0	0.0	0.0	0.0	0.0	0.0	0.0	0.0	0.0	7.162390000000001e-09	0.0	0.0	0.0	0.0	0.0	0.0	0.0	0.0	0.0	0.0	0.0	0.0	0.0	0.0	0.0	0.0	0.0	0.0	0.0	0.0	0.0	0.0	0.0	0.0	0.0	0.0	0.0	0.0	0.0	0.0	0.0	0.0	0.0	0.0	0.101724	0.0	0.0826952	0.0	0.0	0.0	0.065999	0.0	0.0	0.0	0.0	0.0	0.0	0.0	0.0	0.0	0.0	0.0	0.0	0.0	0.0	0.0	0.0	0.0	0.0	0.0	0.0716315	4.3165699999999995e-08	0.0	0.0570112	1.4769999999999998e-06	0.0	0.0	0.0	0.0	0.0	0.0	0.0	0.121558	0.0	0.0	0.0	0.0	0.0526341	0.0	0.0	4.0049000000000003e-08	0.0	0.0	0.12579100000000001	0.0	0.0532634	0.0	0.0	0.0	0.0	0.0	0.0	0.0	0.0	0.0	0.0	0.0	0.0	0.0	0.0	0.0	0.0	0.0	0.35338886381	0.0	0.0	0.0	0.0	0.0392519	0.0	0.0	0.0	0.0	0.0	0.0	0.0	0.0	0.071517	0.0	0.0	0.0	0.0	0.0	0.0	0.0	0.0	0.0	0.0	0.0	0.0245118	0.0	0.0	0.0	0.0	0.0	0.0	0.0	0.1167385	0.0	0.0	0.0	0.0	0.0	0.0	0.0	0.0	0.0	0.0	0.0	0.0	0.0	0.0	0.0	0.0	0.0
TP53	TP53-006	0.0	0.0	0.0	0.0	0.0	0.0	0.0	0.0	0.0	0.0	0.0	0.0	0.0	0.0	0.0	0.0	0.0	0.0	0.0	0.0	0.0	0.0	0.0	0.0	0.0	0.0	0.0	0.0	0.0	0.0	0.0	0.0	0.0	0.0	0.0	0.0	0.0	0.0	0.552316	0.0	0.0	0.0	0.0	0.0	0.0	0.0	0.0	0.0	0.0	0.0	0.0	0.0	0.0	0.0	0.0	0.0	0.0	0.0	0.0	0.0	0.0	0.0	0.0	0.0	0.0	0.0	0.0	0.0	0.0	0.0	0.0	0.0	0.0	0.0	0.0	0.0	0.0	0.0	0.0	0.0	0.0	0.0	0.0	0.0	0.0	0.0	0.0	0.0	0.0	0.00013485	0.0	0.0	0.0	0.0	0.0	0.0	0.0	0.0	0.11401199999999999	0.0	0.000238331	0.0	0.0	0.0	0.0	0.0	0.0	0.0	0.0	0.0	0.0	0.0	0.0	0.0	0.0	0.0	0.0	0.0	0.0	0.0	0.0	0.0	0.0	0.0	0.0	0.0	0.0	0.0	0.0	0.0	0.0	0.0	0.0	0.0	0.0	0.0	0.0	0.0	0.0	0.0	0.0	0.0	0.0	0.0	0.0	0.0	0.0	0.0	0.0	0.0	0.0	0.0	0.0	0.0	0.0	0.0	0.0	0.0	0.0	0.0	0.0	0.0	0.0	0.0	0.0	0.0	0.0	0.0	0.0	0.0	0.0	0.0	2.0097900000000003e-10	0.0	0.0	0.0	0.0	0.0	0.0	0.0	0.0	0.0	0.0	0.0	0.0	2.46148e-09	0.0	0.0	0.0	0.0	0.0	0.0	0.0	0.0	0.0	0.0	0.0	0.0	0.0	0.0	0.0	0.0	0.0	0.0	0.0	0.0	0.0	0.0	0.0	0.0	0.0	0.0	0.0	0.0	1.9890099999999996e-10	0.0	0.0	0.0	0.0	0.0	0.0	0.0	0.0	0.0	0.0	0.0	0.0	0.0	0.0	0.0	0.0	0.0	0.0	0.0	0.0	0.0	0.0	0.0	0.0	0.0	0.0	0.0	0.0	0.0	0.0	0.0	0.0	0.0	0.0	0.0	0.0	0.0	0.0	0.0	0.0	0.0	0.0	0.0	0.0	0.0	0.0	0.0	0.0	0.0	0.0	0.0	0.0	0.0	0.0	0.0	0.0	0.0	0.0	0.0	0.0	0.0	0.0	0.0	0.0	0.0	0.0	0.0	0.0	0.0	0.0	0.0	0.0	0.0	0.0	0.0	0.0	0.0	0.0	0.0	0.0	0.0	0.0	0.0	0.0	1.61738e-08	3.16059e-09	0.0	0.0	0.0	0.0	0.0	0.0	0.0	0.0	0.0	0.0	0.0	0.0	0.0	0.0	0.0	0.0	0.0	0.0	0.35338886381	0.0	0.0	0.0	0.0	0.0	0.0	0.0	0.0	0.0	0.0	0.0	0.0	0.0	0.0	0.0	0.0	0.0	0.0	0.0	0.0	0.0	0.0	0.0	0.0	0.0	0.0	0.0	0.0	0.0	0.0	0.0	0.0	0.0	0.0	0.0	0.0	0.0	0.0	0.0	0.0	0.0	0.0	0.0	0.0	0.0	0.0	0.0	0.0	0.0	0.0	0.0
TP53	TP53-008	3.48524	1.4337799999999998	1.82438	0.727721	0.186291	0.108313	0.366836	0.428242	0.0	3.32188e-07	0.5608479999999999	3.2684900000000003	0.174026	2.66302	4.10586	2.13928	1.40901	5.7886	2.46105	0.326923	0.589472	0.716462	0.0696009	3.5413699999999997	2.19308	1.1799899999999999	1.78594	0.0	0.0461005	3.78029	1.3097	0.0906304	4.80591	1.4869700000000001	1.03349	1.9088900000000002	0.0993454	0.383914	2.75665	1.4102700000000001	0.13136	0.940858	9.01117	0.0	0.579709	0.161823	1.8173099999999998	1.9284	4.71296	4.5102	0.514281	7.93763	0.909596	4.86146	0.846025	2.6383900000000002	4.09807	11.7527	0.287578	3.21008	0.0	7.216130000000001	0.34370100000000003	3.6368199999999997	1.00127	2.47878	8.29097	0.0	0.47706400000000004	0.148275	0.12639	0.273374	1.49e-09	0.424737	2.4045099999999997	0.0	0.0	1.11706	0.0	0.600783	2.66739	4.37801	0.754356	3.65695	0.24740700000000002	2.71413	4.2464	0.331129	0.531624	0.211092	0.166128	5.7868900000000005	3.29885	2.26349	2.14585	1.02055	0.0887306	0.0	4.315180000000001	0.121848	3.1426	8.36842	0.20393599999999998	0.0	0.47550600000000004	0.196528	1.6688900000000002	0.128199	1.3222200000000002	0.0	0.43335200000000007	0.0	0.0793429	0.37095500000000003	0.796143	1.42441	0.29847399999999996	1.11667	3.68246	2.02166	3.2608900000000003	0.253407	0.240681	6.08136	0.30489099999999997	1.23112	0.611529	0.589484	1.5818999999999999e-09	0.505871	11.6411	0.20666500000000002	1.0955700000000002	0.218433	0.6010810000000001	0.734924	0.316196	0.570998	0.430886	0.13810899999999998	0.23953400000000002	0.12570499999999998	0.0	0.00115927	0.494255	1.46409	1.03591	3.6968199999999998	0.235448	0.358157	1.6929400000000001	0.593942	0.24777	0.25814499999999996	1.0479100000000001	0.161124	0.271284	0.6585270000000001	1.80089	3.8984199999999998	0.551794	4.17835	2.9525099999999997	0.353636	0.5056609999999999	6.895180000000001e-09	0.53078	0.433125	7.685510000000001	1.58533	0.534788	2.27288	0.475375	8.67481	0.200282	1.57308	0.253872	0.27668200000000004	0.401828	0.5213810000000001	1.33938	0.45633199999999996	0.317006	2.02641	2.2747900000000003	1.64907	3.0897799999999997	9.97632	5.90685	2.3524700000000003	0.223489	0.23849800000000002	5.535819999999999	6.56923	0.947684	1.25767	1.04344	7.89248	2.50814	0.271189	0.717621	0.291214	3.6412	1.42244	0.834234	6.657089999999999	4.57546	0.02395	0.0	0.200945	0.0786898	0.178264	1.13214	0.535086	0.32337	0.362992	0.31209499999999996	3.41076	0.181002	0.37426	1.37547	1.0881	1.8838	0.69692	0.5165420000000001	0.0687518	0.3072	2.31284	0.367317	15.7226	3.3421300000000005	0.358004	0.688154	0.715291	2.1890099999999997	1.2485	0.219831	0.0	1.23817e-08	3.42815	3.19611	1.06827	1.25168	0.435275	1.4285700000000001	0.447799	1.20574	4.50402	0.261723	0.6116510000000001	0.28726399999999996	0.0	0.891021	0.47097	2.8745700000000003	0.8815069999999999	1.28829	0.5216529999999999	0.316849	0.927578	0.32054299999999997	3.09111	0.43066400000000005	0.178901	0.68592	0.154914	0.212493	0.313717	0.367171	4.83938	0.49792700000000006	0.0	0.22212199999999999	1.3397700000000001	0.360209	1.00048	3.90542	1.22854	0.22639600000000001	3.05596	1.30974	0.0	2.4033700000000002	0.232223	0.482266	3.0963	0.367232	1.79256	3.00529	0.8640760000000001	3.06113	3.84099	1.26519	1.0438100000000001	0.686658	1.38697	0.448126	0.455135	6.672280000000001	4.9225699999999994	5.29241	7.31164	0.0975904	5.41153e-08	0.326406	0.13603099999999999	3.08677	0.318352	0.142192	2.51555	0.545566	0.442051	3.07595	0.0	0.0933187	0.5124380000000001	0.115503	0.294032	3.20558	0.35338886381	0.7881675	1.0653255	0.503767	0.2421505	0.349797000882	0.217158	0.5655515	0.2721045	5.02432	0.6159285	0.28014265	0.4799585	0.3876565	2.90535	2.63131	1.800353	0.154433	1.769031	0.2673655	1.1811045	1.0945285	0.18853095	0.4442285	1.6544	0.498437	0.671479	0.1062495	1.217473	1.184635	0.106874	0.20193355	0.15250075	0.0507805	0.3213805	0.164752	0.237309	0.0809905	1.38685	0.180098	2.0485215	0.224469	0.377086	0.587231	1.227935	0.21765	0.356074	0.67634515	0.8436625	0.4194135	0.2009362	0.5362335
TP53	TP53-009	0.0	0.08182919999999999	0.14977000000000001	0.0494709	0.0782107	0.110338	0.189995	0.09138330000000001	0.157563	0.071156	0.0	0.0	0.0	0.0	0.029968900000000003	0.041395999999999995	0.0436698	0.15751300000000001	0.06956060000000001	0.278154	0.0	0.07876760000000001	0.040113	0.0	0.02178	0.0848941	0.0249401	0.10962899999999999	0.045198699999999994	0.0811794	0.0	1.42824	0.055027	0.06554460000000001	0.0835671	0.0	0.0	0.0789455	0.0200629	0.0292101	0.0	0.04566459999999999	0.18923199999999998	0.114936	0.10845899999999999	0.0	0.0	0.0879992	0.023036599999999997	0.0	0.174101	0.014002100000000002	0.0	0.0448973	0.060157100000000005	0.0140345	0.0	0.0227595	0.0587188	0.0	0.0	0.0	0.131408	0.043907	0.11673299999999999	0.04586130000000001	0.0	0.0	0.049843	0.141372	0.034617400000000006	0.0	0.032795300000000006	0.0291243	0.0720632	0.142492	0.0	0.0916365	0.0	0.130473	0.0353557	0.0	0.313977	0.0	0.11221700000000001	0.0	0.034680199999999994	0.158218	0.0357911	0.0	0.0	0.0	0.0363884	0.034863	0.0329259	0.588463	0.0386163	0.0414101	0.0	0.043167500000000004	0.0	0.393982	0.0	0.09749880000000001	0.0468272	0.07781060000000001	0.0802185	0.261393	0.0374677	0.25302399999999997	0.06361839999999999	0.218604	0.112542	0.128572	0.02925	0.120599	0.21199400000000002	0.0336175	0.0	0.168726	0.0	0.03598730000000001	0.237271	0.269233	0.0813048	0.07493949999999999	0.0452326	0.051565999999999994	0.0	0.191094	0.0558422	0.101275	0.04776180000000001	0.022640200000000003	0.03839480000000001	0.16649	0.0	0.16077	0.0339046	0.0	0.12408800000000002	0.106635	0.180813	0.0278356	0.0679811	0.0	0.330171	0.0624269	0.31745500000000004	0.036436	0.134073	0.16979	0.029019299999999998	0.0340408	0.0777148	0.048755900000000005	0.141066	0.0461821	0.0421227	0.09949	0.031153399999999998	0.0945528	0.38661599999999996	0.141441	0.182843	0.257629	0.040048099999999996	0.0604096	0.11150399999999999	0.0254885	0.187997	0.0254957	0.0185452	0.0335434	0.0	0.021565	0.0	0.0	0.120153	0.134561	0.19531099999999998	0.0	0.146206	0.0955342	0.198551	0.0	0.0254785	0.087423	0.0	0.140095	0.0499825	0.08296010000000001	0.0	0.16061199999999998	0.15296600000000002	0.05882919999999999	0.0659462	0.0513439	0.0655613	0.176405	0.0	0.08073	0.0526188	0.0	0.024289099999999997	0.0	0.014455100000000002	0.0862043	0.0600201	0.139205	0.11643599999999998	0.0265137	0.0784965	0.0900657	0.0494529	0.021169099999999996	0.021412099999999996	0.0569471	0.06685189999999999	0.033633800000000005	0.0	0.0390726	0.0	0.07571010000000002	0.19917200000000002	0.314013	0.163487	0.0581619	0.119104	0.10836199999999999	0.0	0.0594573	0.202465	0.0840753	0.0558866	0.029817700000000003	0.09415	0.0	0.0268595	0.053940999999999996	0.0450963	0.11298599999999999	0.05833290000000001	0.0	0.0796332	0.152831	0.113847	0.0	0.126503	0.0106654	0.0897612	0.0	0.239011	0.227798	0.0154561	0.135463	0.09114989999999999	0.0376026	0.132903	0.06243769999999999	0.0	0.12741	0.09167610000000001	0.0927475	0.0	0.169663	0.040647	0.29205	0.104413	0.041614099999999994	0.0316711	0.139846	0.0393958	0.11793900000000002	0.065282	0.07919939999999999	0.0729094	0.09414860000000001	0.0	0.150248	0.110672	0.0	0.06603969999999999	0.0353762	0.14282	0.0411178	0.0484411	0.0213923	0.0490728	0.1075	0.105394	0.0983933	0.0	0.0	0.08089919999999999	0.0175348	0.0649656	0.20847100000000002	0.11529600000000001	0.0790847	0.11160199999999999	0.232869	0.0	0.428676	0.0197355	0.0	0.0218834	0.0869211	0.0404935	0.109107	0.0	0.457161	0.0278745	0.25555100000000003	0.451816	0.0191569	0.0859924	0.12896400000000002	0.0864699	0.35338886381	0.145664	0.12056185	0.0	0.12326815	0.1322436	0.1595915	0.02912595	0.0262763	0.0321845	0.0501505	0.05568755	0.050595	0.01045545	0.0475309	0.04631235	0.00853325	0.0281111	0.0280844	0.059802	0.051724	0.0	0.04244735	0.04412265	0.03762825	0.0626294	0.03873165	0.10062015	0.03766805	0.0237779	0.02371405	0.1177675	0.0681	0.0506905	0.0420786	0.075831	0.052547	0.08669905	0.0174213	0.0	0.0790567	0.12074545	0.04190635	0.0	0.02331345	0.0437086	0.0620052	0.014139	0.1419947	0.0476861	0.01419295	0.13785925
TP53	TP53-014	0.0	0.0	0.0	0.0	0.0	0.0	0.0	0.0	0.0	0.0	0.0820899	0.0	2.6645499999999998e-06	0.0	0.0	0.0	0.0	0.0	0.0	0.0	0.0	0.0	0.0	0.0	0.0	0.0	0.0647844	0.0	0.0	0.0	0.0	0.189466	0.0	0.0	0.0	0.0	0.0	0.0	0.0	0.0	0.0	0.0	0.0	0.0	0.0	0.0	0.0	0.0	0.0	0.0	9.63152e-10	0.0	0.0	0.0	0.0	0.0	0.0	0.0	0.0	0.0	0.0	0.0	0.0	0.0	0.0	0.0	0.0	0.0	0.0	0.146594	0.0	0.0	0.0657057	0.0	4.2125799999999995e-09	0.0	0.0	0.0	0.0	0.158504	0.0	0.0	0.10747899999999999	0.0	0.0338787	0.0	0.0	0.104274	0.0	0.0	0.0	0.0	0.0	0.0	0.0	0.0	0.0	0.0	0.0	0.05962180000000001	0.08920639999999999	0.0	0.0	0.0	0.0	0.132984	0.0815424	0.407501	0.0	0.0	0.0	0.0	0.0	0.0	0.0	0.0	0.0	0.0	0.0	0.0	0.0	0.0	0.0	0.0	0.120126	0.0	0.0	0.0	0.0	0.09640030000000001	0.0	0.0	0.0	0.0	0.0	0.0	0.0	0.0	0.0	0.0	0.0	0.0	0.0	0.0	0.0	0.0	0.0	0.0	0.0	0.0	0.0	0.0	0.0	0.0	0.0	0.0	0.0	0.0	0.0	0.0	0.0	0.0653281	0.0	0.0	0.0	0.0	0.0	0.0	4.53125e-08	0.0	0.0	0.0	0.0	0.0	0.0869311	0.0	0.152496	0.0	0.0	0.0	0.0	0.0	0.0	0.0	0.07743430000000001	0.0	0.0	0.0	0.0	0.0	0.0	0.0	0.0	0.0	0.0	0.0521321	0.0	0.0	0.0785872	0.133486	0.0	0.0	0.0	0.0	0.0	0.0	0.0	0.0	0.0	0.0	0.0	0.0	0.0	0.0	0.0	0.055811599999999996	0.0	0.0	0.0	0.113975	0.0	0.0	0.0	0.0	0.0	0.09763089999999999	0.0	0.0	0.0	0.0	0.0	0.0	0.0	0.0	0.0	0.0	0.0	0.0	0.0	0.0	0.0	0.0	0.0	0.0	0.0	0.0	0.07853289999999999	0.0	0.0	0.0	1.65855e-05	0.0	0.000109355	0.0	0.0	0.0	0.0	0.0	0.0	0.0	0.0	0.08506439999999998	0.0	0.0	0.0	0.0	0.0	0.0	0.0	0.0	0.0937177	0.0	0.0	0.083446	0.0	0.0	0.0	0.065487	0.0	0.0	0.0698975	0.0	0.0	0.0	0.0	0.0	0.0	0.0	0.0	0.0	0.0	0.0	0.0	0.0	0.0	0.0	0.0722283	0.0	0.0	0.0	0.0	0.0	0.0	0.16535999999999998	0.0	0.0	0.0	0.0	0.0	0.0	0.0	0.0	0.0	0.0	0.0	0.0	0.0	0.0	0.0	0.35338886381	0.0	0.0	0.0	0.062214	7.6261e-06	0.0	0.0	0.0	0.0	0.0	0.0	0.0	0.0	2.507485e-06	0.0	0.0	0.0	0.0	0.0	0.0	0.0	0.0	0.0	0.0	0.0	5.16725e-06	0.0	0.0	0.0	0.0	0.0	0.0	0.0	1.93678e-08	0.0	0.0	0.0	0.0	0.0	0.0257869	0.0	0.0	0.0	0.0	0.0	0.02393625	0.053386	0.0	0.0	0.0	0.0
TP53	TP53-015	0.0	0.0	0.0	0.0	0.0	0.0	0.0	0.0	0.0	0.0	0.0	0.0	0.0	0.0	0.0	0.0	0.0	0.0	0.0	0.0	0.0	0.0	0.0	0.0	0.0	0.0	0.0	0.0	0.0	0.0	0.0	0.0	0.0	0.0	0.0	0.0	0.0	0.0	0.0	0.0	0.0	0.0	0.0	0.0	0.0	0.205636	0.0	0.0	0.562826	0.0	0.0	0.0	0.0	0.0	0.0	0.0	0.0	0.0	0.0	0.0	0.0	0.0	0.0	0.0	0.0	0.0	0.0	0.0	0.0	0.0	0.0	0.0	0.0	0.0	0.0	0.0	0.0	0.0	0.0	0.0	0.0	0.0	0.0	0.0	0.0	0.0	0.0	0.0	0.0	0.0	0.0	0.0	0.0	0.0	0.0	0.0	0.0	0.0	0.0	0.0	0.0	0.0	0.0	0.0	0.0	0.0	0.0	0.0	0.0	0.0	0.0	0.823106	0.0	0.06648689999999999	0.0	0.0	0.0	0.0	0.0	0.0	0.0	0.0	0.0	0.0	0.0	0.0	0.0	0.0	0.0	0.0	0.0	0.0	0.0	0.0	0.0	0.0	0.0	0.0	0.0	0.0	0.0	0.0	0.0	0.0	0.0	0.0	0.0	0.0	0.0	0.0	0.0	0.0	0.0	0.0	0.0	0.0	0.0	0.0	0.0	0.0	0.0	0.0	0.0	0.0	0.0	0.0	0.0	0.0	0.0	0.0	0.0	0.0	0.0	0.0	0.0	0.0	0.0	0.0	0.0	0.0	0.0	0.0	0.0649602	0.0	0.0	0.0	0.0	0.0	0.0	0.0	0.0	0.0	0.0	0.0	0.0	0.0	0.0	0.0	0.0	0.0	0.0	0.0	0.0	0.0	0.0	0.0	0.0	0.0	0.0	0.0	0.0	0.0	0.0	0.0	0.0	0.0	0.0	0.0	0.0	0.0	0.0	0.0	0.0	0.0	0.0	0.0	0.0	0.0	0.0	0.0	0.0	0.0	0.0	0.0	0.0	0.0	0.0	0.0	0.0	0.0	0.0	0.0	0.0	0.0	0.0	0.0	0.0	0.0	0.0	0.0	0.0	0.0	0.0	0.0	0.0	0.0	0.0	0.0	0.0	0.0	0.0	0.0	0.0	0.0	0.0	0.0	0.0	0.0	0.0	0.0	0.0	0.0	0.0	0.0	0.0	0.0	0.0	0.0	0.0	0.0	0.0	0.0	0.0	0.0	0.0	0.0	0.0	0.0	0.0	0.0	0.0	0.0	0.0	0.0	0.0	0.0	0.0	0.0	0.0	0.0	0.0	0.0	0.0	0.0	0.0	0.0	0.0	0.0	0.0	0.0	0.0	0.0	0.0	0.0	0.0	0.0	0.0	0.0	0.447168	0.35338886381	0.0	0.0	0.0	0.0	0.0	0.0358108	0.0	0.0	0.0	0.0	0.0	0.0	0.0	0.0	0.0	0.0	0.0	0.0	0.0	0.0	0.0	0.0	0.0	0.0	0.0	0.0	0.0	0.0	0.0	0.0	0.0	0.0	0.0	0.0	0.0	0.0	0.0	0.0	0.0	0.0	0.0	0.0	0.0	0.0	0.0	0.0	0.0	0.0	0.0	0.0	0.0
TP53	TP53-007	0.0	0.0	0.0	0.0	0.0	0.0	0.0	0.0	0.0	0.0	0.0	0.0	0.0	0.0	0.0	0.0	0.0	0.0	5.6762299999999995e-09	0.0	0.0	0.0	0.0	0.0	0.0	0.0	0.0	0.0	0.0	0.0	0.0	0.0	0.0	0.06711030000000001	0.11478699999999999	0.0	0.0	0.014455700000000002	0.0	0.0	0.0	0.0	0.0	0.0	0.0	0.0	0.0	0.0	0.0658834	0.0	0.0	0.0977328	0.0	0.0	0.0	0.0	0.0	8.041489999999998e-10	0.0	0.0	0.0	0.0	0.0	0.0	1.88907e-10	0.0	0.0	0.0	0.0	0.0	0.0	0.0	0.0	0.0	0.0	0.0	0.0	0.0	0.0	0.0	0.0	0.0	0.0	0.0	0.0	0.0	0.0	0.0	0.0	0.0	0.0	0.0	0.0	0.0	0.0	0.0	0.0	0.0	0.0	0.0	0.0	0.0	0.0	0.0	0.0	0.0	0.0	0.0	0.0	0.0	0.0	0.0	0.0	0.0	0.0	0.0	0.0	0.0	0.0	0.0	0.0	0.0	0.0	0.0	0.0	0.0	0.0	0.0	0.0	0.0	3.05269e-06	0.0	0.0	0.145372	0.0	0.0	0.0	0.0	0.0	0.0	0.0	0.0	0.0	0.0	0.0	0.0	0.0	0.0	0.0	0.0	0.0	0.0	0.0	0.0	0.0	0.0	0.0	0.0	0.0	0.0	0.0	0.0	0.0	0.00295721	0.0	0.0	0.0	0.0	0.0	0.0	0.0	6.815239999999999e-10	0.0	0.0	0.0	0.0	0.0	0.0	0.0	0.0	0.0	0.296297	0.0	0.0	0.0	0.0	0.0	0.0	0.0	0.0	0.0	0.0	0.0	0.0	0.0	0.0654999	0.0	0.0	0.0	0.0	0.0	0.0	1.31413e-05	0.0	0.0	2.76337e-09	0.0	0.0	0.0	0.0	0.0	0.0	0.0	0.0	0.0	0.0	0.0	0.0	0.0	0.0	0.0	0.0	0.0	0.0157576	0.0	0.0	0.0	0.0	0.0	0.0	0.0	0.0	0.0	0.0	0.0	0.0	0.0	0.0	0.0	0.0	0.0	0.0	0.0	0.0	0.0	0.0	0.0	0.0	0.0	0.0	0.0	0.0	0.0	0.0	0.0	0.0	0.0	0.0	0.0	0.0	7.41575e-08	0.0	0.0	0.0	0.0	0.0	0.0	0.0	0.0	0.0514398	0.0	0.0	0.0	0.0	0.0	0.0	0.0	0.0	0.0	0.0	0.0	0.0	0.0	0.0	0.0	0.0	0.0	0.0	0.0	0.0	0.0	0.0	0.0	0.0	0.0	0.0	0.0	0.0	0.0	0.0	0.0	0.0	0.0	0.0	0.0	0.0	0.0	0.0	0.0	0.0	0.0	0.0	0.0	0.0	0.0	0.0	0.0	0.0	0.0	0.35338886381	0.0	0.0	0.0	0.0	0.0	0.0	0.0	0.0	0.0	0.0	0.0	0.0	0.0	0.0	1.073505e-05	0.0	0.0	0.0	0.0	0.0	0.0	0.0	0.0	0.0	0.0	0.0	7.94675e-10	0.0	0.0	0.0	3.66555e-10	0.0	0.0	0.0	8.23915e-10	0.0	0.0	0.0	0.0	0.0	0.0	0.0	0.0	0.0	0.0	0.0	0.0	0.0	0.0	0.0	0.0
TP53	TP53-013	0.0	0.0	0.0	0.0	0.0	0.0	0.0	0.0	0.0	0.0	0.0	0.0	0.0767889	0.0	0.0	0.0	0.0	0.0	0.0	0.0	0.0	0.0	0.0	0.0	0.0	0.0	0.0	0.0	0.0	0.0	0.0	0.0	0.0	0.0	0.0	0.0	0.0	0.0	0.0	0.0	0.0	0.0	0.0	0.0	0.0	0.0	0.0	0.0	0.0	0.0	0.0	0.0	0.0	0.0	0.0	0.0	0.0	0.0	0.0843396	0.0	0.0	0.0	0.0	0.0	0.0	0.0	0.0	0.0	0.0	0.0	0.0	0.0	0.0	0.0	0.0	0.0	0.0	0.0	0.374717	0.0	0.0	0.0	0.0	0.0	0.0	0.0	0.0	0.0	0.0	0.0	0.0	0.0	0.0	0.0	0.0	0.0	0.0	0.0	0.0	0.0	0.0	0.0	0.0	0.0	0.0	0.0	0.0	0.0	0.0	0.0	0.0	0.0	0.0	0.0	0.0	0.0	0.0	0.0	0.0	0.0	0.0	0.0	0.0	0.0	0.0	0.0	0.0	0.0	0.0	0.0	0.0	0.0	0.0	0.0	0.0	0.110025	0.0	0.0	0.0	0.0	0.0	0.0	0.0	0.0	0.0	0.0	0.0	0.0	0.0	0.0	0.0	0.09790410000000001	0.0	0.0	0.0	0.0	0.0	0.0	0.0	0.0	0.0	0.0	0.0	0.0	0.0	0.0	0.0	0.0	0.0	0.0	0.0	0.0	0.0	0.0	0.0	0.0603315	0.0	0.0	0.0	0.0	0.0	0.0	0.0	0.0	0.0	0.0	0.0	0.0	0.0	0.0	0.0	0.0	0.0	0.0	0.0	0.0	0.0	0.0	0.0	0.0	0.0	0.0	0.0	0.0	0.0	0.0	0.0	0.0	0.0	0.0	0.0	0.0	0.0	0.08670660000000001	0.0	0.0	0.0	0.0	0.0	0.0	0.0	0.0	0.0	0.0	0.0	0.0	0.0	0.0	0.0	0.0	0.0	0.0	0.0	0.0	0.0	0.0	0.0	0.0	0.0	0.0	0.0	0.0	0.0	0.0	0.0	0.0	0.0	0.0	0.0	0.0	0.0	0.0	0.0	0.0	0.0	0.0	0.0	0.0	0.0	0.0	0.0	0.0	0.0	0.0	0.0	0.0	0.0	0.0	0.0	0.0	0.0	0.0	0.0	0.0	0.0	0.0	0.0	0.0	0.0	0.0	0.0	0.0	0.0	0.0	0.0	0.0	0.0	0.0	0.0	0.0	0.0	0.0	0.0	0.0	0.0	0.0	0.0	0.0	0.0	0.0	0.0	0.0	0.0	0.0	0.0	0.0	0.0	0.0	0.0	0.0	0.0	0.0	0.0	0.0	0.0	0.0	0.0	0.0	0.0	0.35338886381	0.0	0.0	0.0	0.0	0.0	0.0	0.0	0.0	0.0	0.0	0.0	0.0	0.0	0.0	0.0	0.0	0.0	0.0	0.0	0.0	0.0	0.0	0.0	0.0	0.0	0.0	0.0	0.0	0.0	0.04245065	0.0	0.0	0.0	0.0	0.0	0.0	0.0	0.0	0.0	0.0	0.0	0.0	0.0	0.0	0.0	0.0	0.0	0.0	0.0	0.0	0.0314833
TP53	TP53-016	0.0	0.0	0.0	0.0	0.0	0.0	0.0	0.0	0.0	0.0	0.0	0.0	0.0	0.0	0.0	0.0	0.0	0.0	0.0	0.0	0.0	0.0	0.0	0.0	0.0	0.0	0.0	0.0	0.0	0.0	0.0	0.0	0.0	0.0	0.0	0.0	0.0	0.0	0.0	0.0	0.0	0.0	0.0	0.0	0.0	0.0	0.0	0.0	0.0	0.0	0.0	0.0	0.0	0.0	0.0	0.0	0.0	0.0	0.0	0.0	0.0	0.0	0.0	0.0	0.0	0.0	0.0	1.2067700000000001	0.0	0.0	0.0	0.0	0.0	0.0	0.0	0.0	0.0	0.0	0.0	0.0	0.0	0.0	0.0	0.0	0.0	0.0	0.0	0.0	0.0	0.0	0.0	0.0	0.0	0.0	0.0	0.0	0.0	0.0	0.0	0.0	0.0	0.0	0.0	0.0	0.0	0.0	0.0	0.0	0.0	0.0	0.0	0.0	0.0	0.0	0.0	0.0	0.0	0.0	0.0	0.0	0.0	0.0	0.0	0.0	0.0	0.0	0.0	0.0	0.0	0.0	0.0	0.0	0.0	0.0	0.0	0.0	0.0	0.0	0.0	0.0	0.0	0.0	0.0	0.0	0.0	0.0	0.0	0.0	0.0	0.0	0.0	0.0	0.0	0.0	0.0	0.0	0.0	0.0	0.0	0.0	0.0	0.0	0.0	0.0	0.0	0.0	0.0	0.0	0.0	0.0	0.0	0.0	0.0	0.0	0.0	0.0	0.0	0.0	0.0	0.0	0.0	0.0	0.0	0.0	0.0	0.0	0.0	0.0	0.0	0.0	0.0	0.0	0.0	0.0	0.0	0.0	0.0	0.0	0.0	0.0	0.0	0.0	0.0	0.0	0.0	0.0	0.0	0.0	0.0	0.0	0.0	0.0	0.0	0.0	0.0	0.0	0.0	0.0	0.0	0.0	0.0	0.0	0.0	0.0	0.0	0.0	0.0	0.0	0.0	0.0	0.0	0.0	0.0	0.0	0.0	0.0	0.0	0.0	0.0	0.0	0.0	0.0	0.0	0.0	0.0	0.0	0.0	0.0	0.0	0.0	0.0	0.0	0.0	0.0	0.0	0.0	0.0	0.0	0.0	0.0	0.0	0.0	0.0	0.0	0.0	0.0	0.0	0.0	0.0	0.0	0.0	0.0	0.0	0.0	0.0	0.0	0.0	0.0	0.0	0.0	0.0	0.0	0.0	0.0	0.0	0.0	0.0	0.0	0.0	0.0	0.0	0.0	0.0	0.0	0.0	0.0	0.0	0.0	0.0	0.0	0.0	0.0	0.0	0.0	0.0	0.0	0.0	0.0	0.0	0.0	0.0	0.0	0.0	0.0	0.0	0.0	0.0	0.0	0.0	0.35338886381	0.0	0.0	0.0	0.0	0.0	0.0	0.0	0.0	0.0	0.0	0.0	0.0	0.0	0.0	0.0	0.0	0.0	0.0	0.0	0.0	0.0	0.0	0.0	0.0	0.0	0.0	0.0	0.0	0.0	0.0	0.0	0.0	0.0	0.0	0.0	0.0	0.0	0.0	0.0	0.0	0.0	0.0	0.0	0.0	0.0	0.0	0.0	0.0	0.0	0.0	0.0
TP53	TP53-017	0.0	0.0	0.0	0.0	0.0	0.0	0.0	0.0	0.0	0.0	0.0	0.0	0.0	0.0	0.0	0.0	0.0	0.0	0.0	0.0	0.0	0.0	0.0	0.0	0.0	0.0	0.0	0.0	0.0	0.0	0.0	0.0	0.0	0.0	0.0	0.0	0.0	0.0	0.0	0.0	0.0	0.0	0.0	0.0	0.0	0.0	0.0	0.0	0.0	0.0	0.0	0.336541	0.0	0.0	0.0	0.0	0.0	0.0	0.0	0.0	0.0	0.0	0.0	0.0	0.0	0.0	0.0	0.32574000000000003	0.0	0.0	0.0	0.0	0.0	0.0	0.0	0.0	1.30859	0.0	0.0	0.0	0.0	0.0	0.0	0.0	0.0	0.0	0.0	0.0	0.0	0.0	0.0	0.0	0.0	0.0	0.0	0.0	0.0	0.0	0.0	0.0	0.0	0.0	0.0	0.0	0.0	0.0	0.0	0.0	0.0	2.20486	0.0	0.0	0.0	0.0	0.0	0.0	0.0	0.0	0.0	0.0	0.0	0.0	0.0	0.0	0.0	0.0	0.0	0.0	0.0	0.0	0.0	0.0	0.0	0.0	0.0	0.0	0.0	0.0	0.0	0.0	0.0	0.0	0.0	0.0	0.0	0.0	0.0	0.0	0.0	0.0	0.0	0.0	0.0	0.0	0.0	0.0	0.0	0.0	0.0	0.0	0.0	0.0	0.0	0.0	0.0	0.423534	0.0	0.0	0.0	0.0	0.0	0.0	0.0	0.0	0.0	0.0	0.0	0.0	0.0	0.0	0.0	0.0	0.0	0.0	0.0	0.0	0.0	0.0	0.0	0.0	0.0	0.0	0.0	0.0	0.0	0.0	0.0	0.0	0.0	0.0	0.0	0.0	0.0	0.0	0.0	0.469517	0.0	0.0	0.0	0.0	0.0	0.0	0.0	0.0	0.0	0.0	0.0	0.0	0.0	0.0	0.0	0.0	0.0	0.0	0.0	0.0	0.0	0.0	0.0	0.0	0.0	0.0	0.0	0.0	0.0	0.0	0.0	0.0	0.30963	0.0	0.0	0.0	0.0	0.0	0.0	0.0	0.0	0.0	0.0	0.0	0.0	0.0	0.0	0.0	0.0	0.0	0.0	0.0	0.0	0.0	0.0	0.0	0.0	0.0	0.0	0.0	0.0	0.0	0.0	0.0	0.0	0.0	0.0	0.0	0.0	0.0	0.0	0.0	0.0	0.0	0.0	0.0	0.0	0.0	0.0	0.0	0.0	0.0	0.0	0.0	0.0	0.0	0.0	0.0	0.0	0.0	0.0	0.0	0.0	0.0	0.0	0.0	0.0	0.0	0.0	0.0	0.0	0.0	0.0	0.0	0.0	0.0	0.0	0.0	0.0	0.0	0.0	0.0	0.0	0.35338886381	0.0	0.0	0.0	0.0	0.0	0.0	0.0	0.0	0.0	0.0	0.0	0.0	0.0	0.0	0.0	0.0	0.0	0.0	0.0	0.0	0.0	0.0	0.0	0.0	0.0	0.0	0.0	0.0	0.0	0.0	0.0	0.0	0.0	0.0	0.0	0.0	0.0	0.0	0.0	0.0	0.0	0.0	0.0	0.0	0.0	0.0	0.0	0.0	0.0	0.0	0.0
TP53	TP53-020	0.0	0.0	0.0	0.0	0.0	0.0	0.0	0.0	0.0	0.0	0.0	0.0	0.0	0.0	0.0	0.0	0.0	0.0	0.0	0.152003	0.0	0.0	0.0	0.0	0.0	0.0	0.0	0.0	0.0	0.0	0.0	0.0	0.0	0.0	0.0	0.0	0.0	0.0	0.0	0.0	0.0	0.0	0.0	0.0	0.0	0.34025500000000003	0.0	0.0	0.0	0.0	0.0	0.0	0.0	0.0	0.0	0.0	0.0	0.0	0.0	0.0	0.0	1.12481	0.0	0.0	0.0	0.0	0.0	0.0	0.0	0.0	0.0	0.0	0.0	0.0	0.0	0.0	0.0	0.0	3.83983	0.0	0.13513699999999998	0.0	0.0	0.0	0.0	0.0	0.0	0.0	0.0	0.0	0.0	0.0	0.0	0.0	0.0	0.0	0.0	0.0	0.0	0.0	0.0	0.0	0.0	0.0	0.0	0.0	0.0	0.0	0.0	0.0	0.0	0.0	0.0	0.0	0.0	0.0	0.0	0.0	0.0	0.0	0.0	0.0	0.0	0.0	0.0	0.0	0.0	0.0	0.0	0.0	0.0	0.0	0.0	0.0	0.0	0.0	0.0	0.0	0.0	0.0	0.0	0.0	0.0	0.0	0.0	0.0	0.0	0.0	0.0	0.0	0.0	0.0	0.0	0.0	0.0	0.0	0.0	0.0	0.0	0.0	0.0	0.0	0.0	0.0	0.0	0.0	0.0	0.0	0.0	0.0	0.0	0.0	0.0	0.0	0.0	0.0	0.0	0.0	0.0	0.0	0.0	0.0	0.0	0.0	0.0	0.0	0.0	0.0	0.0	0.0	0.0	0.0	0.0	0.0	0.0	0.0	0.0	0.0848752	0.0	0.0	0.0	0.0	0.0	0.0	0.0	0.0	0.0	0.139027	0.0	0.0	0.0	0.0	0.0	0.0	0.0	0.0	0.0	1.59601	0.0	0.0	0.0	0.0	0.0	0.0	0.0	0.0	0.0	0.0	0.0	0.0	0.0	0.0	0.0	0.0	0.0	0.0	0.0	0.0	0.0	0.0	0.0	0.0	0.0	0.0	0.0	0.0	0.0	0.0	0.0	0.0	0.0	0.0	0.0	0.0	0.0	0.0	0.0	0.0	0.0	0.0	0.0	0.0	0.0	0.0	0.0	0.0	0.0	0.0	0.0	0.0	0.0	0.0	0.0	0.0	0.0	0.0	0.0	0.0	0.0	0.0	0.0	0.0	0.0	0.0	0.0	0.0	0.0	0.0	0.0	0.0	0.0	0.0	0.0	0.0	0.0	0.0	0.0	0.0	0.0	0.0	0.0	4.62564	0.0	0.0	0.0	0.0	0.0	0.0	0.0	0.0	0.0	0.0	0.0	0.0	0.0	0.0	0.0	0.0	0.0	0.35338886381	0.0	0.0	0.0	0.0	0.0	0.0	0.0	0.0	0.0	0.0	0.0	0.0	0.0	0.0	0.0	0.0	0.0	0.0	0.0	0.0	0.0	0.0	0.0	0.0	0.0	0.0	0.0	0.0	0.0	0.0	0.0	0.0	0.0	0.0	0.0	0.0	0.0	0.0	0.0	0.0	0.0	0.0	0.0	0.0	0.1268895	0.0	0.0	0.0	0.0	0.0	0.0
TP53	TP53-022	0.0	0.0	0.12288099999999999	0.0	0.0285173	0.0	0.0	0.788218	0.0677918	0.0	0.15995	0.0	0.595763	0.0	0.10276300000000001	0.0	0.0	0.123779	0.042294	0.0	0.160855	0.0	0.09581469999999999	0.0	0.0	0.0	0.0	0.202379	0.07143789999999998	0.0	0.0	0.0	0.0	0.0	0.0	0.306088	0.0	0.0	0.0	0.0	0.0	0.126695	0.0	0.116728	0.0103887	0.0	0.0	0.0	0.0	0.0	0.14367	0.0	0.0	0.0	0.0	0.0	0.0	0.0	0.0	0.0	0.0	0.0	0.545529	0.0	0.0	0.178004	0.0	6.90689	0.185339	0.26119000000000003	0.0	0.178606	0.250958	0.0	0.23288899999999998	0.0	0.0	0.0	0.0	5.6897e-06	0.11848900000000001	0.0	0.5264300000000001	0.0	0.08823339999999999	0.0	0.0	0.0	0.0	0.0	0.0	0.0	0.421163	0.0	0.0	0.0	0.0	0.0	0.0	0.0	0.0	0.502382	0.168627	1.24399	0.0	0.0	0.13957	0.0315415	0.0	0.0	0.21611100000000003	0.0	0.0	0.281856	0.216602	0.0579413	0.178832	0.0	0.0	1.52613	0.0	0.6492220000000001	0.0	0.0546237	0.0	0.08276939999999999	0.0	0.30250900000000003	0.24247	0.256944	0.0	0.645636	0.156123	0.0	0.241092	0.022444299999999997	0.27821	0.0	0.0	0.27874699999999997	0.045217099999999996	0.0	0.181144	0.0	0.0373929	0.5025029999999999	0.000661059	0.0844142	0.0	0.0	0.0	0.318002	0.0	0.0	0.251872	0.0	0.45905	0.0	0.0	0.0	0.0	0.188892	0.0291759	0.0	0.0818579	0.483897	0.0	0.0571972	0.0	0.0	0.0	0.0910883	0.0	0.0	0.14883	0.0	0.137068	0.14899500000000002	0.401602	0.1754	0.481347	0.0	0.0	0.0866985	0.0958315	0.0	0.0	0.0378701	0.0	0.0	0.125377	0.051206600000000005	0.33855100000000005	0.0	0.0	0.0	0.0	0.0	0.23056500000000002	0.0	0.234604	0.039863	0.0	0.108516	0.0	0.22080500000000003	0.0	0.0	0.569876	0.329207	0.000330141	0.0	0.102146	0.139847	0.0	0.0	0.0	0.0	0.0	0.0	0.140775	0.21224200000000001	0.0	0.0	0.5363899999999999	1.56384e-07	0.0	0.0	0.0	0.1973	0.160726	0.0	0.0	0.0	0.0	0.0	0.0477473	0.0	0.0	0.180118	0.0	0.184106	0.060081100000000005	0.43825200000000003	0.0	0.08926419999999999	0.0	0.0320839	0.0	0.0	0.0	0.40639899999999995	0.0	8.18847e-05	0.0	0.0	0.190403	0.0	0.0	0.0	0.253655	0.0521193	0.136568	0.0	0.55504	0.11174500000000001	0.0	0.563875	0.0	0.0	0.0	0.0	0.0	0.0	0.051304499999999996	0.20637800000000003	0.0	0.0408889	0.0	0.134199	0.0	0.0	0.0	0.10357000000000001	0.0	0.0	0.0	0.0	0.0	0.0205877	0.10724500000000001	0.0588544	0.0	0.0	0.7621829999999999	0.0	0.0495934	0.0	0.00190957	0.0458509	0.0208151	0.49254499999999996	0.0	0.889754	0.0	0.347777	0.0	0.0	0.0994421	4.26726e-05	0.0	0.0	0.0	2.3706499999999999e-07	0.886078	0.0	0.0246497	2.2646799999999997e-08	0.0	0.35338886381	0.0	0.0	0.0	0.08444305	0.1216205	0.08942	0.0	0.0	0.0	0.01888275	0.0804157	0.0	0.0	0.084551	0.0154016	0.0509605	0.0	0.1199	0.12399225	0.0111368	0.0	0.1027475	0.077256	0.0511428	0.004157245	0.237794	0.077248	0.2014265	0.19548405	0.029995	0.0562385	0.0560605	0.04967885	0.116349	0.00275896	0.1179985	0.0	0.0	0.105155	0.052851	0.178361	0.09904	0.087219	0.098427	0.0	0.0606015	0.114305	0.274909	0.064778	0.131116	0.1033065
TP53	TP53-027	0.0	0.110921	0.0	0.0	0.11081600000000001	0.0	0.0	0.0	0.0	7.01268e-05	0.0356834	0.0	0.0	0.220836	0.0039822	0.0	0.0	0.0	0.0	0.0	0.127048	0.0	0.0	9.50822e-05	0.000520246	0.0	9.07714e-08	0.0	0.0	0.0	1.5688799999999998	0.0	0.00347812	0.0	0.0	3.90605e-08	0.0	0.0	2.50061e-05	0.0	0.0	1.8008799999999998e-10	0.000569297	0.0	0.0	0.0	0.0	0.0	0.0	0.0	0.0	0.0	0.0469427	1.95436e-05	0.0	0.0	0.0	6.01233e-10	0.0	0.024919900000000002	0.0	0.0	1.62414e-09	1.3133799999999999e-06	8.93077e-05	0.00993825	1.01303e-09	0.0	0.151358	0.00441713	0.0	0.0	0.0	0.0	0.0	0.0	0.0	0.0	0.0	0.0	0.0	0.0	0.00418814	0.00044853	0.0	0.0	0.0	0.0	0.0	0.0828959	0.0	0.0	0.0	0.0	6.27645e-09	0.0	0.0	0.0	2.98596e-05	0.0	0.544284	0.0	0.0	0.26510500000000004	0.0	0.0	0.0	3.34421e-05	0.0	0.0	0.147741	0.0	0.0	5.10925e-06	0.0	0.0	0.0	0.213588	0.00509488	1.9159200000000003e-06	0.0798998	0.014766399999999999	0.0	0.0	0.0	0.0	0.0	0.0	0.0	0.0	1.22619e-09	0.48871000000000003	0.0	0.0	0.0	0.0	0.0	0.0	0.0	0.0	0.0110273	0.0	0.119145	0.0	0.0	0.0	0.179194	0.0	0.00119717	0.0	0.0	0.0	0.0	0.0	0.0585017	0.0	0.0	0.0	0.0	0.00201078	0.0	0.0	1.44296e-10	0.0	0.251882	0.0	0.0	0.0	2.6186e-07	0.182808	1.35111	0.0	0.133434	0.056775	0.00424876	0.0	0.0	0.0	0.0	0.0	0.0107837	0.0	0.0	0.0	3.4751499999999997e-06	0.11899100000000001	0.0	1.2007500000000001e-06	0.0305255	0.0	0.0	0.0	0.0	0.0	0.219056	0.0	2.32478e-08	0.0	0.0	0.0827155	0.0	0.0	0.0	0.0	0.0984704	7.40814e-08	0.0	0.101913	0.0	0.0	0.0	0.0	0.228073	0.0	0.13888699999999998	0.0	0.0	0.0	0.0	0.0	8.369249999999999e-10	9.471449999999998e-10	2.07763e-09	0.0	0.0	0.11351900000000001	0.20880700000000002	0.0	0.0	5.8106e-10	0.0	0.0	0.0	0.0	0.0	0.0	0.0	0.0	8.14031e-05	4.02439e-10	0.38290100000000005	1.6869700000000001e-06	0.0	0.0	8.56947e-09	0.0	0.0	0.0	0.0	0.0	0.0	0.0	2.38768e-10	0.0	1.66041e-10	0.0	0.0	0.0	0.0	0.0	0.0	3.6640300000000004e-06	0.0	0.0	1.2972600000000001e-08	0.0	0.0	8.57107e-07	0.0	0.0	0.14937999999999999	0.0	0.0	0.0840038	0.0	0.0	0.0	0.0	0.0	4.70514e-07	0.0	0.0	0.0	0.0	0.0	0.00014123399999999998	0.0	0.315481	0.0477481	0.0	0.0	7.78077e-09	0.0	0.0	0.0	3.26154e-06	0.00972291	0.0	0.0	0.134434	0.176566	0.0	9.49456e-11	0.0	0.0	0.133979	0.0	0.0	0.0	0.0	0.0	0.0	0.0	0.0	0.0	0.0	0.0778904	2.6159300000000005e-10	0.0	0.35338886381	0.0	0.0	1.292815e-07	2.70335e-09	0.0	0.16624	0.0	0.0	0.06603235	0.0	6.6257e-07	4.867465e-08	1.408975e-09	0.0128967	2.332495e-09	0.10458	0.0	0.0	0.0	0.0	0.01033	0.1237945	1.306522e-06	0.150043	3.643185e-08	0.0323781507226	0.0	0.0844505	0.0	0.0	0.0	0.0780375	0.0	0.0	0.0	0.0	0.0	0.0	0.0	5.71981525e-07	0.0	0.0	8.780605e-10	0.1001665	0.0	0.0	0.0	0.0	0.0	0.0	0.066641
TP53	TP53-026	0.0	0.0	0.0	0.0	0.0	0.0	0.0	0.0	0.0	0.0	0.0	0.0	0.0	0.0	0.0	0.0	0.0	0.0	0.0	0.0	0.0	0.0	0.0	0.0	0.0	0.0	0.0	0.0	0.0	0.0	0.0	0.0	0.0	0.0	0.0	0.0	0.0	0.0	0.552316	0.0	0.0	0.0	0.0	0.0	0.0	0.0	0.0	0.0	0.0	0.0	0.0	0.0	0.0	0.0	0.0	0.0	0.0	0.0	0.0	0.0	0.0	0.0	0.0	0.0	0.0	0.0	0.0	0.0	0.0	0.0	0.0	0.0	0.0	0.0	0.0	0.0	0.0	0.0	0.0	0.0	0.0	0.0	0.0	0.0	0.0	0.0	0.0	0.0	0.0	0.00013485	0.0	0.0	0.0	0.0	0.0	0.0	0.0	0.0	0.11401199999999999	0.0	0.000238331	0.0	0.0	0.0	0.0	0.0	0.0	0.0	0.0	0.0	0.0	0.0	0.0	0.0	0.0	0.0	0.0	0.0	0.0	0.0	0.0	0.0	0.0	0.0	0.0	0.0	0.0	0.0	0.0	0.0	0.0	0.0	0.0	0.0	0.0	0.0	0.0	0.0	0.0	0.0	0.0	0.0	0.0	0.0	0.0	0.0	0.0	0.0	0.0	0.0	0.0	0.0	0.0	0.0	0.0	0.0	0.0	0.0	0.0	0.0	0.0	0.0	0.0	0.0	0.0	0.0	0.0	0.0	0.0	0.0	0.0	0.0	2.0097900000000003e-10	0.0	0.0	0.0	0.0	0.0	0.0	0.0	0.0	0.0	0.0	0.0	0.0	2.46148e-09	0.0	0.0	0.0	0.0	0.0	0.0	0.0	0.0	0.0	0.0	0.0	0.0	0.0	0.0	0.0	0.0	0.0	0.0	0.0	0.0	0.0	0.0	0.0	0.0	0.0	0.0	0.0	0.0	1.9890099999999996e-10	0.0	0.0	0.0	0.0	0.0	0.0	0.0	0.0	0.0	0.0	0.0	0.0	0.0	0.0	0.0	0.0	0.0	0.0	0.0	0.0	0.0	0.0	0.0	0.0	0.0	0.0	0.0	0.0	0.0	0.0	0.0	0.0	0.0	0.0	0.0	0.0	0.0	0.0	0.0	0.0	0.0	0.0	0.0	0.0	0.0	0.0	0.0	0.0	0.0	0.0	0.0	0.0	0.0	0.0	0.0	0.0	0.0	0.0	0.0	0.0	0.0	0.0	0.0	0.0	0.0	0.0	0.0	0.0	0.0	0.0	0.0	0.0	0.0	0.0	0.0	0.0	0.0	0.0	0.0	0.0	0.0	0.0	0.0	0.0	1.61738e-08	3.16059e-09	0.0	0.0	0.0	0.0	0.0	0.0	0.0	0.0	0.0	0.0	0.0	0.0	0.0	0.0	0.0	0.0	0.0	0.0	0.35338886381	0.0	0.0	0.0	0.0	0.0	0.0	0.0	0.0	0.0	0.0	0.0	0.0	0.0	0.0	0.0	0.0	0.0	0.0	0.0	0.0	0.0	0.0	0.0	0.0	0.0	0.0	0.0	0.0	0.0	0.0	0.0	0.0	0.0	0.0	0.0	0.0	0.0	0.0	0.0	0.0	0.0	0.0	0.0	0.0	0.0	0.0	0.0	0.0	0.0	0.0	0.0
TP53	TP53-201	0.0	0.0	0.0	0.0	0.0	0.0	0.0	0.0	0.0	0.0	0.0	0.0	0.0	0.0	0.0	0.0	0.0	0.0	0.0	0.0	0.0	0.0	0.0	0.0	0.0	0.0	0.0	0.0	0.0	0.0	0.0	0.0	0.0	0.0	0.0	0.0	0.0	0.0	0.0	0.0	0.0	0.0	0.0	0.0	0.0	0.0	0.0	0.0	0.0	0.0	0.0	0.0	0.0	0.0	0.0	0.0	0.0	0.0	0.0	0.0	0.0	0.0	0.0	0.0	0.0	0.0	0.0	0.0	0.0	0.0	0.0	0.0	0.0	0.0	0.0	0.0	0.0	0.0	0.0	0.0	0.0	0.0	0.0	0.0	0.0	0.0	0.0	0.0	0.0	0.0	0.0	0.0	0.0	0.0	0.0	0.0	0.0	0.0	0.0	0.0	0.0	0.0	0.0	0.0	0.0	0.0	0.0	0.0	0.0	0.0	0.0	2.06167e-06	0.0	0.0	0.0	0.0	0.0	0.0	0.0	0.0	0.0	0.0	0.0	0.0	0.0	0.0	0.0	0.0	0.07494760000000002	0.056692099999999995	0.0	0.0	0.0	0.0	0.0	0.0	0.0	0.0	0.0	0.0	0.0	0.0	0.0	0.0	0.0	0.0	0.0	0.0	0.0	0.0	0.0	0.0	0.0	0.0	0.0	0.0	0.0	0.0	0.0	0.0	0.0	0.0	0.0	0.0	0.0	0.0	0.0537336	0.0	0.0	0.0	0.0	0.0	0.0	0.0	0.0	0.0	0.0	0.0	0.0	0.0	0.0	0.0	0.0	0.0	0.0	0.0	0.0	0.0	0.0	0.0	0.0	0.0	0.0	0.0	0.0	0.0	0.0	0.0	0.0	0.0	0.0	0.0	0.0	0.0	0.0	0.0	0.0	0.0	0.0	0.0	0.0	0.0	0.0	0.0	0.0	0.0	0.0	0.0	0.0	0.0	0.0	0.0	0.0	0.0	0.0	0.0	0.0	0.0	0.0	0.0	0.0	0.0	0.0	0.0	0.0	0.0	0.0	0.0	0.0	0.0	0.0	0.0	0.0	0.0	0.0	0.0	0.0	0.0	0.0	0.0	0.0	0.0	0.0	0.0	0.0	0.0	0.0	0.0	0.0	0.0	0.0	0.0	0.0	0.0	0.0	0.0	0.0	0.0	0.0	0.0	0.0	0.0	0.0	0.0	0.0	0.0	0.0	0.0	0.0	0.0	0.0	0.0	0.0	0.0	0.0	0.0	0.0	0.0	0.0	0.0	0.0	0.0	0.0	0.0	0.0	0.0	0.0	0.0	0.0	0.0	0.0	0.0	0.0	0.0	0.0	0.0	0.0	0.0	0.0	0.0	0.0	0.0	0.0	0.0	0.0	0.0	0.0	0.0	0.0	0.35338886381	0.0	0.0	0.0	0.0	0.0	0.0	0.0	0.0	0.0	0.0	0.0	0.0	0.0	0.0	0.0	0.0	0.0	0.0	0.0	0.0	0.0	0.0	0.0	0.0	0.0	0.0	0.0	0.0	0.0	0.0	0.0	0.0	0.0	0.0	0.0	0.0	0.0	0.0	0.0	0.0	0.0	0.0	0.0	0.0	0.0	0.0	0.0	0.0	0.0	0.0	0.0
TP53	TP53-202	0.0	0.0	0.0	0.0	0.0	0.11750999999999999	0.0	0.0	0.0	0.0	0.0	0.0	0.146082	0.0	0.0	0.0	0.136577	0.0	1.0817700000000001e-10	0.30514	0.0	0.0	0.0	0.0	0.0	0.0	0.0	0.0	0.0	0.208889	0.0	0.0	0.0	0.0	0.0	0.0	0.0	0.0	0.0	0.0	0.0	0.0	0.0	0.0	0.0	0.0	0.0	0.0	0.0	0.0	0.0	0.0	0.0	0.0	0.0	0.0	0.0	0.0	0.0	0.0	0.0	0.0	0.0	0.0	0.0	0.0	0.0	0.0	0.0	0.0	0.0	0.0	0.0	0.0	0.0	0.0	0.0	0.0	0.0	0.0	0.0	0.0	0.0	0.0	0.0	0.0	0.0	0.0	0.0	0.0	0.0	0.0	0.0	0.0	0.0	0.0	0.0	0.0	0.0	0.0	0.0	0.0	0.0	0.0	0.0	0.0	0.0	1.71892e-07	0.0	0.0	0.0	0.390893	0.0	0.0	0.0	0.0	0.0	0.0	0.0	0.0	0.0	0.0	0.0	0.0	0.0	0.0	0.0	0.0	0.0	0.0	2.59064e-10	0.181785	0.0	0.0	0.0	0.0	0.0	0.0	0.0	0.0	0.0	0.0	0.0	0.0	0.0	0.0	0.0	7.22605e-06	0.0	0.0	0.0	0.0	0.0	0.0	0.0	0.0	0.0	0.0	0.0	0.0	0.0	0.0	0.0	4.5156100000000003e-07	0.0	0.0	0.0	0.0	0.0	0.0	0.0	0.0	0.0	0.0	0.0	0.0	0.0	0.0	0.0	0.0	0.369764	0.0	0.196642	0.0	7.373340000000001e-05	0.0	0.0	0.0	0.0	0.0	0.0768962	0.0	0.0	0.0	0.0	0.0	0.0	0.0	0.0	0.0	0.0	0.0	2.6989400000000003e-08	0.0	0.0	0.0	0.0	0.0	0.0	0.0	0.29678000000000004	0.0	0.0	0.0	0.0	0.0	0.0	0.0	0.0	0.0	0.0	0.0	0.0	0.0	0.0	0.0	0.0	0.0	0.0	0.0	0.0	0.0	0.0	0.0	0.0	0.0	0.0	0.0	0.0	0.0	0.0	0.0	0.27215100000000003	0.0	0.0	0.0	0.0	0.0	0.0	0.0	0.0	0.0	0.0	0.0	0.0	0.0	0.0	0.0	0.0	0.0	6.14279e-10	0.0	0.0	0.0	0.0	0.0	0.0	0.0	0.0	0.0	0.0	0.0	0.0	0.0	0.0	0.0	0.0	0.0	0.0	0.0	0.0	0.0	0.0	0.0	0.0	0.0	0.0	0.0	0.0	0.0	0.0	0.0	0.0	0.0	0.0	0.0	0.0	0.0	0.0	0.0	0.0	0.0	0.0	0.0	0.0	0.0	0.0	0.0	0.0	0.0	0.0	0.0	0.0	0.0	0.0	0.0	0.0	0.0	0.0	0.35338886381	0.0638615	0.0	0.0	0.0	0.0	0.0	0.0	0.0	0.0	0.0	0.0	0.0	0.0	0.0	1.053235e-08	0.0	0.0	0.0	0.0	0.0	0.0	0.0	0.0	0.0	0.0	0.0	0.0	0.0	0.0	0.0	0.0	0.0	0.0	0.0	8.86105e-11	0.0	0.0	0.0	0.0	0.0	0.0	0.0	0.0	0.0	0.0249019	0.0	0.0	0.0	0.0	0.0	0.0
TP53	TP53-024	0.0	0.0	0.0	0.0	0.0	0.0	0.0	0.0	0.0	0.0	0.0	0.0	0.0	0.0	0.0	0.0	0.0	0.0	5.6762299999999995e-09	0.0	0.0	0.0	0.0	0.0	0.0	0.0	0.0	0.0	0.0	0.0	0.0	0.0	0.0	0.06711030000000001	0.11478699999999999	0.0	0.0	0.014455700000000002	0.0	0.0	0.0	0.0	0.0	0.0	0.0	0.0	0.0	0.0	0.0658834	0.0	0.0	0.0977328	0.0	0.0	0.0	0.0	0.0	8.041489999999998e-10	0.0	0.0	0.0	0.0	0.0	0.0	1.88907e-10	0.0	0.0	0.0	0.0	0.0	0.0	0.0	0.0	0.0	0.0	0.0	0.0	0.0	0.0	0.0	0.0	0.0	0.0	0.0	0.0	0.0	0.0	0.0	0.0	0.0	0.0	0.0	0.0	0.0	0.0	0.0	0.0	0.0	0.0	0.0	0.0	0.0	0.0	0.0	0.0	0.0	0.0	0.0	0.0	0.0	0.0	0.0	0.0	0.0	0.0	0.0	0.0	0.0	0.0	0.0	0.0	0.0	0.0	0.0	0.0	0.0	0.0	0.0	0.0	0.0	3.05269e-06	0.0	0.0	0.145372	0.0	0.0	0.0	0.0	0.0	0.0	0.0	0.0	0.0	0.0	0.0	0.0	0.0	0.0	0.0	0.0	0.0	0.0	0.0	0.0	0.0	0.0	0.0	0.0	0.0	0.0	0.0	0.0	0.0	0.00295721	0.0	0.0	0.0	0.0	0.0	0.0	0.0	6.815239999999999e-10	0.0	0.0	0.0	0.0	0.0	0.0	0.0	0.0	0.0	0.296297	0.0	0.0	0.0	0.0	0.0	0.0	0.0	0.0	0.0	0.0	0.0	0.0	0.0	0.0654999	0.0	0.0	0.0	0.0	0.0	0.0	1.31413e-05	0.0	0.0	2.76337e-09	0.0	0.0	0.0	0.0	0.0	0.0	0.0	0.0	0.0	0.0	0.0	0.0	0.0	0.0	0.0	0.0	0.0	0.0157576	0.0	0.0	0.0	0.0	0.0	0.0	0.0	0.0	0.0	0.0	0.0	0.0	0.0	0.0	0.0	0.0	0.0	0.0	0.0	0.0	0.0	0.0	0.0	0.0	0.0	0.0	0.0	0.0	0.0	0.0	0.0	0.0	0.0	0.0	0.0	0.0	7.41575e-08	0.0	0.0	0.0	0.0	0.0	0.0	0.0	0.0	0.0514398	0.0	0.0	0.0	0.0	0.0	0.0	0.0	0.0	0.0	0.0	0.0	0.0	0.0	0.0	0.0	0.0	0.0	0.0	0.0	0.0	0.0	0.0	0.0	0.0	0.0	0.0	0.0	0.0	0.0	0.0	0.0	0.0	0.0	0.0	0.0	0.0	0.0	0.0	0.0	0.0	0.0	0.0	0.0	0.0	0.0	0.0	0.0	0.0	0.0	0.35338886381	0.0	0.0	0.0	0.0	0.0	0.0	0.0	0.0	0.0	0.0	0.0	0.0	0.0	0.0	1.073505e-05	0.0	0.0	0.0	0.0	0.0	0.0	0.0	0.0	0.0	0.0	0.0	7.94675e-10	0.0	0.0	0.0	3.66555e-10	0.0	0.0	0.0	8.23915e-10	0.0	0.0	0.0	0.0	0.0	0.0	0.0	0.0	0.0	0.0	0.0	0.0	0.0	0.0	0.0	0.0
TP53	TP53-023	3.48524	1.4337799999999998	1.82438	0.727721	0.186291	0.108313	0.366836	0.428242	0.0	3.32188e-07	0.5608479999999999	3.2684900000000003	0.174026	2.66302	4.10586	2.13928	1.40901	5.7886	2.46105	0.326923	0.589472	0.716462	0.0696009	3.5413699999999997	2.19308	1.1799899999999999	1.78594	0.0	0.0461005	3.78029	1.3097	0.0906304	4.80591	1.4869700000000001	1.03349	1.9088900000000002	0.0993454	0.383914	2.75665	1.4102700000000001	0.13136	0.940858	9.01117	0.0	0.579709	0.161823	1.8173099999999998	1.9284	4.71296	4.5102	0.514281	7.93763	0.909596	4.86146	0.846025	2.6383900000000002	4.09807	11.7527	0.287578	3.21008	0.0	7.216130000000001	0.34370100000000003	3.6368199999999997	1.00127	2.47878	8.29097	0.0	0.47706400000000004	0.148275	0.12639	0.273374	1.49e-09	0.424737	2.4045099999999997	0.0	0.0	1.11706	0.0	0.600783	2.66739	4.37801	0.754356	3.65695	0.24740700000000002	2.71413	4.2464	0.331129	0.531624	0.211092	0.166128	5.7868900000000005	3.29885	2.26349	2.14585	1.02055	0.0887306	0.0	4.315180000000001	0.121848	3.1426	8.36842	0.20393599999999998	0.0	0.47550600000000004	0.196528	1.6688900000000002	0.128199	1.3222200000000002	0.0	0.43335200000000007	0.0	0.0793429	0.37095500000000003	0.796143	1.42441	0.29847399999999996	1.11667	3.68246	2.02166	3.2608900000000003	0.253407	0.240681	6.08136	0.30489099999999997	1.23112	0.611529	0.589484	1.5818999999999999e-09	0.505871	11.6411	0.20666500000000002	1.0955700000000002	0.218433	0.6010810000000001	0.734924	0.316196	0.570998	0.430886	0.13810899999999998	0.23953400000000002	0.12570499999999998	0.0	0.00115927	0.494255	1.46409	1.03591	3.6968199999999998	0.235448	0.358157	1.6929400000000001	0.593942	0.24777	0.25814499999999996	1.0479100000000001	0.161124	0.271284	0.6585270000000001	1.80089	3.8984199999999998	0.551794	4.17835	2.9525099999999997	0.353636	0.5056609999999999	6.895180000000001e-09	0.53078	0.433125	7.685510000000001	1.58533	0.534788	2.27288	0.475375	8.67481	0.200282	1.57308	0.253872	0.27668200000000004	0.401828	0.5213810000000001	1.33938	0.45633199999999996	0.317006	2.02641	2.2747900000000003	1.64907	3.0897799999999997	9.97632	5.90685	2.3524700000000003	0.223489	0.23849800000000002	5.535819999999999	6.56923	0.947684	1.25767	1.04344	7.89248	2.50814	0.271189	0.717621	0.291214	3.6412	1.42244	0.834234	6.657089999999999	4.57546	0.02395	0.0	0.200945	0.0786898	0.178264	1.13214	0.535086	0.32337	0.362992	0.31209499999999996	3.41076	0.181002	0.37426	1.37547	1.0881	1.8838	0.69692	0.5165420000000001	0.0687518	0.3072	2.31284	0.367317	15.7226	3.3421300000000005	0.358004	0.688154	0.715291	2.1890099999999997	1.2485	0.219831	0.0	1.23817e-08	3.42815	3.19611	1.06827	1.25168	0.435275	1.4285700000000001	0.447799	1.20574	4.50402	0.261723	0.6116510000000001	0.28726399999999996	0.0	0.891021	0.47097	2.8745700000000003	0.8815069999999999	1.28829	0.5216529999999999	0.316849	0.927578	0.32054299999999997	3.09111	0.43066400000000005	0.178901	0.68592	0.154914	0.212493	0.313717	0.367171	4.83938	0.49792700000000006	0.0	0.22212199999999999	1.3397700000000001	0.360209	1.00048	3.90542	1.22854	0.22639600000000001	3.05596	1.30974	0.0	2.4033700000000002	0.232223	0.482266	3.0963	0.367232	1.79256	3.00529	0.8640760000000001	3.06113	3.84099	1.26519	1.0438100000000001	0.686658	1.38697	0.448126	0.455135	6.672280000000001	4.9225699999999994	5.29241	7.31164	0.0975904	5.41153e-08	0.326406	0.13603099999999999	3.08677	0.318352	0.142192	2.51555	0.545566	0.442051	3.07595	0.0	0.0933187	0.5124380000000001	0.115503	0.294032	3.20558	0.35338886381	0.7881675	1.0653255	0.503767	0.2421505	0.349797000882	0.217158	0.5655515	0.2721045	5.02432	0.6159285	0.28014265	0.4799585	0.3876565	2.90535	2.63131	1.800353	0.154433	1.769031	0.2673655	1.1811045	1.0945285	0.18853095	0.4442285	1.6544	0.498437	0.671479	0.1062495	1.217473	1.184635	0.106874	0.20193355	0.15250075	0.0507805	0.3213805	0.164752	0.237309	0.0809905	1.38685	0.180098	2.0485215	0.224469	0.377086	0.587231	1.227935	0.21765	0.356074	0.67634515	0.8436625	0.4194135	0.2009362	0.5362335
TP53	TP53-028	0.0	3.9792699999999996	0.690046	2.78095	0.86935	3.0091099999999997	4.9785900000000005	1.24452	3.5346300000000004	1.32069	2.50136	1.3753	7.9699100000000005	0.8313659999999999	2.78462	0.307612	2.2334	1.16173	2.59172	0.06748660000000001	2.3587599999999997	3.5991800000000005	1.56402	0.311655	1.19223e-06	5.52675	0.8349200000000001	1.4423	0.526699	1.78876	1.17263e-07	3.51945e-06	0.016155100000000002	0.0	0.413128	1.8852200000000001	3.60944	0.0	0.00887415	0.715476	1.24625	3.67696	1.38553	0.555017	0.5594560000000001	1.17439	0.0	0.0	0.296404	1.5044799999999998	2.1951400000000003	0.032776599999999996	0.0	0.301322	1.93012	1.38936	1.98995	0.869503	0.9530049999999999	0.32969699999999996	2.16303	0.9465530000000001	4.61718	0.512324	0.0	0.409099	2.13957	0.0	3.65119	3.56606	2.0533	0.792543	2.45629	1.81802	9.585560000000001	0.6593680000000001	8.089269999999999	3.6480300000000003	8.07209	0.0	5.53325	0.0	6.842239999999999	1.91525	5.38361	0.5528270000000001	0.11984000000000002	0.694433	0.0	0.40184899999999996	0.353916	0.0	0.882336	0.16747	1.3620700000000001	7.0369399999999995	0.728156	2.14038	0.148169	0.7578550000000001	0.0009400760000000001	8.135069999999999	2.02908	2.61548	1.93645	2.32491	4.77243	3.1381099999999997	1.22964	5.71176	2.07006	0.0	0.49390600000000007	4.34706	3.02857	4.70367	5.84882	0.12174700000000001	0.343564	11.370999999999999	0.0	1.9246900000000002	0.14033800000000002	1.7088599999999998	3.9858599999999997	4.31459	0.46801000000000004	0.419274	0.31262399999999996	5.76789	0.917422	4.73867	0.737016	0.64759	2.9636400000000003	0.754714	1.60588	2.79846	3.72959	2.20662	5.263730000000001	3.28873	4.79971	1.6543400000000001	1.05833	5.202369999999999	6.147880000000001	2.8507599999999997	3.3276	1.44099	2.93875	3.5540599999999998	2.2246099999999998	2.93206	4.18235	0.501458	5.89865	0.33916	2.56529	1.66065	3.6083199999999995	1.7471700000000001	3.36796	1.12072e-05	11.3067	5.29571	1.8159900000000002	1.21261	0.47046499999999997	0.33110900000000004	0.620815	1.0713	0.00637242	0.785183	3.68444	2.15537	4.6951	0.984851	1.3082200000000002	3.8214699999999997	13.924000000000001	1.25783	2.3589900000000004	2.32936	5.43783	0.765461	2.19945	0.323117	5.14784e-05	1.09771	0.685825	0.00326673	15.0655	1.9499900000000001	1.88687	0.132029	0.32912600000000003	3.02585	2.81009	2.76106	1.64126	1.13537	0.57708	1.9579799999999998	1.4520600000000001	1.2993	0.0	1.71767	0.350887	1.8548099999999998	0.865561	1.2118799999999998	2.33307	1.6985	0.166245	1.8527099999999999	0.967726	0.024178400000000003	0.311431	0.00348711	2.04786	2.52872	1.9531900000000002	0.0	6.42178	6.0666	4.03527	0.270142	4.2809099999999995	7.47209	1.70807	0.38801199999999997	1.37395	0.33258899999999997	2.99361	1.44977	1.8079900000000002	2.59615	1.11656	4.4177800000000005	1.72242	0.169157	2.09586	6.10116	2.87197	1.0596	6.21545	0.0	3.98461	0.0926007	1.0517	2.9302200000000003	5.87251	4.92828e-10	0.5919840000000001	0.0724138	8.93261	1.1489200000000002	0.636434	1.90325	1.43146	1.12638	1.89535	3.4392300000000002	6.1081900000000005	4.06948	0.14214100000000002	3.40975	1.96467e-08	0.0763642	2.4140099999999998	3.23539	2.99134	1.8480599999999998	4.58816	8.73842	6.682580000000001	4.14841	1.41325	0.693537	3.6828800000000004	3.5875	0.211286	1.86305	3.22474	0.662408	0.0	1.0974899999999999	3.18057	2.25864	9.30004	3.4210800000000003	0.07091130000000001	0.49123199999999995	5.56595	0.169273	2.6318099999999998	2.70011	2.13232	0.807645	2.83776	6.912730000000001	1.0341200000000002	8.70294	2.0409	0.739671	0.0	0.567573	7.64152	4.4754	0.526827	0.371295	4.75988	9.43821	10.5044	0.0	1.96566	2.44156	1.31259	0.35338886381	1.0657695	3.38516	1.391483	2.81437	4.38782	2.213587	1.542335	1.80837	3.54404e-06	1.378145	3.06328	1.214684	1.564165	0.6334194	0.2671148	1.178995	1.858875	0.626420000065	2.223185	1.745646	1.9533475	1.6750595	3.197265	0.8446895	1.999785	3.43793	2.377185	3.89129	2.77911	4.092085	3.04128	1.48906	2.158423	2.012075	2.89757	3.51634	1.828941	1.242729	1.860185	0.7944545	4.381235	3.71595	1.46365	2.06124	1.827568	3.24105	3.918055	2.176955	2.676195	1.857045	3.951485
TP53	TP53-021	0.0	4.45326	1.6909999999999998	3.66974	2.5373200000000002	6.06531	6.50429	7.030289999999999	4.01738	4.2124	1.63042	0.0	6.919580000000001	0.94784	1.10555	0.6470100000000001	1.29661	0.614983	0.879718	0.351106	5.23588	1.33651	3.07693	0.00337273	0.08289400000000001	2.3418900000000002	0.635659	4.25995	0.39548099999999997	0.70975	0.0217414	1.0039799999999999	0.011581399999999999	0.0	0.0	1.65105	0.809459	0.0	0.0	0.588824	1.91317	1.96985	1.23243	3.32491	10.2419	2.53081e-09	0.503272	0.0	0.0	0.0	5.768680000000001	0.0	0.00102733	0.48037299999999994	0.941045	1.53035	0.0	0.680405	2.04929	0.091183	3.03187	0.0	6.868339999999999	0.5915520000000001	3.38789e-07	0.389049	0.986892	0.0	3.1598900000000003	6.152080000000001	1.47514	1.17848	3.61487	1.77869	6.720619999999999	0.186637	0.0	0.267973	2.81067	0.157355	3.9091	0.0	8.615860000000001	1.4369e-06	7.82216	0.0	0.0	0.56145	0.0	0.343531	0.0	0.0	0.533623	1.2549700000000001	0.342638	1.79833	1.9046	1.50088	0.112173	2.80852	0.0	11.3258	5.27206	5.20355	3.3497	3.71611	4.427230000000001	8.202960000000001	0.886174	2.0598099999999997	2.23136	0.709257	1.40298	4.54429	4.93276	4.30696	3.3458699999999997	5.93502e-06	0.14118499999999998	5.8905400000000006	0.000230813	1.84371	3.76298	0.99479	3.05907	3.06495	1.60204	2.35949	2.81265	4.47855	0.148558	6.0201	4.2078	0.0	1.7973400000000002	2.10065	3.9884699999999995	5.42574	3.25768	2.65692	2.58679	1.9434799999999999	3.62885	2.32901	0.6375890000000001	1.9961099999999998	8.595	0.865224	13.2808	0.732299	1.9426400000000001	3.9116800000000005	1.06739	2.58751	3.96265	0.0	7.92747	0.0205645	1.09769	0.000560022	1.72735	0.429913	2.1177599999999996	0.16849	10.7375	0.0	1.9586700000000001	0.723548	1.69555e-05	0.7077260000000001	0.767275	0.231396	1.8996400000000002e-07	0.0847495	7.0574699999999995	1.62789	1.58443	1.9335200000000001	6.8827300000000005	6.707269999999999	13.3473	0.0	2.01907	1.89765	4.5847	0.299834	0.0	0.906775	0.749941	0.773021	1.09083	0.8767520000000001	12.8521	3.18074	2.80868	0.0	0.159288	2.66499	2.2116700000000002	3.83662	1.48957	1.5595	1.31671	1.2831	1.70938	0.662509	0.0850422	1.6689200000000002	3.01183	1.92218	4.7958099999999995	1.43646	1.3692600000000001	1.53646	1.24763e-06	2.59618	1.65573	0.013570500000000001	0.231979	1.23652	0.729049	0.799211	0.651327	0.0	6.57339	8.03963	4.57699	0.9503379999999999	2.66462	1.8804599999999998	0.626279	0.939058	2.7462	0.13429000000000002	0.741456	0.9273170000000001	0.145041	1.79214	1.10934e-05	3.18367	1.30256	2.5265299999999997	1.7785099999999998	6.510269999999999	0.5997560000000001	1.77879	7.77303	0.0	2.9255400000000003	0.0196808	4.0027	6.02161	2.60755	0.0383509	0.510321	3.32536	2.92508	2.20067	4.02855	1.09991	0.545142	0.7858850000000001	2.46232	2.41233	2.85941	2.6785099999999997	6.2236199999999995	4.102580000000001	0.33961199999999997	0.0	2.31826	2.9991	4.89515	0.23989899999999997	3.28628	7.43997	2.9491400000000003	1.55482	0.844615	2.0927700000000002	2.80064	2.2014299999999998	0.0	1.2131100000000001	1.12376	0.013210399999999999	0.0	0.570966	1.62171	1.2513100000000001	5.09144	0.539172	0.0	0.482731	2.78037	0.00282391	1.32212	1.8275599999999999	0.488191	0.0	0.759307	2.21444	0.572962	9.705219999999999	1.3359999999999999	8.501660000000001	0.0	1.47096	4.39515	2.26112	0.0	1.9017099999999998	1.3773	7.12811	16.7817	0.0	1.3341100000000001	2.6042099999999997	1.37486	0.35338886381	1.1040865	2.167395	0.5867665	2.634495	3.81044	3.322785	1.1627125	0.909993	0.0928055395	0.287667	2.77584	0.502221	1.090965	0.0867835	0.611501	0.9420245	3.03986	0.4906175	2.07995	0.851427	1.047961	2.69287	1.683842	0.6886885	1.614525	2.077285	0.6365865	2.31705924	1.4956365	5.21152	1.061605	2.18124	4.70474	0.933054	1.599	2.454265	1.464935	0.546115	1.86435	0.4884925	5.761535	1.987755	1.051473	0.9992115	1.389383235	1.308304	4.253179	1.71076	1.60805	0.4406205	3.2290495
TP53	TP53-025	0.0	0.0	0.0	0.0	0.12947999999999998	0.0159485	0.179426	0.109073	0.0	0.16320199999999999	0.331985	0.0	0.00261134	0.0	0.208581	0.0	0.32277	0.0647206	0.09762230000000001	0.154395	0.0	0.07967669999999999	0.0	0.127469	0.0	0.468942	0.0	0.0	0.0744501	1.0992499999999999e-06	0.0	0.0	0.148009	0.0	0.000172695	0.0	0.0	0.0624568	0.0	0.0	0.062397900000000006	0.10519300000000001	0.0	0.12090699999999999	0.125147	0.0	0.0	0.0	3.36453e-05	0.0	0.154628	3.56798e-06	0.0	0.100507	0.0	0.08307310000000001	0.0	0.0872783	0.0	0.0	0.7899470000000001	0.0	0.282071	0.099355	0.156038	0.199632	0.15963	0.0	0.0	0.189235	0.0756804	0.192754	0.0	0.0	0.19151700000000002	0.0	0.0	0.0	0.0	0.0	0.366902	0.0	0.171263	0.597737	0.10338299999999999	0.0	0.0	0.0	0.0	0.0	0.0	0.0	0.0	0.0	0.0	0.0	0.0	0.155107	0.0	0.0	0.0	1.00405	0.06721669999999999	0.0	0.394948	0.0	0.0	0.640997	0.05274500000000001	0.0	0.0	1.5810899999999998e-05	0.07366160000000001	0.253921	0.125349	0.223489	0.0910794	0.0	0.0	0.23405399999999998	0.0	0.13919600000000001	0.195347	0.155257	0.0772341	0.15124200000000002	0.182347	0.0	0.0	0.382982	0.110471	0.0315291	0.0	0.0008833269999999999	0.082097	0.0	0.058668700000000004	0.0834478	0.0844509	0.196638	0.168797	0.074199	0.0	0.0	0.0562561	0.0879843	0.158237	0.175128	0.440771	0.0	0.183775	0.0	0.0	0.0637181	0.159182	0.0	0.43723199999999995	0.144544	0.293614	0.337915	0.0	0.0	0.0953145	0.0622741	0.0	0.0	0.0	0.0653555	0.11100499999999999	0.0	0.0	0.0656749	0.0	0.0	0.152534	0.0	0.0	0.0	0.23284899999999997	0.377423	0.168501	0.00643573	0.213364	0.0	0.372525	0.0	0.0	0.0939548	0.0	0.0	0.0	0.186637	0.0	0.066416	0.0	3.1353e-06	0.0	0.140306	0.0	0.0	0.0550414	0.0693202	0.07608480000000001	0.245131	0.0	0.274001	0.0	0.0	0.0	0.0	1.24056e-06	0.0	0.0	0.21859800000000001	0.0	0.0519009	0.0504006	0.645008	0.0	0.07709049999999999	0.0	0.28008099999999997	0.0876481	0.0318853	0.23684299999999997	0.277833	0.153309	0.0	0.152099	0.0	0.538114	0.427939	0.22767800000000002	0.0	0.18890099999999999	0.0	0.520458	0.0	0.247571	0.07302639999999999	0.0	0.253918	0.000598008	0.5762649999999999	0.322825	0.0	0.25410900000000003	0.0	0.0	0.0322185	0.0	0.285696	0.269185	0.328423	0.058103499999999995	0.171352	0.0750978	0.0	0.13811400000000001	0.264288	0.144755	0.377406	0.0552159	0.0718635	0.331969	0.145294	0.0	0.362097	0.0	5.1134800000000005e-06	0.0	0.06923710000000001	0.31438	0.289716	0.056731500000000004	0.41476499999999994	0.21096199999999998	0.27784699999999996	0.36214	0.0	0.0671862	0.0471537	0.0	0.0	0.0	0.11664100000000001	0.0	0.0	0.12093	0.0	0.055814800000000005	0.147637	0.0	0.0434667	0.0	0.095509	0.128497	0.13611600000000001	0.0	0.0	0.0	0.182321	0.0	0.23266900000000001	0.0554932	0.0	0.0	0.0	0.0	0.0	0.0	0.0	0.0	0.11710599999999999	0.11961400000000001	0.0	0.257483	0.32324200000000003	0.13239800000000002	0.35338886381	0.0	0.0	0.0	0.1684505	0.0	0.0563135	0.04042435	0.03513315	0.0	0.04527485	0.096098	0.04621305	0.03495915	0.0	0.0744965	0.04594845	0.0	0.0	0.03490675	0.109255	0.0571815	0.054005	0.262158	0.0519985	0.322379	0.187707	0.133684	0.02934505	0.1457505	0.0284681	0.1733585	0.171116	0.0352402	0.118158	0.08113585	0.0337927	0.04193555	0.0	0.0	0.2086225	0.056973	0.15472815	0.1114685	0.0545355	0.05654055	0.02787985	0.03829925	0.1061785	0.0	0.1258113	0.0594765
TP53	TP53-029	0.10641099999999999	0.037447	0.07922639999999999	0.0	0.0437094	0.120493	0.0842403	0.05356230000000001	0.0895797	0.135382	0.06524680000000001	0.0	0.08021289999999999	0.0161111	0.0282012	0.0566523	0.106977	0.715367	0.040035400000000006	0.028027	0.12551199999999998	0.10673800000000001	0.045684300000000004	0.028756999999999998	0.0144182	0.16481800000000002	0.0	0.057161199999999995	0.0212123	0.16094	0.0	0.019400900000000002	0.016476400000000002	0.012692100000000001	0.07736160000000002	0.0	0.0596599	0.0	0.0	0.0	0.0	0.0230737	0.12299700000000001	0.167964	0.270956	0.0	0.09494910000000001	0.0	0.0491359	0.10056699999999999	0.12214000000000001	0.0	0.0	0.013259299999999998	0.0406463	0.0353587	0.0	0.0280505	0.0	0.0286971	0.0	0.186378	0.335474	0.0418556	0.0205487	0.0	0.10561500000000001	0.0	0.0917111	0.1501	0.0799548	0.09240269999999999	0.0415907	0.0	0.06455219999999999	0.0	0.264061	0.028523400000000004	0.0	0.0	0.041081	0.0	0.22948400000000002	0.0	0.26469299999999996	0.0	0.0	0.0	0.010409999999999999	0.016016	0.0	0.0	0.0168227	0.0	0.032464599999999996	0.411606	0.0	0.05781519999999999	0.0224548	0.04624930000000001	0.0232347	0.353277	0.0563316	0.0	0.030726299999999998	0.11716900000000001	0.06468600000000001	0.054571100000000004	0.0773302	0.358061	0.019882	0.0	0.0398897	0.0422929	0.08005880000000001	0.0662184	0.0508716	0.0218548	0.0	0.426637	0.0124422	0.020931099999999998	0.244331	0.0748527	0.150284	0.0410089	0.029388499999999998	0.0239386	0.05884880000000001	0.15196600000000002	0.17010699999999998	0.0	0.132684	0.0	0.138398	0.0	0.0628741	0.205857	0.140485	0.133947	0.0492168	0.0949439	0.137843	0.062104099999999995	0.0608009	0.167129	0.158915	0.051903099999999994	0.167457	0.0541057	0.11392200000000001	0.23948899999999998	0.0634568	0.06716489999999999	0.147036	0.0159602	0.19934000000000002	0.07761289999999998	0.08633289999999999	0.12053900000000001	0.0611029	0.21406	0.11813699999999999	0.0172011	0.264316	0.0	0.10585699999999999	0.0169987	0.015419899999999999	0.0506041	0.0831193	0.012874600000000002	0.012772200000000001	0.07963049999999999	0.0709506	0.09393889999999999	0.106151	0.0253326	0.313322	0.40833	0.07247239999999999	0.0809169	0.105198	0.07646010000000002	0.21620100000000003	0.0	0.140271	0.21364	0.0	0.0367354	0.0437035	0.0249875	0.374634	0.465733	0.096072	0.0387494	0.0288467	0.25229	0.133871	0.07426210000000001	0.014136700000000002	0.0	0.016589	0.0968424	0.0172299	0.050785699999999996	0.282951	0.0443298	0.0	0.0624605	0.06638630000000001	0.06285990000000001	0.021249	0.0758409	0.016325799999999998	0.0342539	0.0	0.0538606	0.017078700000000002	0.0450339	0.0605078	0.057521699999999995	0.0303437	0.0	0.180127	0.260175	0.0691848	0.0181336	0.149033	0.13233399999999998	0.0390186	0.0	0.0712958	0.019167	0.0	0.0434647	0.022537900000000003	0.0229458	0.194731	0.178325	0.08721439999999998	0.15225999999999998	0.0965672	0.0902487	0.0361288	0.08397400000000001	0.24984	0.0794591	0.0935553	0.0123095	0.0896536	0.19397999999999999	0.0778543	0.0622759	0.114321	0.0218346	0.033949599999999996	0.0459298	0.028811700000000003	0.0397832	0.106271	0.158458	0.0645794	0.0	0.0729952	0.20974299999999999	0.123964	0.0884663	0.0448614	0.0121853	0.0206201	0.06984080000000001	0.0562991	0.11684000000000001	0.174723	0.5050100000000001	0.08279910000000001	0.0332885	0.026396499999999996	0.013324	0.140329	0.0485398	0.010097799999999999	0.0194482	0.0735998	0.0	0.0	0.0223252	0.09234389999999999	0.08672239999999999	0.190652	0.0519139	0.017816099999999998	0.0	0.029295099999999998	0.0	0.017686	0.0467579	0.366568	0.0605779	0.130181	0.311778	0.0	0.03994330000000001	0.053373199999999996	0.127877	0.0	0.0	0.0709918	0.013276499999999998	0.0	0.0281248	0.0374997	0.149095	0.11530399999999999	0.0	0.020465	0.09329660000000001	0.052339699999999996	0.35338886381	0.08950875	0.062303	0.0844063	0.156988	0.127949	0.09028165	0.03608695	0.03788915	0.0065073	0.073032	0.1078095	0.03125915	0.05028625	0.0354486	0.0123191	0.022882	0.0214726	0.02330175	0.04028175	0.0301662	0.0630453	0.03198635	0.08407165	0.13809195	0.06333935	0.1103427	0.1051527	0.05390065	0.02651145	0.1163357	0.0406117	0.0607711	0.0506932	0.04007415	0.09621435	0.0544205	0.0461725	0.096857	0.10453445	0.02666495	0.0357179	0.0827629	0.0485606	0.04237295	0.1192809	0.05374045	0.1337713	0.0424827	0.0640525	0.0526065	0.0676071
FLG	FLG-001	0.0	0.0148218	0.00954916	0.00522796	0.09565850000000001	0.0525669	0.0	0.0	0.0	0.025667400000000003	0.00729178	0.0	0.00455583	0.0	0.0012799	0.016586	0.010131600000000001	0.00131597	0.00117157	0.0136476	0.00156298	0.0183715	0.0204497	0.00151075	0.00319023	0.113408	0.0	0.0330523	0.0	0.0	0.0	0.0067062	0.0	0.00618337	0.0	0.1249	0.016616299999999997	0.0	0.0	0.00181578	0.00279713	0.0156916	0.0	0.0	0.39085	0.00892682	0.0	0.0	0.00166048	0.0	0.00545621	0.00101802	0.0	0.00138289	0.0354128	0.0236106	0.0	0.0	0.016693700000000002	0.0	0.0	0.0	0.0	0.00563008	0.00216249	0.00778185	0.00146401	0.0163626	0.0452899	0.037036	0.0	0.00805959	0.00152453	0.00807444	0.0287046	0.0	0.0	0.0	0.0	0.0	0.00173431	0.00389466	0.23646799999999998	0.0193708	0.04632940000000001	0.0	0.0	0.00152779	0.00144705	0.00313618	0.0	0.0	0.00331159	0.0	0.0061481999999999995	0.08059989999999999	0.015910900000000002	0.08929060000000001	0.00272474	0.0029324999999999998	0.0	0.00236193	0.00598643	0.0737364	0.0622798	0.0090399	0.00385168	0.00351145	0.00364846	0.0	0.00144128	0.0	0.0	0.0	0.0	0.027116200000000003	0.0182821	0.00634442	0.0	0.0458832	0.0	0.00465143	0.00528244	0.0	0.0114137	0.0652904	0.018311900000000002	0.00386921	0.010706799999999999	0.00170638	0.00363498	0.0306545	0.0195114	0.0	0.130732	0.00796352	0.036894300000000005	0.148162	0.011327	0.00512562	0.022324700000000003	0.0177148	0.00192942	0.0701308	0.0	0.0	0.0399425	0.00480275	0.010801700000000001	0.0199782	0.00160887	0.0017033	0.0	0.012963299999999999	0.0294275	0.0362155	0.121305	0.021348	0.00808251	0.0264077	0.0	0.00164211	0.513721	0.016451900000000002	0.028462099999999997	0.0311911	0.00195033	0.00158429	0.00325348	0.0	0.0	0.0	0.00239961	0.0	0.00838888	0.0	0.0244683	0.00509901	0.00243724	0.00882591	0.0861958	0.19328399999999998	0.0754886	0.00330003	0.33831700000000003	0.0028747	0.00505376	0.00128718	0.0	0.00800897	0.0	0.0015888	0.11758699999999998	0.00114471	0.0544101	0.00127708	0.011395200000000001	0.0485509	0.00159106	0.0204268	0.00118797	0.0461645	0.024696400000000004	0.00405779	0.0	0.011315299999999999	0.0	0.00739798	0.191987	0.0	0.0174852	0.00263115	0.0	0.0173922	0.0029335999999999997	0.0124723	0.0	0.00535053	0.00138889	0.0030276	0.00133912	0.058006100000000005	0.00150126	0.0	0.209525	0.038058999999999996	0.00326725	0.0	0.0	0.034723199999999996	0.00341143	0.0052847	0.0106312	0.0182428	0.0432718	0.0	0.109161	0.014540899999999999	0.0	0.00627631	0.00532391	0.00836411	0.018296200000000002	0.0479023	0.00160145	0.00770971	0.00727357	0.0	0.00634375	0.00883376	0.0192128	0.019304400000000003	0.029171600000000002	0.00633907	0.00623927	0.053232100000000004	0.0	0.0274718	0.00365186	0.0026989	0.0123387	0.032115899999999996	0.0	0.22355799999999998	0.00672699	0.139228	0.013877100000000002	0.00699993	0.0	0.00268	0.0109565	0.0211192	0.04271269999999999	0.0016194000000000002	0.00783272	0.0436149	0.115882	0.00689677	0.0	0.00125717	0.023492	0.0323239	0.0	0.00159772	0.0	0.0	0.0	0.0	0.0438587	0.00134294	0.00206576	0.0	0.0	0.0	0.0487463	0.0	0.0	0.0	0.00576445	0.00127872	0.0241175	0.0195272	0.00893942	0.341652	0.00552921	0.139146	0.0	0.00600921	0.174335	0.0316622	0.00826154	0.0152954	0.00161662	0.23331999999999997	0.0982813	0.0	0.23120700000000002	0.0286126	0.138562	0.35338886381	0.00166721	0.012700775	0.0	0.00593214	0.0	0.008012645	0.0405515	0.01470805	0.0	0.003733705	0.002745465	0.01465752	0.00296086	0.00071714	0.003776525	0.00368819	0.000609085	0.0	0.004988755	0.00116705	0.00333866	0.018798395	0.05741935	0.001658455	0.00365034	0.03683413	0.05223755	0.06879658	0.002497845	0.0210574	0.000675205	0.0338009	0.15395075	0.00684069	0.00403774	0.0874969	0.012696085	0.00839868	0.02018416	0.011001745	0.00359549	0.010879885	0.00136901	0.001921005	0.0056009	0.00848248	0.02127515	0.019008625	0.005679275	0.00506585	0.01354066
LCE1C	LCE1C-002	0.0	0.296956	0.0	0.0	0.0	0.0	0.0	0.0	0.0	0.0	0.0	0.0	0.0	0.0	0.0	0.0	0.0	0.0	0.0	0.0	0.0	0.0	0.0	0.0	0.0	0.0	0.0	0.0	0.0	0.0	0.0	0.0	0.0	0.0	0.0	0.0	0.0	0.0	0.0	0.0	0.0	0.0	0.0	0.0	0.0	0.0	0.0	0.0	0.0	0.0	0.0	0.0	0.0	0.0	0.0	0.0	0.0	0.0	0.0	0.0	0.0	0.0	0.0	0.0	0.0	0.0	0.0	0.0	0.0	0.0	0.0	0.0	0.0	0.0	0.0	0.0	0.0	0.0	0.0	0.0	0.0	0.0	0.0	0.0	0.148444	0.0	0.0	0.0	0.0	0.0	0.0	0.0	0.0	0.0	0.0	1.30968	0.0	0.0	0.0	0.0	0.0	0.0	0.0	0.0	0.0	0.0	0.0	0.0	0.0	0.0	0.0	0.0	0.0	0.0	0.0	0.0	0.0	0.0	0.0	0.0	0.0	0.0	0.0	0.0	0.0	0.358183	0.0	0.0	0.0	0.0	0.0	0.0	0.0	0.0	0.0	0.0	0.0	0.0	0.0	0.0	0.0	0.0	0.0	0.0	0.0	0.0	0.0	3.6966900000000003	5.15204	0.0	0.0	0.0	0.0	0.0	0.0	0.0	0.0	0.0	0.0	0.0	0.0	0.323569	0.0	0.0	0.0	0.0	0.0	0.0	0.0	0.0	0.0	0.0	0.0	0.0	0.0	0.0	0.0	0.0	0.0	0.0	0.0	0.0	0.0	0.0	0.0	0.0	0.0	0.0	0.0	0.0	0.0	0.0	0.0	0.0	0.0	0.0	0.0	0.0	0.0	0.0	0.253223	0.0	0.0	0.0	0.0	0.0	0.0	0.0	0.0	0.0	0.0	0.0	0.0	0.0	0.0	0.0	0.0	0.0	0.0	0.0	0.0	0.060264099999999994	0.0	0.0	0.996916	0.0	0.0	0.0	0.0	0.0	0.0	0.0	0.0	0.0	0.0	0.0	0.0	0.0	0.0	0.0	0.0	0.0	0.0	0.0	0.0	0.0	0.0	0.0	0.38105300000000003	0.0	0.0	0.0	0.0	0.0	0.0	0.0	0.0	0.0	0.0	0.0	0.0	0.0	0.0	0.0	0.0	0.0	0.0	0.0	0.0	0.0	0.381952	0.0	0.0	0.0	0.0	0.0	0.0	0.0	0.0	0.0	0.0	0.0	0.0	0.0	0.0	0.0	0.0	0.0	0.0	0.0	0.0	0.0	0.0	0.0	0.0	0.0	0.0	0.0	0.578956	0.0	0.0	0.0	0.0	0.0	0.0	0.0	0.0	0.0	0.0	0.0	0.0	0.0	0.396047	0.0	0.0	0.0	0.297415	0.0	0.0	0.35338886381	0.0	0.0	0.0	0.0	0.0	0.0	0.0	0.0	0.0	0.0	0.0	0.0	0.0	0.0	0.0	0.1327745	0.0	0.0	0.0	0.0	0.0	0.0	0.0	0.0	0.0	0.0	0.0	0.0	0.0	0.0	0.0	0.0	0.0	0.0	0.0	0.0	0.0	0.0	0.0	0.0	0.0	0.0	0.0	0.0	0.0	0.0	0.0	0.0	0.0	0.0	0.0
LCE1C	LCE1C-001	0.0	0.0381239	0.0	0.0	0.0	0.043402699999999995	0.0	0.0	0.0	0.0	0.0	0.0	0.0	0.07362250000000001	0.0	0.0	0.10784200000000001	0.0	0.061323800000000005	0.0	0.0	0.0	0.0	0.0	0.0	0.0	0.0	0.0	0.039554	0.0	0.0	0.0	0.0	0.0	0.0	0.0	0.0	0.0	0.0	0.0	0.0357654	0.0	0.0	0.0	0.0	0.42234099999999997	0.0	0.0	0.0	0.0	0.0	0.152285	0.0	0.0	0.0	0.0198667	0.0	0.0	0.0	0.0	0.0	0.0	0.0	0.0	0.0	0.0	0.0	0.0	0.0	0.0	0.0	0.0	0.0	0.0	0.0	0.0	0.0	0.0	0.0	0.0	0.0	0.0	0.0	0.27578400000000003	0.0	0.0	0.0	0.0	0.0	0.0	0.0	0.0	0.0	0.0	0.0	0.0	0.0	0.0	0.0337806	0.0	0.0	0.384098	0.0	0.0	0.0	0.0	0.0	0.0	0.0	0.0	0.0	0.0	0.0	0.0	0.0	0.0	0.0	0.0	0.0	0.04636219999999999	0.0	0.0	0.0	0.0	0.0	0.0865013	0.0	0.0	0.0	0.0	0.0	0.0	0.0	0.07152380000000001	0.0	0.151078	0.0	0.0	0.0	0.0	0.0	0.0	0.0507892	0.0	0.0	0.0	0.0	2.4603599999999997	7.7385399999999995	0.0	0.0	0.0	0.0	0.0	0.0	0.0	0.0	0.0	0.0	0.0	0.0	0.0	0.0	0.036970800000000005	0.0831166	0.0	0.0	0.0	0.0	0.0	0.0	0.0	0.028739499999999998	0.0	0.442734	0.0	0.0	0.0	0.0	0.0	0.045397	0.0	0.0	0.0	0.0	0.0	0.0	0.0	0.0	0.0	0.0	0.0	0.0	0.0	0.0	0.0	0.0	0.0	0.0	0.09522489999999999	0.11884700000000001	0.0	0.0	0.0	0.0	0.46706000000000003	0.150078	0.0	0.0	0.0	0.0	0.0	0.045799099999999995	0.0	0.0	0.0	0.0	0.0	0.0	0.0	0.07339010000000001	0.31676	0.0	0.028103700000000002	0.050016399999999996	0.0	0.0	0.0	0.0	0.0	0.0	0.028634899999999998	0.0	0.0	0.0	0.0	0.081102	0.0	0.0	0.0	0.0	0.0	0.0	0.0	0.0	0.04359280000000001	0.0	0.0	0.0	0.0	0.0	0.0	0.0	0.0	0.0	0.0	0.0	0.0	0.0	0.0	0.0	0.0872851	0.0	0.0	0.0	0.0	0.0	0.0	0.0	0.0	0.044491199999999995	0.0	0.0	0.0	0.0	0.0	0.0	0.0	0.0	0.0	0.0	0.0	0.0	0.0	0.0539006	0.0	0.0	0.0	0.0381	0.0	0.0	0.032831	0.0	0.0	0.0322812	0.0	0.0	0.0	1.0541399999999999	0.101077	0.0	0.0	0.0	0.0	0.0	0.0	0.0	0.0	0.474371	0.0	0.0	0.0438085	0.0426735	0.0	0.465633	0.0	0.0337832	0.0369454	0.0	0.35338886381	0.0	0.0	0.0	0.0	0.0	0.0	0.0	0.0	0.0	0.0	0.0	0.0	0.0	0.01897555	0.03646075	0.0277276	0.0	0.0	0.0	0.0	0.0	0.0	0.0	0.0	0.0	0.0	0.0	0.0	0.0	0.1647545	0.0	0.01913555	0.0	0.0	0.0	0.0	0.0	0.0133288	0.0	0.0	0.0	0.178914	0.0	0.0	0.0	0.0	0.0	0.0	0.0	0.0	0.0
LCE1B	LCE1B-001	0.0	0.0	0.0	0.0	0.0	0.0	0.0	0.0	0.0	0.0	0.0	0.0	0.0	0.0189205	0.0	0.0	0.0	0.0	0.0	0.0	0.0	0.0	0.020583900000000002	0.0	0.0	0.0	0.0	0.0	0.0	0.0	0.0	0.0	0.0	0.0	0.0	0.0	0.0	0.0	0.0	0.0	0.018750599999999996	0.0	0.0	0.0	0.0	0.0	0.0	0.0	0.0	0.0	0.0	0.012928799999999999	0.0	0.0	0.0	0.0	0.0	0.0	0.0	0.0	0.0	0.0	0.0	0.0	0.0	0.0	0.0	0.0	0.0	0.0	0.0	0.0	0.0	0.0	0.0	0.0	0.0	0.0	0.0	0.0	0.0	0.0	0.0260221	0.0	0.0	0.0	0.0	0.0	0.0	0.0	0.0	0.0	0.0	0.0	0.0	0.0	0.0	0.0	0.034541699999999995	0.0	0.0	0.0595823	0.0	0.0	0.0	0.0	0.0	0.0	0.0	0.0	0.0	0.0	0.0	0.0	0.0	0.0	0.0	0.0	0.0	0.0	0.0	0.0	0.0	0.0	0.0	0.0222633	0.0	0.0	0.0	0.0	0.0	0.0178062	0.0	0.018200900000000002	0.0	0.0	0.0	0.0	0.0	0.0	0.0	0.0	0.05229980000000001	0.0	0.0	0.0	0.0	0.871224	0.0991977	0.0	0.0	0.0226505	0.0	0.0	0.0	0.0	0.0	0.0	0.0	0.0	0.0	0.0	0.0	0.0197826	0.041515300000000005	0.0	0.0	0.0	0.0	0.0	0.0	0.0	0.0	0.0	0.266867	0.0	0.0200046	0.0	0.0	0.0	0.024615099999999997	0.0	0.0	0.0	0.0	0.0	0.0	0.0	0.0	0.021088299999999997	0.0	0.0	0.0	0.0	0.0	0.0	0.0	0.0188908	0.0	0.0	0.0790223	0.0	0.0	0.0	0.0189096	0.0330052	0.0	0.0592592	0.0	0.0	0.0	0.0	0.0	0.0	0.0	0.0	0.0	0.0	0.0	0.0	0.0	0.0422858	0.0	0.0143738	0.049496	0.0	0.0	0.0	0.0	0.0	0.0	0.0	0.0	0.0	0.0	0.0	0.0	0.0	0.0	0.0	0.0	0.0	0.0	0.0	0.0	0.0	0.0	0.0	0.0425168	0.0	0.0	0.0	0.0	0.0	0.0	0.0	0.0	0.0	0.0	0.0	0.0	0.0	0.0	0.0	0.0	0.0	0.0	0.0	0.0	0.0	0.0	0.0	0.0	0.0	0.0	0.0	0.0	0.0	0.0	0.016619599999999998	0.0	0.0	0.0	0.0	0.0	0.0	0.0	0.0	0.0	0.0	0.0	0.0967928	0.0	0.0	0.0159892	0.0	0.0	0.0	0.417304	0.0	0.0	0.0	0.0	0.0	0.0	0.0	0.0	0.0	0.022900599999999997	0.0152096	0.0	0.0	0.0	0.0	0.12213099999999999	0.0	0.0	0.0	0.0	0.35338886381	0.02672915	0.0	0.0	0.0	0.0	0.0	0.0	0.0	0.0	0.0	0.0	0.0	0.0	0.009278	0.0	0.00686965	0.0	0.0	0.0	0.0	0.00631745	0.0	0.0	0.006955	0.0	0.0068346	0.0	0.0	0.0	0.061717	0.0	0.02697815	0.0	0.0	0.0	0.0	0.0	0.0	0.0	0.0	0.0	0.0	0.0	0.0	0.0	0.0	0.0	0.0	0.0	0.0	0.0184401
LCE1F	LCE1F-001	0.0	0.0	0.0	0.0	0.0	0.10839000000000001	0.0	0.0	0.0	0.0	0.0	0.0	0.0	0.0	0.0	0.0	0.41551099999999996	0.0	0.0	0.0	0.0	0.0	0.0	0.0	0.0	0.0	0.0	0.0	0.0	0.0	0.0	0.0	0.0	0.0	0.0	0.0	0.0	0.0	0.0	0.0	0.0	0.0	0.0	0.0	0.0	0.0	0.0	0.0	0.0	0.0	0.0	0.243182	0.0	0.0	0.0	0.0	0.0	0.0	0.0	0.0	0.0	0.0	0.0	0.0	0.0	0.0	0.0	0.0	0.0	0.0	0.0	0.0	0.0	0.0	0.0	0.0	0.0	0.0	0.0	0.0	0.0	0.0	0.0	5.94534	0.0	0.0	0.0	0.0	0.0	0.0	0.0	0.0	0.0	0.0	0.0	0.0	0.0	0.0	0.0	0.0	0.0	0.13391	0.0	0.0	0.0	0.0	0.0	0.0	0.0	0.0	0.0	0.0	0.0	0.0	0.0	0.0	0.0	0.0	0.0	0.0	0.0	0.0	0.0	0.0	0.0	0.0	0.0	0.0	0.0	0.0	0.0	0.0	0.0	1.63337	0.0	0.0	0.0	0.0	0.0	0.0	0.0	0.11553900000000002	0.0	0.0	0.0	0.0	0.0	0.09912560000000001	0.48056499999999996	0.0	0.0	0.0	0.0	0.0	0.0	0.0	0.0	0.0	0.0	1.5883200000000002	0.0	0.10726400000000001	0.0	0.0	0.0	0.0	0.0	0.0	0.0	0.0	0.0	0.0	0.0	0.0	0.9043979999999999	0.0705065	0.0	0.0	0.0	0.0	0.0	0.0	0.0	0.0	0.0	0.0	0.0	0.0	0.0	0.0	0.0	0.0	0.0	0.0	0.0	0.0	0.0	0.0	0.0937745	0.0	0.0	0.0	0.0	0.0	0.0	0.199295	0.0	0.0	0.0	0.0	0.0	0.0	0.0	0.0	0.0	0.0	0.0	0.0	0.0	0.0	0.0	0.0	0.0	0.5865100000000001	0.149326	0.0	0.0	0.0	0.0	0.0	0.0	0.0	0.0	0.0	0.0	0.0	0.499554	0.0	0.0	0.581425	0.0	0.0	0.0	0.0	0.0	0.136156	0.0	0.278219	0.39329400000000003	0.0	0.126248	0.0	0.0	0.0	0.0	0.0	0.0	0.0	0.0	0.0	0.0	0.124849	0.0	0.0	0.0	0.0	0.0	0.159922	0.0	0.0	0.533709	0.0	0.0	0.0	0.0	0.0	0.0	0.0	0.0	0.0	0.0	0.0	0.0	0.0	0.0	0.113096	0.0	0.0	0.0	0.0	0.0	0.0	0.0	0.0	0.0	0.0	0.0	0.0	0.676932	0.0	0.0	0.0	0.0	0.0	0.0	0.0	0.0	0.0	0.112607	0.0	0.0	0.671235	0.0	0.0	0.201378	0.101869	0.0	0.575746	0.0	0.35338886381	0.0	0.0	0.0	0.0	0.0	0.0	0.0	0.0	0.0	0.0	0.0	0.0	0.0	0.0458538	0.0	0.0	0.0	0.0	0.0	0.0	0.0	0.0	0.0	0.0	0.0	0.0317031	0.0	0.0	0.0	0.0	0.0	0.124082	0.0	0.0	0.0	0.0	0.0	0.0	0.0	0.0	0.0	0.0	0.0	0.0	0.126446	0.0	0.0	0.0	0.0	0.0	0.0
LCE1D	LCE1D-001	0.0	0.0	0.0	0.0	0.0	0.0	0.0	0.0	0.0	0.0	0.0	0.0	0.0	0.0	0.0	0.0	0.0	0.0	0.0	0.0	0.0	0.0	0.0	0.0	0.0	0.0	0.0	0.0	0.0	0.0	0.0	0.0	0.0	0.0	0.0	0.0	0.0	0.0	0.0	0.0	0.0	0.0	0.0	0.0	0.0	0.0	0.0	0.0	0.0	0.0	0.0	0.0	0.0	0.0	0.0	0.0	0.0	0.0	0.0	0.06805889999999999	0.0	0.0	0.0	0.0	0.0	0.0	0.0	0.0	0.0	0.0	0.0	0.0	0.0	0.0	0.0	0.0	0.0	0.0	0.0	0.0	0.0	0.0	0.0	0.0	0.0	0.0	0.0	0.0	0.0	0.0	0.0	0.0	0.0	0.0	0.0	0.0	0.0	0.0	0.0	0.0	0.0	0.19481400000000001	0.0	0.0	0.0	0.0	0.0	0.0	0.0	0.0	0.0	0.0	0.0	0.0	0.0	0.0	0.0	0.0	0.0	0.0	0.0	0.0	0.0	0.0	0.0	0.0	0.0	0.0	0.0	0.0	0.0	0.0	0.0	0.0	0.0	0.0	0.0	0.0	0.0	0.0	0.0	0.0	0.0	0.0	0.0	0.0	0.0	0.0482407	0.0947206	0.0	0.0	0.0	0.0	0.0	0.0	0.0	0.0	0.0	0.0	0.0	0.0	0.0	0.0	0.0	0.0742277	0.0	0.0	0.0	0.0	0.0	0.0	0.0	0.0	0.0	0.0	0.0	0.0639947	0.0	0.0	0.0	0.0	0.0	0.0	0.0	0.0	0.0	0.0	0.0	0.0	0.0	0.0	0.0	0.0	0.0	0.0	0.0	0.0	0.0	0.0	0.0	0.0	0.0	0.0	0.0	0.0	0.0	0.0	0.0	0.0	0.0	0.0	0.0	0.0	0.0	0.0	0.0	0.0	0.0	0.0	0.0	0.0	0.0	0.0	0.0	0.0	0.0	0.0	0.0	0.0	0.0	0.0	0.0	0.0	0.0	0.0	0.0	0.07719680000000001	0.0	0.0	0.0	0.0	0.0	0.0	0.0	0.0	0.0	0.0	0.0	0.084537	0.0	0.0	0.0	0.0	0.0	0.0	0.0	0.0	0.0	0.0	0.0	0.0	0.0	0.0	0.0	0.0	0.0	0.0	0.0	0.0	0.0	0.0	0.0	0.0	0.0	0.0	0.0	0.0	0.0	0.0	0.0	0.0	0.0	0.0	0.0	0.0	0.0	0.0	0.0	0.0	0.0	0.0	0.00200653	0.0	0.0	0.0	0.0	0.0	0.0	0.0	0.0	0.0	0.0	0.0	0.27351	0.0	0.0	0.0	0.0	0.0	0.0	0.0	0.0	0.0	0.0	0.0	0.0	0.0	0.0	0.0	0.35338886381	0.0	0.0	0.0	0.0	0.0	0.0	0.0	0.0	0.0	0.0	0.0	0.0	0.0	0.0	0.0	0.0	0.0	0.0	0.0	0.0	0.0	0.0	0.0	0.0	0.0	0.0	0.0	0.0	0.0	0.050994	0.0	0.0	0.0	0.0	0.0	0.0	0.0	0.0	0.0	0.0	0.0	0.0	0.0	0.0	0.0	0.0	0.0	0.0	0.0	0.0	0.0
LCE1A	LCE1A-001	0.0	0.0	0.0	0.0	0.0	0.0	0.0	0.0	0.0	0.0	0.0	0.0	0.0	0.0	0.0	0.0	0.0	0.0	0.0	0.0	0.0	0.0	0.0	0.0	0.0	0.0	0.0	0.0	0.0	0.0	0.0	0.0	0.0	0.0	0.0	0.0	0.0	0.0	0.0	0.0	0.0	0.0	0.0	0.0	0.0	0.0	0.0	0.0	0.0	0.0	0.0	0.0	0.0	0.0	0.0	0.0	0.0	0.0	0.0	0.0	0.0	0.0	0.0	0.0	0.0	0.0	0.0	0.0	0.0	0.0	0.0	0.0	0.0	0.0	0.0	0.0	0.0	0.0	0.0	0.0	0.0	0.0	0.0	0.0	0.0	0.0	0.0	0.0	0.0	0.0	0.0	0.0	0.0	0.0	0.0	0.0	0.0	0.0	0.0	0.0	0.0	0.0	0.0	0.0	0.0	0.0	0.0	0.0	0.0	0.0	0.0	0.0	0.0	0.0	0.0	0.0	0.0	0.0	0.0	0.0	0.0	0.0	0.0	0.0	0.0	0.0	0.0	0.0	0.0	0.0	0.0	0.0	0.0	0.0	0.0	0.0	0.0	0.0	0.0	0.0	0.0	0.0	0.0	0.0	0.0	0.0	0.0	0.0	0.0	0.0	0.0	0.0	0.0	0.0	0.0	0.0	0.0	0.0	0.0	0.0	0.0	0.0	0.0	0.069802	0.0	0.0	0.0	0.0	0.0	0.0	0.0	0.0	0.0	0.0	0.0839883	0.0	0.0	0.0	0.0	0.0	0.0	0.0	0.0	0.0	0.0	0.0	0.0	0.0	0.0	0.0	0.0	0.0	0.08217519999999999	0.0	0.0	0.0	0.0	0.0	0.0	0.0	0.0	0.0	0.0	0.0	0.0	0.0	0.0	0.0	0.0	0.0	0.0	0.0	0.0	0.0	0.0	0.0	0.0	0.0	0.0	0.0	0.0	0.0	0.0	0.0	0.0	0.0	0.0	0.0	0.0	0.0	0.0	0.0	0.0	0.0	0.0	0.0	0.0815551	0.0	0.0	0.0	0.0	0.0	0.0	0.0	0.0	0.0971018	0.0	0.0	0.178384	0.0	0.0	0.0	0.0	0.0	0.0	0.0	0.0	0.0	0.0	0.0	0.0	0.0	0.0	0.0	0.0	0.0	0.0	0.0	0.0	0.0	0.191494	0.0	0.0	0.0	0.0	0.0	0.0	0.0	0.0	0.0	0.0	0.0	0.0	0.0	0.0	0.0	0.0	0.0	0.0	0.0	0.0	0.0	0.0	0.0	0.0	0.0	0.0	0.0	0.0	0.0	0.0	0.0	0.0	0.0	0.0	0.0	0.0	0.0	0.0	0.0	0.0	0.0	0.0	0.0	0.0	0.0	0.0	0.0	0.0	0.35338886381	0.0	0.0	0.0	0.0	0.0	0.0	0.0	0.0	0.0	0.0	0.0	0.0	0.0	0.0	0.0	0.0	0.0	0.0	0.0	0.0	0.0	0.0	0.0	0.0	0.0	0.0	0.0	0.0	0.0	0.0	0.0	0.0861155	0.0	0.0	0.0	0.0	0.0	0.0	0.0	0.0	0.0	0.0	0.0	0.0	0.0	0.0	0.0	0.0	0.0	0.0	0.0
