index	Transcript	AB3D	AB3C	AB3B	AB3A	AB37	AB36	AB35	AB32	AB30	AB2Z	AB2X	AB2W	AB2V	AB2T	AB2S	AB2Q	AB2P	AB2O	AB2L	AB2J	AB2H	AB2G	AB2F	AB2E	AATS	AAPG	AAPF	AAAQ	AA9N	AA8C	AA8B	A9VC	A9QH	A9I3	A9I1	A9I0	A9HZ	A9HY	A9HX	A9HV	A9HU	A9HT	A9HS	A9HR	A9HQ	A9HP	A9HO	A9HL	A9HJ	A9HI	A9GB	A973	A971	A95T	A8YX	A8Y0	A8XZ	A8XY	A8XX	A8XT	A8XS	A8XQ	A8XO	A8VH	A8VG	A8VF	A8VD	A8VB	A8TR	A8OO	A8JL	A8JK	A8JB	A8C7	A8C6	A8C5	A8C4	A8C3	A8C2	A8BZ	A8BX	A8BV	A8BU	A8BT	A8BS	A8BR	A8BQ	A8BP	A8BO	A8BN	A8BM	A8BL	A8BK	A8BJ	A8BH	A8BG	A850	A849	A80G	A7WD	A7WC	A7WB	A7WA	A7W8	A7EU	A7ET	A7ES	A7ER	A7EQ	A7EO	A7EN	A7EM	A7EL	A7EI	A7EF	A7B5	A76Y	A75J	A71Q	A71P	A6Z7	A6Z4	A6Z2	A6Z0	A6YZ	A6YX	A6YV	A6YU	A6YT	A6YS	A6YR	A6YQ	A6RV	A6RU	A6RT	A6QU	A6QT	A6IA	A6FX	A6BZ	A6BH	A6BG	A6BF	A6BE	A6BB	A6BA	A6B9	A6B8	A6B7	A68Q	A68J	A68H	A67I	A5YA	A5Y9	A5Y8	A5W3	A5VF	A5VE	A5VD	A5VC	A5VB	A5VA	A5V9	A5V2	A5QU	A5QT	A5QS	A5NA	A5N9	A5N8	A5N7	A5DP	A5DO	A5DN	A5DM	A5DL	A5DK	A4EK	A4EJ	A4EI	A4EH	A4AK	A4AJ	A48U	A48R	A48P	A48O	A48N	A48L	A48K	A48J	A48G	A47R	A47P	A43Z	A42W	A41W	A3YV	A3UF	A3UE	A3UD	A3UC	A3UB	A3UA	A3U9	A3U8	A3U7	A3U6	A3U5	A3TO	A3RQ	A3RE	A3OV	A3NK	A3NJ	A3M6	A3M5	A3M4	A3M2	A3M1	A3LY	A3LW	A3LU	A3LT	A3LS	A3L4	A3KA	A3K8	A3K7	A3K6	A2OT	A2J4	A2J1	A2J0	A2IZ	A240	A23Z	A23Y	A23V	A23U	A23T	A23R	A1L4	A1L3	A1L2	A1L1	A1L0	A1KZ	A1KY	A1KX	A1KW	A1KU	A80J	A71O	A42X	A3PO	A3PN	A2QS
TP53	TP53-001	4.15216	1.4007	13.7713	4.67697	1.1269	14.8952	4.82996	5.327380000000001	22.891	2.46405	6.85681	0.806763	2.22729	5.96857	8.69545	1.82797	2.26613	0.860369	3.65297	15.5116	15.8358	1.8719400000000002	5.162780000000001	2.43688	1.22328	0.8843340000000001	6.78265	1.10226	0.9493299999999999	9.25111	1.2555100000000001	14.3101	2.0996799999999998	11.819	12.776	1.5509700000000002	6.14142	7.51835	9.00741	13.6212	8.258460000000001	2.69814	10.7871	0.5765239999999999	0.775688	4.05462	2.4704099999999998	0.0290318	6.65165	3.4141199999999996	20.3663	7.25944	1.34008	26.6349	6.832380000000001	4.08514	6.56233	1.02605	10.3853	37.1155	1.10673	19.4207	2.65385	17.9491	15.1737	3.2819199999999995	12.3144	6.98822	13.6771	23.8549	15.9321	4.5458300000000005	7.258210000000001	31.6044	2.54638	4.36033	0.324644	2.38707	1.48814	0.0	9.378	9.0502	3.7031099999999997	1.7371599999999998	2.99186	2.10343	2.68056	13.0976	0.299317	0.9798870000000001	1.09416	5.52094	0.00849898	0.0	0.43517799999999995	4.41426	7.6986	1.74174	0.0	1.04325	12.2871	2.53519	16.6656	0.049719099999999995	1.74889	0.000898528	4.89944	2.18614	0.0	2.28778	13.582	9.281310000000001	2.88365	7.05773	1.66029	5.08261	0.368114	4.80975e-05	9.44219	10.1743	5.66366	9.84548	6.4464	2.01966	4.12741	0.299274	0.45486800000000005	12.5828	1.39124	1.6610200000000002	9.37934	1.06683	0.739242	2.69889	6.18027	2.10426	6.64762	2.40958	9.0314	0.703188	6.838939999999999	10.8047	0.5861729999999999	5.21692	4.92818	0.469839	5.15958	1.63802	2.82082	4.5343	7.20821	6.81912	0.375983	0.0	0.0	0.0	1.02142	4.610119999999999	0.80135	3.105	0.00025801599999999996	1.72517	2.38626	0.522335	0.0	0.215442	8.128789999999999	0.333611	11.3227	2.0272	0.181765	4.90873	7.79668	2.44676	15.8235	0.0	4.55465	4.62445	0.255486	17.213	3.4842699999999995	11.243	1.7917200000000002e-05	10.6982	5.1039900000000005	0.0	0.7741180000000001	1.6433799999999998	9.5464	1.2101600000000001	1.3754	3.93165	0.00822856	13.7591	2.8213	5.64043	1.19793	5.43127	12.2602	7.28666	4.51265	2.66775	1.18771	0.326637	6.92145	1.5887200000000001	4.85521	0.064538	2.17565	9.01864	5.05883	3.8119	6.65175	1.3088	13.6318	0.7849659999999999	5.61463	3.19503	18.6213	0.222306	4.6939	9.27105	4.155469999999999	0.395286	5.0002	12.3352	1.4565899999999999e-06	0.0	2.0999	3.2474400000000004e-07	1.8459400000000001	1.06724	2.02006	0.0781109	3.20285	22.2245	6.36753	2.43262	14.720999999999998	5.71645	9.29133	1.4053799999999999	10.8477	7.98152	5.59896	11.7779	19.457	11.0059	7.030819999999999	19.1808	3.4265	15.1631	9.03549	3.282095	1.424815	16.2445	4.00397	3.35877	12.532655
TP53	TP53-019	0.09612330000000001	0.270546	0.695835	0.450697	0.0918803	0.42605600000000005	0.551597	0.179892	0.07927139999999999	0.0	0.392388	0.150651	0.381563	0.07630039999999999	0.17101	0.0	0.0700041	0.24174600000000002	0.32910300000000003	0.24510500000000002	0.683559	0.0503545	1.1663299999999999	0.168302	0.529241	0.06619069999999999	0.35872600000000004	0.512608	0.039766300000000004	0.847666	0.0	0.652328	0.42995	0.4437	0.180883	0.042669599999999995	0.104549	1.42744	0.23126100000000002	0.311566	0.295037	0.116969	0.16418	0.0568534	0.149739	0.274951	0.173422	1.69048	0.354252	0.295955	0.776994	0.262207	0.137959	0.578231	5.673019999999999	0.0722546	0.158338	0.35704600000000003	0.321686	0.5098729999999999	0.11747	2.01165	0.24060399999999998	0.747452	0.921501	0.45149399999999995	0.20781799999999997	1.23742	0.142955	1.14541	0.44888900000000004	0.111147	0.165233	0.5733010000000001	0.302581	0.341871	0.08606160000000002	0.133708	0.8965639999999999	0.182361	0.39969899999999997	0.344814	0.539621	0.143718	0.039819099999999996	0.053930700000000005	0.259416	0.695457	0.0	0.0	0.10484	0.28943	0.627262	0.0	0.0694836	0.142851	0.276309	0.135074	0.0	0.302216	0.31252399999999997	0.300667	0.30553	0.0261929	0.748367	0.0835374	0.11205999999999999	0.8088380000000001	0.0	0.657892	0.7996810000000001	0.405417	0.29411	0.36822	0.376078	0.640373	0.0477783	0.0	0.158462	0.257326	0.686875	1.37604	0.303965	0.537064	0.31864499999999996	0.468154	0.101146	0.354746	0.0	0.297079	0.786975	8.88817	0.0293998	0.38805300000000004	0.14164100000000002	0.16076600000000002	0.403702	0.269227	0.45079300000000005	0.062037300000000004	0.19917100000000001	0.8525450000000001	0.47762299999999996	0.520422	0.304289	0.284661	0.07619680000000001	0.689408	0.0	0.22614800000000002	0.146852	0.620346	0.144375	0.139291	0.059202	0.0	0.12842699999999999	1.0144600000000001	0.157657	0.18736	0.062051499999999996	0.116676	0.176772	0.426126	0.16281400000000001	0.0348907	0.682902	0.0	0.35662699999999997	0.0829163	0.19967000000000001	0.24770599999999998	0.415679	17.6353	1.34779	0.07175089999999999	0.787227	0.401582	0.20113399999999998	1.11337	0.27867	0.939282	0.301584	0.702982	0.351312	1.09643	0.162503	0.434933	1.70606	0.197035	0.283727	0.17516099999999998	0.185887	0.988999	0.114738	0.34837399999999996	0.189937	0.296249	0.28328400000000004	0.246017	0.573386	0.189567	0.503734	0.185856	0.841773	1.75837	0.582415	0.35804899999999995	0.42467	0.507584	0.31595500000000004	0.0816631	0.39118	0.085871	0.46065100000000003	0.319916	0.18262899999999999	0.738338	1.1391799999999999	0.347118	0.541143	0.717501	0.32405100000000003	0.115434	0.224212	0.631115	0.09000219999999999	0.248292	0.6355529999999999	0.36378499999999997	0.36039499999999997	0.109115	0.306095	0.11754200000000001	0.499514	16.5001	0.377065	0.384602	0.455192	0.31598699999999996	0.192679	0.376498	0.180055	0.0	0.621811	0.802226	0.8638790000000001	0.9662129999999999	0.338764	3.9281099999999998	0.0873055	0.348285	0.160706	0.1587212	0.09073815	1.034098	0.258394	0.11189225	0.827972
TP53	TP53-018	0.0	0.126203	0.142513	0.09324160000000001	0.157675	0.1859	0.06622489999999999	0.18974100000000002	0.198215	0.331456	0.206279	0.057210000000000004	0.40474699999999997	0.438741	0.0707805	0.276113	0.06899630000000001	0.0	0.126467	0.0	0.17588800000000002	0.0	0.048342500000000004	0.0538197	0.0679822	0.03519	0.0390975	0.0707373	0.158113	0.386917	0.0522351	0.27278600000000003	0.12203199999999999	0.206641	0.2558	0.23346399999999998	0.272794	0.0	0.36950500000000003	0.29801	0.35591999999999996	0.373589	0.208853	0.179944	0.268932	0.223012	0.152529	0.0	0.0818144	0.0797145	0.358066	0.09311860000000001	0.33916999999999997	0.29141300000000003	0.293142	0.130268	0.6261439999999999	0.130307	0.572499	0.459244	0.0576155	0.692767	0.0944736	0.09535210000000001	0.28613099999999997	0.193123	0.191395	0.870909	0.0932071	0.36707	0.188314	0.12945299999999998	0.145179	0.67019	0.19120399999999999	0.183449	0.12188	0.22563200000000003	0.367695	0.0	0.0	0.157393	0.383842	0.0	0.15514	0.19608299999999998	0.0	0.101095	0.0986045	0.114079	0.106119	0.139969	0.0711505	0.253184	0.185288	0.0	0.06695069999999999	0.08086139999999999	0.0	0.461805	0.518562	0.406343	0.14063	0.0638381	0.045454	0.0925967	0.0454448	0.0	0.183137	0.043094099999999996	0.350034	0.612226	0.240877	0.31351799999999996	7.012519999999999	0.240603	0.291161	0.407062	0.169035	0.150092	0.535741	0.34208	0.329907	0.140545	0.0758214	0.772305	0.23468899999999998	0.24430700000000002	0.536466	0.344276	0.0902847	0.405491	0.20675	0.162995	0.207035	0.171727	0.194601	0.0	0.295634	0.0	0.15825799999999998	0.20502199999999998	0.0	0.22232600000000002	0.0396652	0.25285	0.0	0.08608589999999999	0.0884785	0.0549903	0.25004499999999996	0.38621500000000003	0.0	0.0	0.0	0.0	0.278649	0.074739	0.176209	0.0618888	0.034225099999999994	0.0	0.252567	0.126367	0.0820322	0.140624	0.35183400000000004	0.302023	0.22123099999999998	0.421112	0.22033899999999998	0.11551700000000001	0.115691	0.314277	0.392163	0.0	0.24695999999999999	0.296707	0.204432	0.245247	1.03145	0.0	0.719669	0.360094	0.22548200000000002	1.29504	0.23958400000000002	0.241405	0.7127859999999999	0.301504	0.518184	0.268439	0.0371263	0.0	0.33921399999999996	0.867352	0.219889	0.0	0.752767	0.195214	0.290508	0.253069	0.23886300000000002	0.15725799999999998	0.35565599999999997	0.364214	0.33681	0.49810299999999996	0.0785829	0.12176700000000001	0.244184	0.127253	0.20099	0.0748664	0.161022	0.138442	0.0947255	0.062480999999999995	0.0604989	0.0259096	0.141969	0.184846	0.0	0.632843	0.0774172	0.160396	0.0559523	0.0	0.0661471	0.161381	0.148535	0.12898199999999999	0.0	0.0	0.18676500000000001	2.38457	0.13885799999999998	0.271024	0.192103	0.153496	0.17430199999999998	0.0	0.12469100000000001	0.0	0.0678849	0.126778	0.484329	0.25597800000000004	0.0587758	1.49711	0.22730300000000003	0.132403	0.230598	0.067493	0.141474	0.5930585	0.0966175	0.3628585	0.083511
TP53	TP53-005	0.0	0.0	0.0891969	0.0	0.253424	0.341897	0.6565300000000001	0.20130399999999998	0.129298	0.0702125	0.08210010000000001	0.0	0.147229	0.18040799999999999	0.284792	0.0	0.0	0.0	0.573513	0.0602145	0.228562	0.109276	0.07802089999999999	0.161326	0.0	0.310247	0.130159	0.0	0.0	0.297666	0.0	0.702716	0.21120999999999998	0.23071399999999997	0.0	0.739862	0.0	0.0	0.29222	0.0	0.240731	0.2799	0.00661461	0.0	0.0	0.0779818	0.0	0.0	0.763228	0.123115	0.16253800000000002	0.07663660000000001	0.0	0.515849	0.0552696	0.190306	0.5805899999999999	0.0	0.158682	0.239946	0.0	0.141229	0.11722300000000001	0.301921	0.0827449	0.20948899999999998	0.205777	0.364738	0.189778	0.38206799999999996	0.0	0.102139	0.0	0.736577	0.21210700000000002	0.0886328	0.0	0.0833134	0.614737	0.0	0.32428	0.240275	0.09596360000000001	0.0	0.0	0.862857	0.09135499999999999	0.161961	0.0	0.0	0.0	0.0844809	0.122537	0.0	0.182982	0.355482	0.141379	0.290013	0.0	0.0	0.350629	0.24355300000000002	0.63675	0.0	0.19132000000000002	0.0	0.0757086	0.0	0.0	0.0	0.14879900000000001	0.147303	0.0	0.0	0.0870278	0.30416	0.0	0.0	0.0931648	0.205067	0.263383	5.23897	0.381469	0.13216	0.0	1.04923e-07	0.116317	0.432433	0.0	0.0	0.0	2.55593	0.0	0.160518	0.499924	0.140396	0.41310600000000003	0.186648	0.0	0.0	0.0	0.105457	0.27682199999999996	0.0	0.0	0.0	0.278932	0.110197	0.0	0.31399099999999996	0.137192	0.101583	0.0	0.0	0.0	1.53208e-05	0.297	0.320469	0.14280199999999998	0.148255	0.0	0.0773549	0.0	0.09253660000000001	0.0	0.0	0.0	0.0	0.230221	0.0932617	0.166549	0.665	0.48289499999999996	0.0	0.08007439999999999	0.0	0.0	0.0	0.0	0.0	0.6400140000000001	0.247617	0.0	0.22784899999999997	0.0822667	0.0	0.0	0.0	0.271858	0.0	0.0	0.06532919999999999	0.0	0.14108800000000002	0.155941	0.0	0.0	0.34980100000000003	0.0	0.341574	0.220333	0.0957084	0.0010372	0.0	0.0	0.0	0.167189	0.0	0.25352199999999997	0.161599	0.0	0.0	0.08025260000000001	0.0	0.0	0.0	0.02547	0.0	0.0	0.0	0.17611400000000002	0.144153	0.680395	0.0	0.30891	0.0	0.194987	0.0	9.06605e-09	0.0	0.0	0.0	0.0	0.0	0.0	0.49268100000000004	0.0	0.0	0.16609300000000002	0.39315	0.172043	0.0	0.0929953	0.0979694	0.476754	0.10485599999999999	0.165632	0.0	0.09659730000000001	0.990031	0.0	0.0	0.5119520000000001	0.148523	0.229458	0.0353387	0.0393313	0.04099655	0.0
TP53	TP53-002	9.64658	1.82287	12.2793	10.3394	1.68823	13.0214	14.9046	7.68692	3.84027	2.75291	8.826789999999999	1.4043299999999999	5.3407800000000005	1.42844	5.52838	0.9656	0.6354029999999999	0.0	11.6682	6.86675	14.0836	5.01018	2.24065	0.404428	0.63353	0.435155	6.892289999999999	1.49381	0.33881100000000003	4.07645	1.9071099999999998e-08	14.6282	4.21497	1.9863099999999998	4.5855	5.29805	2.67456	9.13493	0.00639543	3.7810900000000003	2.6352900000000004	1.37932	6.97081	0.21631399999999998	1.94872	5.8007599999999995	2.37621	9.49721	5.144830000000001	3.43214	14.1508	7.22375	0.00038835	8.83705	0.0284599	2.35716	4.08628	0.27368600000000004	6.5136400000000005	10.1999	6.95365e-07	6.01985	4.06128	19.1744	6.43984	0.00155663	0.644566	7.144839999999999	7.440810000000001	13.4954	8.28144	2.5028599999999996	7.214010000000001	11.2895	2.35374	6.79975	2.5175100000000002e-05	1.46318	1.77817	0.0	7.14215	7.94746	3.17446	2.1252	0.000278981	3.34229	3.1570099999999996	11.6033	0.617106	0.534888	0.402864	10.6896	0.409414	0.302169	1.43068	2.41852	10.8643	2.23634	1.1993200000000002	1.02891	5.24365	9.240819999999999e-07	3.24722	0.029182299999999998	7.09802	1.55733e-10	2.87168	3.88637	0.0	3.06855	6.84945	3.84344	2.08357	3.5675	0.0	4.80786	0.29757	0.0	5.3303	4.90292	3.50005	4.14883	1.7794299999999998	4.05607	3.3633699999999997	0.0	0.162298	11.557	0.516935	0.0205541	10.4078	0.13634200000000002	1.7522400000000002	2.15423	5.1371	2.95378	6.90525	1.92682	8.237789999999999	0.352691	3.93131	6.81033	0.532365	4.70183	5.3716800000000005	1.93481	2.63968	1.14924	3.2417700000000003	10.4392	5.7742	10.9534	1.32126	0.52736	0.0	0.289017	1.52454	11.4435	0.326371	6.833310000000001	2.59407e-09	3.7472300000000005	5.53263	0.360678	0.0	1.7639599999999998	1.52714	1.1184100000000001	11.1832	2.08787	0.49448000000000003	5.89369	1.91431	1.40841e-08	6.22767	0.35314	3.657	6.52759	0.00313078	9.529119999999999	0.618399	19.8991	2.33046	11.1942	0.27416799999999997	0.0	1.05056	2.91385	7.56237	0.0486933	2.92057	2.0051099999999997	0.106991	6.07941	2.6924	4.2795	2.7753200000000002	4.50775	7.91649	8.40666	6.18435	2.50482	1.8172400000000002e-06	3.34646	10.3227	0.247459	9.39049	0.75192	4.53259	13.5291	4.06663	6.0320599999999995	8.3423	0.909533	3.43466	0.34339000000000003	6.62655	5.194719999999999	14.5532	0.8322149999999999	7.76541	10.774000000000001	11.8268	2.12376e-05	7.43452	9.901769999999999	0.38961399999999996	0.482151	6.0432	0.0443254	2.01037	3.8707300000000004	3.54394	1.94393	4.82511	23.8552	4.87552	8.64	9.43624	7.969069999999999	4.51997	4.01368	6.13483	4.64676	5.96777	7.344189999999999	10.2491	6.925860000000001	7.26938	12.3406	0.880818	10.4113	9.53523	3.297005	0.361854	8.090315	4.886175	4.028505	8.317745
TP53	TP53-004	0.0	0.259156	0.0	0.0	0.0	0.0	0.0177702	0.0334679	0.0	0.0	0.0	1.4931799999999998e-06	8.62577e-06	0.0949507	3.17219e-06	0.0	0.088643	0.0	9.12992e-06	0.0	0.37352399999999997	0.0	0.0	0.0	0.0	0.0	0.0	0.330296	0.0	0.0	0.0	0.0	0.00177979	0.0	0.0	0.0	0.0	0.0	0.0	0.0	0.0	0.0	0.0	0.0	0.0	0.0	0.21329	0.0	0.0	0.0	0.00033297199999999996	0.147418	0.0	0.0	0.0	0.0	0.0	0.0	0.0	0.0	0.0	0.00012049700000000001	4.39706e-10	0.0	0.0	0.0	2.11028e-06	0.0	0.0	0.0	0.0	0.0	0.0	0.0	0.0	0.0	0.164193	0.0	0.0	0.0	0.0	0.0	0.0	0.0	0.0	0.0	0.0	0.0	7.442069999999999e-05	0.0	0.0	0.0	1.2135300000000001e-07	0.0	0.0	0.0	0.0	0.0	0.0	0.0	0.000163333	1.2106799999999998e-10	0.0	4.25954e-05	0.0	0.08586039999999999	0.0	0.0	0.0	0.0	0.00705315	0.0	0.0	0.139562	0.0	2.03967e-07	0.0	0.0	0.0	0.254619	0.0	0.0	0.0	0.00019810900000000002	0.0	0.0	0.0	0.0	0.23338699999999998	0.0	0.0	0.0693719	0.0	0.015246000000000001	1.5842100000000002e-05	9.02426e-10	1.7692900000000002e-10	0.0159383	0.0	0.0	0.0	0.0	0.0	0.262961	0.0	0.0	0.0	0.0	0.0	3.8491399999999995e-05	4.84437e-07	0.0	1.53922e-05	0.0	0.0	0.0	0.0	0.0	0.0	1.81529e-09	0.0789676	0.0	0.0	0.0	0.0	0.0	0.0	0.0	0.0	0.0	0.0	6.63816e-07	0.00036947900000000003	0.0	0.0	0.0	0.0	0.0	0.0	0.0	0.00553669	0.0	0.0	0.219964	0.0	0.0	0.0	0.0	0.0	0.0	0.0	0.0	0.196429	0.0	0.0	0.0	0.0	0.00285756	0.0	1.0115e-08	0.0	0.0	0.0	3.08263e-05	0.0	0.0	0.0	0.0	0.0	0.00349118	0.0	0.0	0.0	0.0	0.17685	0.0	0.0	0.000113017	0.0	0.0214512	0.0	0.0	2.9014799999999996e-10	0.24184099999999997	0.0	0.0	0.0	0.0	8.604649999999999e-08	1.55556e-09	1.36185e-10	0.0	0.0	6.10641e-10	0.0	0.183652	0.14183099999999998	0.0	0.00228356	0.0	0.0	9.25719e-06	0.0	0.0	0.0	0.0	0.00390132	0.0	0.0	0.0	0.0	0.153159	9.48751e-05	0.0	0.0	0.060169	0.0	0.0692975	0.0
TP53	TP53-003	0.0	0.0847481	0.0	0.0	0.0	0.0	0.0	0.0	0.0	0.0	0.0	0.0	0.0618254	0.10091900000000001	0.0	0.0	0.0	0.0	0.0	0.0	0.0	0.0	0.0	0.0	0.0	0.0	0.0	0.0	0.0	0.0	0.0	0.0	0.0	0.0	0.0	0.0	0.0	0.0	0.0	0.0	0.0	5.249230000000001e-08	0.0	0.0	0.0	0.0	0.0	0.0	0.0	0.0	0.20544	2.09575e-07	0.0204351	0.0	0.0	0.0	0.0	0.0	0.0	0.0	0.0	0.248231	0.0	0.0	0.0	0.0	0.0	0.0	0.0	0.0	0.0	0.0	0.0	0.0	0.10973699999999999	0.0	0.0	0.0	0.0	0.0	0.0	0.0	0.0	0.0	0.0	0.0	0.0	0.0953072	0.0	0.0	0.0	0.0	0.06277250000000001	0.0	0.0	0.0	0.08005810000000001	0.0	0.0	0.0	0.0	0.0	0.130519	0.0	0.0	0.0	0.0	0.0	0.0	0.0	0.0	0.0	0.0	0.0	0.0	0.0	0.0	0.0	0.0	0.00518913	0.0	0.0	0.0	0.0	0.0	0.0	0.0	0.0	0.166995	0.0	0.0	0.0	0.0	0.0	0.0	0.0	0.0	0.0	0.0	0.0	0.0	0.0	0.0	0.0	0.0	0.0	0.0	0.0	0.0	0.0	0.0	0.0	0.0	0.0	0.0	0.0	0.0	0.0	0.0	0.0	0.0	0.0	0.0	0.066853	0.29065799999999997	0.0	0.0	0.0	0.182077	0.0	0.0	0.0	0.0	0.0	0.0	0.0	0.0	0.0	0.0	0.0	0.0	0.0	0.0	0.0	0.0	0.047260500000000004	0.0	0.0	0.0	0.275579	0.0	0.0	0.0	0.0	0.0	0.0	0.0	0.0	0.0	0.0	0.0	0.0	0.0	0.0	0.0	0.0	0.0	0.0	0.0	0.0	0.0	0.0	0.0	0.0	0.0	0.0	0.0	0.0	0.0	0.0	0.0	0.0	0.0	0.0	0.0	0.0	0.0	0.0	0.0	0.0	0.0	0.0	0.0	0.0	0.0	0.0	0.0	0.0	0.0	0.0	0.0	0.0	0.0	0.0	0.0	0.0	0.0	0.0	0.0	0.0	0.0	0.0	0.0	0.0	0.0	0.0	0.0	0.0	0.0
TP53	TP53-006	0.0	4.15943e-07	0.0	0.0	0.0	0.0	0.0	0.0	0.0	0.0	0.0	0.0	0.0	6.0120699999999995e-09	0.0	0.0	0.0	0.0	0.0	0.0	0.0	0.0	0.0	0.0	0.0	0.0	0.0	0.0	0.0	0.0	0.0	0.0	0.0	0.0	0.0	0.0	0.0	0.0	0.0	0.0	0.0	0.0	0.0	0.0	0.0	0.0	0.0	0.0	0.0	0.0	0.0	0.0	0.0	0.0	0.0	0.0	0.0	0.0	0.0	0.0	0.0	0.0	0.0	0.0	0.0	0.0	0.0	0.0	0.0	0.0	0.0	0.0	0.0	0.0	0.0	0.0	0.0	0.0	0.0	0.0	0.0	0.0	0.0	0.0	0.0	0.0	0.0	0.0	0.0	0.0	0.0	0.0	0.0	0.0	0.0	0.0	0.0	0.0	0.0	0.0	0.0	0.0	0.0	0.0	0.0	0.0	0.0	0.0	0.0	0.0	0.0	0.0	0.0	0.0	0.0	0.0	0.0	0.0	0.0	0.0	0.0	0.0	0.0	0.0	0.0	0.0	0.0	0.0	0.0	0.0	0.0	0.000710236	0.0	0.0	0.0	0.0	0.0	0.0	0.0	0.0	0.0	0.0	0.0	0.0	0.0	0.0	0.0	0.0	0.0	0.0	0.0	0.0	0.0	0.0	0.0	0.0	0.0	0.0	0.0	0.0	0.0	0.0	0.0	0.0	0.0	0.0	0.0	0.0	0.0	0.0	0.0	0.0	0.0	0.0	0.0	0.0	0.0	0.0	0.0	0.0	0.0	0.0	0.0	0.0	0.0	0.0	0.0	0.0	0.0	0.0	0.0	0.0	0.0	0.0	0.0	0.0	0.0	0.0	0.0	0.0	0.0	0.0	0.0	0.0	0.0	0.0	0.0	0.0	0.0	0.0	0.0	0.0	0.0	0.0	0.0	0.0	0.0	0.0	0.0	0.0	0.0	0.0	0.0	0.0	0.0	0.0	0.0	0.0	0.0	0.0	0.0	0.0	0.0	0.0	0.0	0.0	0.0	0.0	0.0	0.0	0.0	0.0	0.0	0.0	0.0	0.0	0.0	0.0	0.0	0.0	0.0	0.0	0.0	0.0	0.0	0.0	0.0	0.0	0.0
TP53	TP53-008	1.31913	31.6782	0.299122	3.3328300000000004	9.41949	0.0654212	2.0468900000000003	0.000975575	0.259252	0.141355	0.00305943	7.5198100000000005	0.024327	0.378884	0.0	0.0435605	0.0	7.40613	0.000507051	1.07697	0.413267	6.82435	0.476554	0.135249	1.16762	2.3226	5.08758	7.71214	0.517981	0.322824	0.21151799999999998	0.659881	9.3905	0.376284	0.20416099999999998	0.49276099999999995	2.33026e-07	0.0	0.121472	0.146243	0.539596	0.338746	0.195412	0.10433599999999998	0.495399	2.84083	8.33417	2.53923	0.0	1.56982	0.9219200000000001	0.270961	0.360792	0.494933	0.168372	0.805277	0.0963995	0.319929	0.45593999999999996	0.138818	0.16128599999999998	0.11848800000000001	2.10679	0.73145	0.0	0.230397	0.126961	0.5094989999999999	0.529759	0.288578	0.148295	0.238781	0.0	0.336198	0.259126	1.41402	0.37331	0.197325	0.298773	2.7132400000000003	0.663503	0.43499399999999994	0.0703692	0.433696	0.13818699999999998	0.374639	4.478280000000001	0.165878	1.70622	1.10618	0.202645	6.7777	4.73904	1.0159	1.18511	0.00792477	14.362	1.2066	0.0	0.187472	1.7097799999999999	0.298	0.182018	1.79332	4.40521	3.26188	1.39468	21.2792	2.13773	13.2389	0.359077	0.369058	0.361252	1.74207	0.159878	20.2492	0.5127079999999999	0.272539	0.289758	0.436229	0.5357	0.322008	0.30791599999999997	0.730358	0.18879	0.644022	0.193715	1.72865	0.305804	0.26713899999999996	1.17068	0.000163594	3.57916	0.532751	0.046483300000000005	0.19631300000000002	0.146579	0.0	0.404403	0.135705	0.0	0.22865700000000003	8.32985	1.8017900000000002	1.86022	0.252863	0.384949	0.189617	1.38919e-06	2.37404	0.426324	0.256585	0.747419	1.129	3.7780199999999997	1.7262400000000002	0.674233	13.7232	0.476851	2.52858	0.23567399999999997	0.80229	5.9126900000000004	3.5741300000000003	1.9595799999999999	0.0	0.0806929	0.33553299999999997	0.163819	1.1235700000000002	0.768849	0.687282	1.04167	0.24866300000000002	0.300705	0.69999	0.26464299999999996	0.552304	0.08047389999999999	0.30672699999999997	0.612947	6.05411	2.66941	0.769424	0.147154	2.01428	0.0553028	1.40383	0.940766	0.551342	0.37242	0.28728200000000004	15.8851	0.5927560000000001	0.407941	0.14457799999999998	0.12500999999999998	1.18058	0.204198	1.17213	1.54399	2.14252	22.3239	8.186069999999999	0.11504400000000001	0.0634503	0.29423499999999997	0.497382	6.984610000000001	0.159573	0.490321	3.17178	0.000154461	0.32352800000000004	0.28284899999999996	0.124375	2.25236	14.2105	0.162803	19.4641	0.648374	1.886	1.73767	11.1752	5.73723	0.00467991	0.349009	4.77113	21.2868	2.81897	2.658	0.0	4.72589	6.49193	2.6850099999999997	0.8785639999999999	0.375654	4.78584	0.09419939999999999	4.00345	0.06604760000000001	7.018839999999999	0.10395399999999999	0.0	0.937942	2.0761	0.16384	0.150891	1.27449	1.27026	0.0	0.0	0.168488	0.97113	0.5950575	0.2507735	2.82404	1.1150185	0.2837595
TP53	TP53-009	0.194029	0.03490580000000001	0.0	0.0321969	0.134713	0.0854092	0.40085	0.146732	0.15292999999999998	0.110444	0.121306	0.0	0.360282	0.21190799999999999	0.149018	0.08330789999999999	0.16131600000000001	0.31747800000000004	0.134891	0.221281	0.4379	0.160715	0.0418759	0.0953594	0.0	0.0	0.0	0.12338800000000001	0.05415980000000001	0.461197	0.0348703	0.354571	0.600328	0.140526	0.273969	0.22764	0.150383	0.296286	0.283817	0.23286500000000002	0.456592	0.199026	0.179428	0.151232	0.173648	0.211431	0.0571153	0.0	0.105779	0.278958	0.5866779999999999	0.0418788	0.21603200000000003	0.43923999999999996	0.212421	0.0821594	0.352584	0.36940100000000003	0.30903800000000003	0.167436	0.150672	0.905803	0.105215	0.405641	0.310473	0.10544500000000001	0.159906	0.269676	0.254076	0.33836700000000003	0.27693	0.28521799999999997	0.172994	0.694769	0.251732	0.178335	0.108188	0.133351	0.13527999999999998	0.0640816	0.044248699999999995	0.218365	0.531992	0.06787289999999999	0.0989935	0.180283	0.0351674	0.043347500000000004	0.07016560000000001	0.13335999999999998	0.141145	0.249523	0.0538612	0.0632154	0.025924700000000002	0.267258	0.127422	0.0325721	0.0	0.24528899999999998	0.850989	0.312407	0.41347700000000004	0.122305	0.305678	0.0838709	0.0377648	0.163833	0.232927	0.12887300000000002	0.334264	0.592598	0.046604400000000004	0.20617800000000003	0.5587770000000001	0.07600069999999999	0.10786300000000001	0.148803	0.08700830000000001	0.09060939999999999	0.26365500000000003	0.144015	0.19458499999999998	0.15751700000000002	0.096714	0.554059	0.190302	0.195363	0.122572	0.11984000000000002	0.30238200000000004	0.288277	0.050352999999999995	0.252164	0.192172	0.0758386	0.132676	0.134703	0.27322399999999997	0.188104	0.260587	0.121518	0.0819414	0.044286400000000004	0.128348	0.0702825	0.0713008	0.299034	0.196427	0.265276	0.129272	0.28975500000000004	0.0	0.13288699999999998	0.0	0.0	0.30225599999999997	0.0668672	0.197053	0.0	0.027237200000000003	0.047962300000000006	0.0	0.100872	0.0	0.161222	0.22186799999999998	0.21378699999999998	0.0849261	0.38674000000000003	0.41923599999999994	0.22815500000000002	0.425725	0.372261	0.10398800000000001	0.121951	0.6964130000000001	0.247421	0.217704	0.31422	0.52413	0.19581400000000002	0.179515	0.160452	0.08329249999999999	0.15073399999999998	0.128899	0.145681	0.400715	0.403673	0.360865	0.387959	0.037279400000000004	0.370659	0.403981	0.790209	0.07205460000000001	0.10603399999999999	0.807619	0.173425	0.0921406	0.223123	0.221977	0.325388	0.0	0.107422	0.0752081	0.168191	0.21570100000000003	0.32663400000000004	0.109088	0.148011	0.0455632	0.046276099999999994	0.3739	0.0523116	0.307094	0.0450034	0.0	0.0	0.157726	0.34665999999999997	0.278647	0.09663	0.028743	0.0	0.047287800000000005	0.0779564	0.0568505	0.229613	0.250729	0.0977156	0.0	0.10616500000000001	0.279837	0.427291	0.0472653	0.0409284	0.286376	0.254858	0.0	0.0	0.298632	0.061654999999999995	0.18984	0.22745700000000002	0.201206	0.0	0.0422271	0.7364109999999999	0.120413	0.16660999999999998	0.0	0.11839275	0.123751	0.827638	0.0424802	0.1868027	0.190952
TP53	TP53-014	0.0	0.0	0.121451	0.0	0.0	0.0	0.0	0.0	0.0	0.0	0.0	0.0	0.0398971	0.0	0.0	0.0	0.0	0.0	0.0	0.0	0.0	0.0	0.0	0.0	0.0	0.0	0.0696687	0.0	0.0	0.0	0.0	0.0	0.0	0.0	0.0	0.0	0.0	0.0	0.0	0.0	0.0	0.182023	0.0	0.0	0.123688	0.0	0.0	0.0	0.0	0.0	4.745859999999999e-08	0.07975139999999999	0.11139600000000001	0.0	0.0	0.115977	0.140501	0.0	0.0	0.23336199999999999	0.0	0.0	0.0	0.0	0.13111099999999998	0.0	0.0	0.0	0.25101	0.0	0.0	0.0	0.0	0.142845	0.0	0.0	0.0	0.0	0.0	0.0	0.0	0.0	0.0	0.0	0.0	0.0	0.0	0.0	0.0	0.0	0.0	0.0	0.0	0.0	0.0	0.0	0.0	0.0	0.0	0.0	0.0	0.0	0.00280022	0.0	0.0	0.0	0.0	0.0	0.06917899999999999	0.0	0.0844707	0.177792	0.0	0.0	0.23486100000000001	0.0	0.0	0.0	0.0	0.08140030000000001	0.0	0.150221	0.0	0.0	0.0	2.00142	0.0	0.0	0.0	0.0	0.0	0.93615	0.0	0.0	0.0	0.0	0.15945499999999999	0.0	0.0	0.0	0.0	0.0	0.0	0.0	0.0	0.0	0.0	0.0	0.0	0.0	0.29484499999999997	0.0	0.0	0.0	0.0	0.0	0.0	0.0	0.0	0.0	0.0	0.0	0.0	0.0	0.0	0.0	0.0	0.0	0.0	0.0	0.0	0.0	0.0	0.0	0.0	0.0	0.0	0.567067	0.0	0.0	0.0	0.0	0.0	0.6972470000000001	0.0	0.0	0.0	0.0	0.151018	0.0	0.0	0.0	0.0	0.0	0.0	0.0	0.0	0.0	0.0	0.0	0.0	0.0	0.0	0.0	0.0	0.0	0.0	0.0	0.0	0.0	0.0	0.0	0.0	0.0	0.0	0.0	0.0	0.0	0.0	0.0	0.0	0.0	0.0	0.0	0.0	0.0	0.0	0.0	0.0	0.0	0.0	0.0	0.0	0.0	0.0	0.292416	0.0	0.0	0.256565	0.0	0.0	0.0	0.0	0.0	0.0	0.12232	0.0	0.0	0.0	0.0	0.0	0.0	0.0	0.0	0.0	0.3053575	0.0	0.0	0.0
TP53	TP53-015	0.0	0.0	0.0	0.0	0.0	0.0	0.0	0.0	0.0	0.0	0.0	0.0	0.0	0.0	0.0	0.0	0.0	0.0	0.0	0.0	0.0	0.0	0.0	0.0	0.0	0.0560953	0.0	0.0	0.0	0.0	0.0	0.0	0.30194699999999997	0.0	0.0	0.0	0.0	0.0	0.0	0.0	0.0	0.0	0.0	0.0	0.0	0.0	0.0	0.0	0.0	0.0	0.0	0.0	0.0	0.0	0.0	0.0	0.0	0.0	0.0	0.0	0.0	0.0	0.0	0.0	0.0	0.0	0.0	0.165292	0.0	0.0	0.0	0.0	0.0	0.0	0.23059699999999997	0.0	0.0	0.0	0.0	0.0	0.0	0.0	0.0	0.0	0.0	0.098123	0.0	0.0	0.0	0.0	0.0	0.0	0.0	0.0	0.0	0.0	0.0	0.0	0.0	0.0	0.0	0.0	0.0	0.0	0.0	0.0	0.0	0.0	0.0	0.0	0.0	0.0	0.0	0.0	0.0	0.0	0.0	0.0	0.0	0.0	0.0	0.0	0.0	0.0	0.0	0.0	0.0	0.0	0.0	0.0	0.0	5.93487	0.0	0.0	0.0	0.0	0.0	0.0	0.0	0.0	0.0	0.0	0.0	0.0	0.0	0.0	0.0	0.0	0.0	0.0	0.0	0.0	0.0	0.0	0.0	0.0	0.0	0.0	0.0	0.0	0.0	0.0	0.0	0.0	0.0	0.0	0.0	0.0	0.0	0.0	0.0	0.0	0.0	0.0	0.0	0.0	0.0	0.0	0.0	0.164943	0.0	0.0	0.244046	0.0	0.0	0.0	0.0	0.0	0.0	0.0	0.0	0.0	0.0	0.0	0.0	0.0	0.0	0.0	0.0	0.0846937	0.0	0.0	9.67498	0.0	0.0	0.772219	0.0	0.0	0.0	0.0	0.0	0.0	0.0	0.0	0.0	0.0	0.0	0.0	0.0	0.0	0.0	0.0	0.0	0.0	0.0	0.0	0.0	0.0	0.0	0.0	0.0	0.0	0.0	0.0	0.0	0.407515	0.0	0.0	0.0	0.0	0.0	0.0	0.0	0.0	0.0	0.0	0.0	0.0	0.0	0.0	0.0	0.0	0.0	0.0	0.0	0.0	0.0	0.0	0.0
TP53	TP53-007	0.0	0.0	0.0	0.0	2.3131099999999998e-10	0.0	0.0	0.0	0.0	0.0	0.0	0.0	0.0	2.0243e-08	0.0	0.0	0.0	0.0	0.0	0.0	0.0	0.0	0.0	0.0	0.0	0.0	0.0	0.0	0.0	0.0	0.0	0.0	0.0	0.0	0.0	0.0	0.0	0.0	0.0	0.0	0.0	0.0	0.0	0.0	0.0	0.0	0.0	0.0	0.0	0.0	0.0	0.0	0.0	0.0	0.0	0.0	0.0	0.0	0.0	0.0	0.0	0.0	0.0	0.0	0.0	0.0	0.0	0.0	0.0	0.0	0.0	0.0	0.0	0.0	0.0	0.0	0.0	0.0	8.50175e-08	0.0	0.0	0.0	0.0	0.0	0.0	6.70603e-06	0.0	0.0	0.0	0.0	0.0	0.0	0.0	0.0	0.0	0.0	0.0	0.0	0.0	0.0	0.0	0.0	0.0	0.0	0.0	0.0	0.0	0.0	0.0	0.0	0.0	0.0	0.0	0.0	0.00226629	0.0	0.0	0.0	0.0	0.0	0.0	0.0	0.0	0.0	0.0	0.12928199999999998	0.0	0.0	0.0	0.0	0.0	0.0685655	0.0	0.0	0.0	0.0	0.0	0.0	0.0	0.0	0.0	0.0	0.0	0.0	0.0	0.0	0.0	0.0	0.0	0.0	0.0	0.0	0.0	0.0	0.0	0.0667199	0.0	1.3707200000000002e-10	0.0	0.0	0.0	0.0	0.0	0.0	0.0	0.0	0.0	0.0	0.0	0.0	0.0103299	0.0	0.0	0.0	0.0	0.0	0.0	0.0	0.0	0.0	0.0	0.0	0.0	0.0	0.0	0.0	0.0	0.0	0.0	0.0	0.0	0.0	0.0	0.0	0.0	0.0	0.0	0.0	0.0	0.0	0.0	0.0	0.825867	0.0	0.0	0.0	0.0	0.0	0.0	0.0	0.0	0.0	0.0	0.0	0.0	0.0	0.0	0.0	0.0	0.0	0.0	0.0	0.0	0.0	0.0	0.0	0.0	0.0	0.0	0.0	0.0	0.0	0.0	0.0	0.0	0.0	0.0	0.0	0.0	2.2665700000000004e-09	0.0	0.0	0.0	0.0	0.0	0.0	0.0	0.0	0.0	0.0	0.0	0.0	0.0	0.0	0.0	0.0	0.0	0.0	0.0
TP53	TP53-013	0.0	0.0	0.0	0.0	0.0	0.0	0.0	0.0	0.1014	0.0	0.0	0.0	0.0	0.0	0.0	0.0	0.0	0.0	0.0	0.0	0.0	0.0	0.0	0.0	0.0	0.0	0.0	0.0	0.0	0.0	0.0	0.0	0.0	0.0	0.0	0.0	0.0	0.0	0.0	0.0	0.0	0.0	0.0	0.0	0.0	0.0	0.0	0.0	0.0	0.0	0.0	0.0	0.0	0.0	0.0941568	0.0	0.0	0.0	0.09270489999999999	0.0	0.0	0.123829	0.0	0.0	0.0	0.0	0.0	0.0	0.0	0.0	0.0	0.0	0.0	0.0	0.0	0.0	0.0	0.0	0.0	0.0	0.0	0.0	0.0	0.0	0.0	0.0	0.0	0.0	0.0	0.0	0.0	0.0	0.0	0.0	0.0	0.0	0.0	0.0	0.0	0.0	0.12071099999999998	0.0	0.0	0.0	0.0	0.0	0.0	0.0	0.0	0.0	0.0	0.0	0.0	0.0	1.14629	0.0	0.0	0.0	0.0	0.0	0.0	0.0	0.0	0.0	0.0	0.0	0.0	0.0	0.0	0.0	0.0	0.0	0.0	0.0	0.0	0.0	0.0	0.0	0.0	0.0	0.0	0.0	0.0	0.0	0.0	0.0	0.0	0.0	0.0	0.0	0.0	0.0	0.0	0.0	0.0	0.0	0.0	0.0	0.0	0.0	0.0	0.0	0.0	0.0	0.0	0.0	0.0	0.0	0.0	2.4368	0.0	0.0	0.0	0.0	0.0	0.0	0.0	0.0	0.0	0.0	0.0	0.0	0.0	0.0	0.0	0.0	0.0	0.0	0.0	0.0	0.0	0.0	0.0	0.0	0.0	0.0	0.0	0.0	0.0	0.0	0.0	0.0	0.400518	0.0	0.0	0.0	0.0	0.0	0.0	0.0	0.0	0.0	0.0	0.0	0.0	0.0	0.0	0.0	0.0	0.0	0.0	0.0	0.0	0.0	0.0	0.11864000000000001	0.0	0.0	0.0	0.0	0.0	0.0	0.0	0.0	0.0	0.0	0.0	0.0	0.0	0.0	0.0	0.0	0.193103	0.0	0.0	0.0	0.0	0.0	0.0	0.0	0.0	0.0	0.0	0.0	0.0	0.140755	0.0	0.0	0.0
TP53	TP53-016	0.0	0.0	0.0	0.0	0.0	0.0	0.0	0.0	0.0	0.0	0.0	0.0	0.0	0.0	0.0	0.0	0.0	0.0	0.0	0.0	0.0	0.0	0.0	0.0	0.0	0.0	0.0	0.0	0.0	0.0	0.0	0.0	0.0	0.0	0.0	0.0	0.0	0.0	0.0	0.0	0.0	0.0	0.0	0.0	0.0	0.0	0.0	0.0	0.0	0.0	0.0	0.0	0.0	0.0	0.0	0.0	0.0	0.0	0.0	0.0	0.0	0.0	0.0	0.0	0.0	0.0	0.0	0.0	0.0	0.0	0.0	0.0	0.0	0.0	0.0	0.0	0.0	0.0	0.0	0.0	0.0	0.0	0.0	0.0	0.0	0.0	0.0	0.0	0.0	0.0	0.0	0.0	0.0	0.0	0.0	0.0	0.0	0.0	0.0	0.0	0.0	0.0	0.0	0.0	0.0	0.0	0.0	0.0	0.0	0.0	0.0	0.0	0.0	0.0	2.68198	0.0	0.0	0.0	0.0	0.0	0.0	0.0	0.0	0.0	0.0	0.0	0.0	0.0	0.0	0.0	0.0	0.0	0.0	0.0	0.0	0.0	0.0	0.0	0.0	0.0	0.0	0.0	0.0	0.0	0.0	0.0	0.0	0.0	0.0	0.0	0.0	0.0	0.0	0.0	0.0	0.0	0.0	0.0	0.0	0.0	0.0	0.0	0.0	0.0	0.0	0.0	0.0	0.0	0.0	0.0	0.0	0.0	0.0	0.0	0.0	0.0	0.0	0.0	0.0	0.0	0.0	0.0	0.0	0.0	0.0	0.0	0.0	0.0	0.0	0.0	0.0	0.0	0.0	0.0	0.0	0.0	0.0	0.0	0.0	0.0	0.0	0.0	0.0	0.0	0.0	0.0	0.0	0.0	0.0	0.0	0.0	0.0	0.0	0.0	0.0	0.0	0.0	0.0	0.0	0.0	0.0	0.0	0.0	0.0	0.0	0.0	0.0	0.0	0.0	0.0	0.0	0.0	0.0	0.0	0.0	0.0	0.0	0.0	0.0	0.0	0.0	0.0	0.0	0.0	0.0	0.0	0.0	0.0	0.0	0.0	0.0	0.0	0.0	0.0	0.0	0.0	0.0	0.0	0.0
TP53	TP53-017	0.0	0.0	0.0	0.5843729999999999	0.0	0.0	0.0	0.0	0.0	0.0	0.0	0.0	0.0	0.0	0.0	0.0	0.0	0.0	0.0	0.0	0.0	0.0	0.0	0.0	0.0	0.0	0.0	0.0	0.0	0.0	0.0	0.0	0.0	0.0	0.0	0.0	0.0	4.38551	0.0	0.0	0.0	0.0	0.0	0.0	0.0	0.0	0.0	0.0	0.0	0.0	0.0	0.0	0.0	0.0	0.0	0.0	0.0	0.0	0.0	0.0	0.0	0.0	0.0	0.0	0.769402	0.919091	0.0	1.2671	0.0	0.0	0.0	0.0	0.0	0.0	0.0	0.0	0.0	0.0	0.0	0.0	0.0	0.0	0.0	0.0	0.0	0.0	0.0	0.0	0.0	0.0	0.0	0.0	0.0	0.0	0.0	0.0	0.0	0.0	0.0	0.0	0.0	0.0	0.0	0.0	0.0	0.0	0.0	0.0	0.0	0.0	0.0	0.0	0.0	0.0	0.0	0.0	0.0	0.0	0.0	0.743693	0.0	7.36227	0.0	0.0	0.0	0.0	0.0	0.0	0.0	0.0	0.0	0.0	0.0	0.0	0.0	0.0	0.9938030000000001	0.0	0.0	0.0	0.0	0.0	0.0	0.0	0.0	0.0	0.0	0.0	0.0	0.0	0.0	0.0	0.0	0.0	0.0	0.0	0.0	0.0	0.0	0.0	0.0	0.0	0.0	0.0	0.0	0.0	0.0	0.0	0.0	0.0	0.0	0.0	0.0	0.0	0.8814059999999999	0.0	0.0	0.0	0.0	0.0	0.0	0.0	0.0	0.0	0.0	0.631827	0.0	0.0	0.0	0.0	0.0	0.0	0.0	1.45731	0.0	0.0	1.19282	0.0	0.0	0.0	0.0	0.0	0.0	0.0	0.0	0.0	0.0	0.0	0.0	0.0	0.0	0.0	0.0	0.0	0.0	0.0	0.0	0.0	0.0	0.0	0.0	0.0	0.0	0.0	0.0	0.0	0.0	0.0	0.0	0.0	0.0	0.0	0.0	0.0	3.2547	14.0338	0.0	0.0	0.0	0.0	0.0	0.0	0.0	0.0	0.0	0.0	0.0	0.0	0.0	0.0	0.0	0.0	0.0	0.0	0.0	0.0	0.0	0.0	0.0
TP53	TP53-020	0.0	0.0	0.0	0.0	0.0	0.0	0.0	0.0	0.0	0.0	0.0	0.0	0.0	0.0	0.0	0.165123	0.0	28.628	0.0	0.0	0.0	0.0	0.0	0.0	0.0	0.0	0.0	0.0	0.0	0.0	0.0	0.0	13.8867	0.0	0.0	0.0	0.0	6.3436900000000005	0.0	0.0	0.0	0.0	0.0	0.0	0.0	2.29374	0.0	0.702441	0.0	0.0	0.0	0.0	0.0	0.0	0.262443	0.0	0.0	0.0	0.0	0.0	0.0	0.0	0.0	0.0	0.0	0.0	0.0	0.0	0.0	0.0	0.0	0.0	0.0	0.389241	0.0	0.0	0.0	0.0	0.0	0.0	0.0	0.0	0.0	0.0	0.0	0.0	0.0	0.0	0.0	0.0	0.0	0.0	0.0	0.0	0.0	0.0	0.0	0.0	0.0	0.356837	0.0	0.0	0.0	0.0	0.0	0.0	0.0	0.0	0.0	0.0	0.0	0.0	0.0	0.0	7.360460000000001	0.0	0.0	0.176447	0.0	0.0	0.0	0.0	0.0	0.0	0.0	15.3133	0.0	0.0	0.0	1.0256100000000001	0.0	9.6932	0.0	0.0	0.0	3.11203	0.0	0.0	0.0	0.08385219999999999	0.0	0.0	0.0	0.0	0.0	0.0	0.0	0.0	0.0	0.0	0.0	0.0	0.0	0.0	0.0	0.0	0.0	0.0	0.0	0.0	0.0	0.0	0.0	0.0	0.0	0.0	0.00335672	0.0	0.0	0.0	0.0	0.0	0.0	0.170163	0.0	0.0	0.0	0.0	0.172044	0.0	0.0	0.0	5.09796	0.0	0.0	0.0	0.0	0.0	0.0	0.0	0.0	0.0	0.0	0.0	0.0	0.236109	0.0	0.0	0.0	0.0	0.0	0.0	0.0	0.0	0.0	0.150567	0.0	0.0	0.0	0.221821	0.0	0.0	0.0	0.0	0.0	0.0	0.0	0.0	0.0	0.0	0.0	0.0	0.0	0.0	0.0	0.0	0.0	0.0	0.0	0.0	0.0	0.0	0.0	0.0	0.0	0.821782	0.0	0.0	0.0	0.0	0.0	0.0	0.379076	0.0	0.0	0.0	0.0	0.0	0.0	0.0	0.0	0.0	0.0	0.0	0.0	2.19183	0.0	0.0	2.685705
TP53	TP53-022	0.0358755	0.111452	0.6073729999999999	0.982359	0.134733	1.02459	0.27831999999999996	1.12778	0.0	0.0304739	0.31143899999999997	0.0	0.0274801	0.0	7.802810000000001e-08	0.0	0.0	0.0	0.0	0.270532	0.532121	0.0	0.147983	0.0321342	0.261023	0.133259	0.464984	0.23743699999999998	0.0	0.0	0.0	1.73553	0.0	0.489016	0.035711	0.203138	0.12798900000000002	0.0	0.285341	0.7142390000000001	0.0	0.0	1.09178	0.0	0.0	1.94573e-05	0.0	0.0	0.14588299999999998	0.00223324	0.384008	0.9475110000000001	0.0	0.0	0.0	0.0	4.94376e-08	0.0	0.331	2.0079	0.0	0.8356899999999999	0.0	0.932098	2.3359099999999997	1.06132	0.10616199999999999	0.716167	0.0231352	0.574782	2.62215	2.9268499999999997e-09	0.0	0.259494	0.0	0.0	0.0	0.0	0.0681697	0.0	0.135327	2.01809e-07	0.0	0.0	0.0	0.0	0.14241099999999998	0.472376	0.0	0.0	0.0	1.2962799999999999	0.0	0.0	0.0	0.07051410000000001	0.282566	0.0755437	0.0	0.0	0.0	0.013487	0.45190699999999995	0.0	0.608509	0.0	0.412523	0.122675	0.0	0.0741735	0.390085	0.30752199999999996	0.407328	1.03224	0.2283	0.0	0.0	0.0	0.0	0.6002109999999999	0.0	1.29639	0.0	0.133931	0.0	0.926112	0.00671382	4.87799e-09	0.0	0.027773500000000003	1.31504	1.03409	0.0	0.0	0.0	0.21144899999999997	0.849716	0.0	1.4449299999999998	0.14344400000000002	0.0	0.7575770000000001	0.0	0.102345	0.105503	0.0	0.0	0.0	0.0	0.0	0.47071899999999994	0.0	0.0	0.0	0.0	0.0	0.0	1.15646	0.0	0.687231	0.0	0.107108	0.474236	0.0	0.0	0.0	0.6635800000000001	0.0	0.79523	0.0	0.0	1.60525	0.0	0.0	0.398377	0.0	0.0	1.27886	0.0	0.0	0.607117	0.523703	0.0	2.85934	0.0	0.0	0.0	0.0	0.867015	0.0	0.0	0.0	0.0998835	2.9483299999999998e-06	0.0	0.204465	0.0888416	0.24869699999999997	0.0	0.71307	0.43521099999999996	0.0	0.0	0.634357	0.8694370000000001	0.38214499999999996	0.0	0.0	0.0	0.0320924	0.29388400000000003	0.7112149999999999	0.171987	0.0	0.613392	0.0	0.741437	0.0	1.0921100000000001	0.0	0.810617	1.74528	0.0918012	0.0	0.0	1.80505	0.12779200000000002	0.0	0.0789989	0.0	1.7820300000000002e-10	0.27011599999999997	0.7332529999999999	0.0	0.327391	0.44301599999999997	0.565732	0.0	0.743169	1.27741	0.151144	0.0	0.573821	0.996568	0.29999899999999996	0.189573	1.21126	0.694843	0.0	7.6005199999999995	0.269286	6.67229e-05	0.0	0.6416215	0.1300085	0.700875050386	0.0703205	0.0073529	1.24859
TP53	TP53-027	0.0	0.259156	0.0	0.0	0.0	0.0	0.0177702	0.0334679	0.0	0.0	0.0	1.4931799999999998e-06	8.62577e-06	0.0949507	3.17219e-06	0.0	0.088643	0.0	9.12992e-06	0.0	0.37352399999999997	0.0	0.0	0.0	0.0	0.0	0.0	0.330296	0.0	0.0	0.0	0.0	0.00177979	0.0	0.0	0.0	0.0	0.0	0.0	0.0	0.0	0.0	0.0	0.0	0.0	0.0	0.21329	0.0	0.0	0.0	0.00033297199999999996	0.147418	0.0	0.0	0.0	0.0	0.0	0.0	0.0	0.0	0.0	0.00012049700000000001	4.39706e-10	0.0	0.0	0.0	2.11028e-06	0.0	0.0	0.0	0.0	0.0	0.0	0.0	0.0	0.0	0.164193	0.0	0.0	0.0	0.0	0.0	0.0	0.0	0.0	0.0	0.0	0.0	7.442069999999999e-05	0.0	0.0	0.0	1.2135300000000001e-07	0.0	0.0	0.0	0.0	0.0	0.0	0.0	0.000163333	1.2106799999999998e-10	0.0	4.25954e-05	0.0	0.08586039999999999	0.0	0.0	0.0	0.0	0.00705315	0.0	0.0	0.139562	0.0	2.03967e-07	0.0	0.0	0.0	0.254619	0.0	0.0	0.0	0.00019810900000000002	0.0	0.0	0.0	0.0	0.23338699999999998	0.0	0.0	0.0693719	0.0	0.015246000000000001	1.5842100000000002e-05	9.02426e-10	1.7692900000000002e-10	0.0159383	0.0	0.0	0.0	0.0	0.0	0.262961	0.0	0.0	0.0	0.0	0.0	3.8491399999999995e-05	4.84437e-07	0.0	1.53922e-05	0.0	0.0	0.0	0.0	0.0	0.0	1.81529e-09	0.0789676	0.0	0.0	0.0	0.0	0.0	0.0	0.0	0.0	0.0	0.0	6.63816e-07	0.00036947900000000003	0.0	0.0	0.0	0.0	0.0	0.0	0.0	0.00553669	0.0	0.0	0.219964	0.0	0.0	0.0	0.0	0.0	0.0	0.0	0.0	0.196429	0.0	0.0	0.0	0.0	0.00285756	0.0	1.0115e-08	0.0	0.0	0.0	3.08263e-05	0.0	0.0	0.0	0.0	0.0	0.00349118	0.0	0.0	0.0	0.0	0.17685	0.0	0.0	0.000113017	0.0	0.0214512	0.0	0.0	2.9014799999999996e-10	0.24184099999999997	0.0	0.0	0.0	0.0	8.604649999999999e-08	1.55556e-09	1.36185e-10	0.0	0.0	6.10641e-10	0.0	0.183652	0.14183099999999998	0.0	0.00228356	0.0	0.0	9.25719e-06	0.0	0.0	0.0	0.0	0.00390132	0.0	0.0	0.0	0.0	0.153159	9.48751e-05	0.0	0.0	0.060169	0.0	0.0692975	0.0
TP53	TP53-026	0.0	4.15943e-07	0.0	0.0	0.0	0.0	0.0	0.0	0.0	0.0	0.0	0.0	0.0	6.0120699999999995e-09	0.0	0.0	0.0	0.0	0.0	0.0	0.0	0.0	0.0	0.0	0.0	0.0	0.0	0.0	0.0	0.0	0.0	0.0	0.0	0.0	0.0	0.0	0.0	0.0	0.0	0.0	0.0	0.0	0.0	0.0	0.0	0.0	0.0	0.0	0.0	0.0	0.0	0.0	0.0	0.0	0.0	0.0	0.0	0.0	0.0	0.0	0.0	0.0	0.0	0.0	0.0	0.0	0.0	0.0	0.0	0.0	0.0	0.0	0.0	0.0	0.0	0.0	0.0	0.0	0.0	0.0	0.0	0.0	0.0	0.0	0.0	0.0	0.0	0.0	0.0	0.0	0.0	0.0	0.0	0.0	0.0	0.0	0.0	0.0	0.0	0.0	0.0	0.0	0.0	0.0	0.0	0.0	0.0	0.0	0.0	0.0	0.0	0.0	0.0	0.0	0.0	0.0	0.0	0.0	0.0	0.0	0.0	0.0	0.0	0.0	0.0	0.0	0.0	0.0	0.0	0.0	0.0	0.000710236	0.0	0.0	0.0	0.0	0.0	0.0	0.0	0.0	0.0	0.0	0.0	0.0	0.0	0.0	0.0	0.0	0.0	0.0	0.0	0.0	0.0	0.0	0.0	0.0	0.0	0.0	0.0	0.0	0.0	0.0	0.0	0.0	0.0	0.0	0.0	0.0	0.0	0.0	0.0	0.0	0.0	0.0	0.0	0.0	0.0	0.0	0.0	0.0	0.0	0.0	0.0	0.0	0.0	0.0	0.0	0.0	0.0	0.0	0.0	0.0	0.0	0.0	0.0	0.0	0.0	0.0	0.0	0.0	0.0	0.0	0.0	0.0	0.0	0.0	0.0	0.0	0.0	0.0	0.0	0.0	0.0	0.0	0.0	0.0	0.0	0.0	0.0	0.0	0.0	0.0	0.0	0.0	0.0	0.0	0.0	0.0	0.0	0.0	0.0	0.0	0.0	0.0	0.0	0.0	0.0	0.0	0.0	0.0	0.0	0.0	0.0	0.0	0.0	0.0	0.0	0.0	0.0	0.0	0.0	0.0	0.0	0.0	0.0	0.0	0.0	0.0	0.0
TP53	TP53-201	0.0	0.0	0.0	0.0	0.0	0.0	0.0	0.0	0.0	0.0	0.0	0.0	0.0	0.0	0.0	0.0	0.0	0.0	0.0	0.0	0.0	0.0	0.0	0.0	0.0	0.0	0.0	0.0	0.0	0.0	0.0	0.0	0.0	0.0	0.0	0.0	0.0	0.0	0.0	0.0	0.0	0.0	0.0	0.0	0.0	0.0	0.0	0.0	0.0	0.0	0.0	0.0	0.0	0.0	0.0	0.0	0.0	0.0	0.0	0.0	0.0	0.0	0.0	0.0	0.0	0.0	0.0	0.0	0.0	0.0	0.0	0.0	0.0	0.0	0.0	0.0	0.0	0.0	0.0	0.0	0.0	0.0	0.0	0.0	0.0	0.0	0.0	0.0	0.0	0.0	0.0	0.0	0.0	0.0	0.0	0.0	0.0188791	0.0	0.0	0.0	0.0	0.0	0.0	0.0	0.0	0.0	0.0	0.0	0.0	0.0	0.0	0.0	0.0	0.0	0.0	0.0	0.0	0.0	0.0	0.0	0.0	0.0	0.0	0.0	0.0	0.0	0.0	0.0	0.0	0.0	0.0	0.0	0.0	0.0	0.0	0.0	0.0	0.0	0.0	0.0	0.0	0.0	0.0	0.0	0.0	0.0	0.0	0.0	0.0	0.0	0.0	0.0	0.0	0.0	0.0	0.0	0.0	0.0	0.0	0.0	0.0	0.0	0.0	0.0	0.0	0.0	0.0	0.0734325	0.0	0.0	0.0	0.0	0.0	0.0	0.0	0.0	0.0	0.0	0.0	0.0	0.0	0.0	0.0	0.0	0.0	0.0	0.0	0.0	0.0	0.0	0.0	0.0	0.0	0.0	0.0	0.0	0.0	0.0	0.0	0.0	0.0	0.0	0.0	0.0	0.0	8.26898e-05	0.0	0.0	0.0	0.0	0.0	0.0	0.0	0.0	0.0	0.0	0.0	0.0	0.0	0.0	0.0	0.0	0.0	0.0	0.0	0.0	0.0	0.0	0.0	0.0	0.0	0.0	0.0	0.0	0.0	0.170744	0.0	0.0	0.0	0.0	0.0	0.0	0.0	0.0	0.0	0.0	0.0	0.0	0.0	0.0	0.0	0.0	0.0	0.0	0.0	0.0	0.0	0.0	0.0
TP53	TP53-202	0.0	0.0	0.0	0.0	0.0	0.0	0.0	0.0	0.0	0.0	0.0	0.0	0.0	2.00951e-09	0.0	0.0	0.0	0.0	0.0	0.0	0.0	0.0	0.0	0.00017570200000000002	0.0	0.0	0.0	0.0	0.0	0.0	0.0	0.0	0.0	0.0	0.0	0.0	0.0	0.0	0.0	0.212934	0.0	0.0	0.11055599999999999	0.0	0.0	0.0	0.0	0.0	0.0	0.0	1.26481e-07	0.0	0.0	1.36547e-06	0.0	0.0	0.0	0.0	0.299014	0.0	0.0	0.0	0.0	0.0	0.0	0.0	0.0	0.0	0.0	0.000121701	0.0	0.0	0.0	0.0	0.0	0.0	0.0	0.0	5.73121e-09	0.0	0.0	0.0	0.0	0.0	0.0	5.81126e-07	0.0	0.0	0.0	0.0	0.0	0.0	0.0	0.0	0.0	0.0	0.0	0.0	0.0	0.0	0.0	0.0	0.0	0.0	0.0	0.0	0.0	0.0	0.0	0.0	0.0	0.0	0.0	0.0	3.04188e-06	0.0	0.0	0.0	0.0	0.0	1.57391e-08	0.0	0.0	0.0	0.0	6.81975e-05	0.0	0.0	0.0	0.0	0.0	0.29530500000000004	0.0	0.0	0.0	0.0	0.0	0.0	0.0	0.0	0.0	0.0	0.0	0.0	0.0	0.0	0.0	0.0	0.0	0.0	0.0	0.0	0.0	0.0	0.0	0.0	0.0	0.0	0.0	0.0	0.0	0.0	0.000474975	0.0	0.0	0.0	0.0	0.155659	0.0	0.0	9.57296e-06	0.0	0.0	0.38763400000000003	0.0	0.0	0.0	0.0	0.0	0.0	0.0	0.0	0.0	0.0	0.0	0.0	0.0	0.0	0.0	0.0	0.0	0.0	0.0	0.0	0.0	0.0	0.0	0.0	0.112471	0.0	0.243459	0.0	0.00012085600000000001	0.0	0.0	0.0	0.0	0.0	0.0	0.0	0.0	0.0	0.0	0.0	0.0	0.0	0.4764	0.0	0.0	0.0	0.0	0.0	0.0	0.0	0.353903	0.0	0.0	0.0	0.251623	0.0	0.0	0.0	0.0	0.0	0.101256	0.0	0.0	0.0	0.0	0.0	0.0	0.0	0.0	0.0	0.0	0.0	0.000225661	0.0	0.0	0.0	0.0	0.0	0.0	0.0	0.0	0.0	0.0	0.0	0.0
TP53	TP53-024	0.0	0.0	0.0	0.0	2.3131099999999998e-10	0.0	0.0	0.0	0.0	0.0	0.0	0.0	0.0	2.0243e-08	0.0	0.0	0.0	0.0	0.0	0.0	0.0	0.0	0.0	0.0	0.0	0.0	0.0	0.0	0.0	0.0	0.0	0.0	0.0	0.0	0.0	0.0	0.0	0.0	0.0	0.0	0.0	0.0	0.0	0.0	0.0	0.0	0.0	0.0	0.0	0.0	0.0	0.0	0.0	0.0	0.0	0.0	0.0	0.0	0.0	0.0	0.0	0.0	0.0	0.0	0.0	0.0	0.0	0.0	0.0	0.0	0.0	0.0	0.0	0.0	0.0	0.0	0.0	0.0	8.50175e-08	0.0	0.0	0.0	0.0	0.0	0.0	6.70603e-06	0.0	0.0	0.0	0.0	0.0	0.0	0.0	0.0	0.0	0.0	0.0	0.0	0.0	0.0	0.0	0.0	0.0	0.0	0.0	0.0	0.0	0.0	0.0	0.0	0.0	0.0	0.0	0.0	0.00226629	0.0	0.0	0.0	0.0	0.0	0.0	0.0	0.0	0.0	0.0	0.12928199999999998	0.0	0.0	0.0	0.0	0.0	0.0685655	0.0	0.0	0.0	0.0	0.0	0.0	0.0	0.0	0.0	0.0	0.0	0.0	0.0	0.0	0.0	0.0	0.0	0.0	0.0	0.0	0.0	0.0	0.0	0.0667199	0.0	1.3707200000000002e-10	0.0	0.0	0.0	0.0	0.0	0.0	0.0	0.0	0.0	0.0	0.0	0.0	0.0103299	0.0	0.0	0.0	0.0	0.0	0.0	0.0	0.0	0.0	0.0	0.0	0.0	0.0	0.0	0.0	0.0	0.0	0.0	0.0	0.0	0.0	0.0	0.0	0.0	0.0	0.0	0.0	0.0	0.0	0.0	0.0	0.825867	0.0	0.0	0.0	0.0	0.0	0.0	0.0	0.0	0.0	0.0	0.0	0.0	0.0	0.0	0.0	0.0	0.0	0.0	0.0	0.0	0.0	0.0	0.0	0.0	0.0	0.0	0.0	0.0	0.0	0.0	0.0	0.0	0.0	0.0	0.0	0.0	2.2665700000000004e-09	0.0	0.0	0.0	0.0	0.0	0.0	0.0	0.0	0.0	0.0	0.0	0.0	0.0	0.0	0.0	0.0	0.0	0.0	0.0
TP53	TP53-023	1.31913	31.6782	0.299122	3.3328300000000004	9.41949	0.0654212	2.0468900000000003	0.000975575	0.259252	0.141355	0.00305943	7.5198100000000005	0.024327	0.378884	0.0	0.0435605	0.0	7.40613	0.000507051	1.07697	0.413267	6.82435	0.476554	0.135249	1.16762	2.3226	5.08758	7.71214	0.517981	0.322824	0.21151799999999998	0.659881	9.3905	0.376284	0.20416099999999998	0.49276099999999995	2.33026e-07	0.0	0.121472	0.146243	0.539596	0.338746	0.195412	0.10433599999999998	0.495399	2.84083	8.33417	2.53923	0.0	1.56982	0.9219200000000001	0.270961	0.360792	0.494933	0.168372	0.805277	0.0963995	0.319929	0.45593999999999996	0.138818	0.16128599999999998	0.11848800000000001	2.10679	0.73145	0.0	0.230397	0.126961	0.5094989999999999	0.529759	0.288578	0.148295	0.238781	0.0	0.336198	0.259126	1.41402	0.37331	0.197325	0.298773	2.7132400000000003	0.663503	0.43499399999999994	0.0703692	0.433696	0.13818699999999998	0.374639	4.478280000000001	0.165878	1.70622	1.10618	0.202645	6.7777	4.73904	1.0159	1.18511	0.00792477	14.362	1.2066	0.0	0.187472	1.7097799999999999	0.298	0.182018	1.79332	4.40521	3.26188	1.39468	21.2792	2.13773	13.2389	0.359077	0.369058	0.361252	1.74207	0.159878	20.2492	0.5127079999999999	0.272539	0.289758	0.436229	0.5357	0.322008	0.30791599999999997	0.730358	0.18879	0.644022	0.193715	1.72865	0.305804	0.26713899999999996	1.17068	0.000163594	3.57916	0.532751	0.046483300000000005	0.19631300000000002	0.146579	0.0	0.404403	0.135705	0.0	0.22865700000000003	8.32985	1.8017900000000002	1.86022	0.252863	0.384949	0.189617	1.38919e-06	2.37404	0.426324	0.256585	0.747419	1.129	3.7780199999999997	1.7262400000000002	0.674233	13.7232	0.476851	2.52858	0.23567399999999997	0.80229	5.9126900000000004	3.5741300000000003	1.9595799999999999	0.0	0.0806929	0.33553299999999997	0.163819	1.1235700000000002	0.768849	0.687282	1.04167	0.24866300000000002	0.300705	0.69999	0.26464299999999996	0.552304	0.08047389999999999	0.30672699999999997	0.612947	6.05411	2.66941	0.769424	0.147154	2.01428	0.0553028	1.40383	0.940766	0.551342	0.37242	0.28728200000000004	15.8851	0.5927560000000001	0.407941	0.14457799999999998	0.12500999999999998	1.18058	0.204198	1.17213	1.54399	2.14252	22.3239	8.186069999999999	0.11504400000000001	0.0634503	0.29423499999999997	0.497382	6.984610000000001	0.159573	0.490321	3.17178	0.000154461	0.32352800000000004	0.28284899999999996	0.124375	2.25236	14.2105	0.162803	19.4641	0.648374	1.886	1.73767	11.1752	5.73723	0.00467991	0.349009	4.77113	21.2868	2.81897	2.658	0.0	4.72589	6.49193	2.6850099999999997	0.8785639999999999	0.375654	4.78584	0.09419939999999999	4.00345	0.06604760000000001	7.018839999999999	0.10395399999999999	0.0	0.937942	2.0761	0.16384	0.150891	1.27449	1.27026	0.0	0.0	0.168488	0.97113	0.5950575	0.2507735	2.82404	1.1150185	0.2837595
TP53	TP53-028	9.64658	1.82287	12.2793	10.3394	1.68823	13.0214	14.9046	7.68692	3.84027	2.75291	8.826789999999999	1.4043299999999999	5.3407800000000005	1.42844	5.52838	0.9656	0.6354029999999999	0.0	11.6682	6.86675	14.0836	5.01018	2.24065	0.404428	0.63353	0.435155	6.892289999999999	1.49381	0.33881100000000003	4.07645	1.9071099999999998e-08	14.6282	4.21497	1.9863099999999998	4.5855	5.29805	2.67456	9.13493	0.00639543	3.7810900000000003	2.6352900000000004	1.37932	6.97081	0.21631399999999998	1.94872	5.8007599999999995	2.37621	9.49721	5.144830000000001	3.43214	14.1508	7.22375	0.00038835	8.83705	0.0284599	2.35716	4.08628	0.27368600000000004	6.5136400000000005	10.1999	6.95365e-07	6.01985	4.06128	19.1744	6.43984	0.00155663	0.644566	7.144839999999999	7.440810000000001	13.4954	8.28144	2.5028599999999996	7.214010000000001	11.2895	2.35374	6.79975	2.5175100000000002e-05	1.46318	1.77817	0.0	7.14215	7.94746	3.17446	2.1252	0.000278981	3.34229	3.1570099999999996	11.6033	0.617106	0.534888	0.402864	10.6896	0.409414	0.302169	1.43068	2.41852	10.8643	2.23634	1.1993200000000002	1.02891	5.24365	9.240819999999999e-07	3.24722	0.029182299999999998	7.09802	1.55733e-10	2.87168	3.88637	0.0	3.06855	6.84945	3.84344	2.08357	3.5675	0.0	4.80786	0.29757	0.0	5.3303	4.90292	3.50005	4.14883	1.7794299999999998	4.05607	3.3633699999999997	0.0	0.162298	11.557	0.516935	0.0205541	10.4078	0.13634200000000002	1.7522400000000002	2.15423	5.1371	2.95378	6.90525	1.92682	8.237789999999999	0.352691	3.93131	6.81033	0.532365	4.70183	5.3716800000000005	1.93481	2.63968	1.14924	3.2417700000000003	10.4392	5.7742	10.9534	1.32126	0.52736	0.0	0.289017	1.52454	11.4435	0.326371	6.833310000000001	2.59407e-09	3.7472300000000005	5.53263	0.360678	0.0	1.7639599999999998	1.52714	1.1184100000000001	11.1832	2.08787	0.49448000000000003	5.89369	1.91431	1.40841e-08	6.22767	0.35314	3.657	6.52759	0.00313078	9.529119999999999	0.618399	19.8991	2.33046	11.1942	0.27416799999999997	0.0	1.05056	2.91385	7.56237	0.0486933	2.92057	2.0051099999999997	0.106991	6.07941	2.6924	4.2795	2.7753200000000002	4.50775	7.91649	8.40666	6.18435	2.50482	1.8172400000000002e-06	3.34646	10.3227	0.247459	9.39049	0.75192	4.53259	13.5291	4.06663	6.0320599999999995	8.3423	0.909533	3.43466	0.34339000000000003	6.62655	5.194719999999999	14.5532	0.8322149999999999	7.76541	10.774000000000001	11.8268	2.12376e-05	7.43452	9.901769999999999	0.38961399999999996	0.482151	6.0432	0.0443254	2.01037	3.8707300000000004	3.54394	1.94393	4.82511	23.8552	4.87552	8.64	9.43624	7.969069999999999	4.51997	4.01368	6.13483	4.64676	5.96777	7.344189999999999	10.2491	6.925860000000001	7.26938	12.3406	0.880818	10.4113	9.53523	3.297005	0.361854	8.090315	4.886175	4.028505	8.317745
TP53	TP53-021	4.15216	1.4007	13.7713	4.67697	1.1269	14.8952	4.82996	5.327380000000001	22.891	2.46405	6.85681	0.806763	2.22729	5.96857	8.69545	1.82797	2.26613	0.860369	3.65297	15.5116	15.8358	1.8719400000000002	5.162780000000001	2.43688	1.22328	0.8843340000000001	6.78265	1.10226	0.9493299999999999	9.25111	1.2555100000000001	14.3101	2.0996799999999998	11.819	12.776	1.5509700000000002	6.14142	7.51835	9.00741	13.6212	8.258460000000001	2.69814	10.7871	0.5765239999999999	0.775688	4.05462	2.4704099999999998	0.0290318	6.65165	3.4141199999999996	20.3663	7.25944	1.34008	26.6349	6.832380000000001	4.08514	6.56233	1.02605	10.3853	37.1155	1.10673	19.4207	2.65385	17.9491	15.1737	3.2819199999999995	12.3144	6.98822	13.6771	23.8549	15.9321	4.5458300000000005	7.258210000000001	31.6044	2.54638	4.36033	0.324644	2.38707	1.48814	0.0	9.378	9.0502	3.7031099999999997	1.7371599999999998	2.99186	2.10343	2.68056	13.0976	0.299317	0.9798870000000001	1.09416	5.52094	0.00849898	0.0	0.43517799999999995	4.41426	7.6986	1.74174	0.0	1.04325	12.2871	2.53519	16.6656	0.049719099999999995	1.74889	0.000898528	4.89944	2.18614	0.0	2.28778	13.582	9.281310000000001	2.88365	7.05773	1.66029	5.08261	0.368114	4.80975e-05	9.44219	10.1743	5.66366	9.84548	6.4464	2.01966	4.12741	0.299274	0.45486800000000005	12.5828	1.39124	1.6610200000000002	9.37934	1.06683	0.739242	2.69889	6.18027	2.10426	6.64762	2.40958	9.0314	0.703188	6.838939999999999	10.8047	0.5861729999999999	5.21692	4.92818	0.469839	5.15958	1.63802	2.82082	4.5343	7.20821	6.81912	0.375983	0.0	0.0	0.0	1.02142	4.610119999999999	0.80135	3.105	0.00025801599999999996	1.72517	2.38626	0.522335	0.0	0.215442	8.128789999999999	0.333611	11.3227	2.0272	0.181765	4.90873	7.79668	2.44676	15.8235	0.0	4.55465	4.62445	0.255486	17.213	3.4842699999999995	11.243	1.7917200000000002e-05	10.6982	5.1039900000000005	0.0	0.7741180000000001	1.6433799999999998	9.5464	1.2101600000000001	1.3754	3.93165	0.00822856	13.7591	2.8213	5.64043	1.19793	5.43127	12.2602	7.28666	4.51265	2.66775	1.18771	0.326637	6.92145	1.5887200000000001	4.85521	0.064538	2.17565	9.01864	5.05883	3.8119	6.65175	1.3088	13.6318	0.7849659999999999	5.61463	3.19503	18.6213	0.222306	4.6939	9.27105	4.155469999999999	0.395286	5.0002	12.3352	1.4565899999999999e-06	0.0	2.0999	3.2474400000000004e-07	1.8459400000000001	1.06724	2.02006	0.0781109	3.20285	22.2245	6.36753	2.43262	14.720999999999998	5.71645	9.29133	1.4053799999999999	10.8477	7.98152	5.59896	11.7779	19.457	11.0059	7.030819999999999	19.1808	3.4265	15.1631	9.03549	3.282095	1.424815	16.2445	4.00397	3.35877	12.532655
TP53	TP53-025	0.0	0.0	0.0891969	0.0	0.253424	0.341897	0.6565300000000001	0.20130399999999998	0.129298	0.0702125	0.08210010000000001	0.0	0.147229	0.18040799999999999	0.284792	0.0	0.0	0.0	0.573513	0.0602145	0.228562	0.109276	0.07802089999999999	0.161326	0.0	0.310247	0.130159	0.0	0.0	0.297666	0.0	0.702716	0.21120999999999998	0.23071399999999997	0.0	0.739862	0.0	0.0	0.29222	0.0	0.240731	0.2799	0.00661461	0.0	0.0	0.0779818	0.0	0.0	0.763228	0.123115	0.16253800000000002	0.07663660000000001	0.0	0.515849	0.0552696	0.190306	0.5805899999999999	0.0	0.158682	0.239946	0.0	0.141229	0.11722300000000001	0.301921	0.0827449	0.20948899999999998	0.205777	0.364738	0.189778	0.38206799999999996	0.0	0.102139	0.0	0.736577	0.21210700000000002	0.0886328	0.0	0.0833134	0.614737	0.0	0.32428	0.240275	0.09596360000000001	0.0	0.0	0.862857	0.09135499999999999	0.161961	0.0	0.0	0.0	0.0844809	0.122537	0.0	0.182982	0.355482	0.141379	0.290013	0.0	0.0	0.350629	0.24355300000000002	0.63675	0.0	0.19132000000000002	0.0	0.0757086	0.0	0.0	0.0	0.14879900000000001	0.147303	0.0	0.0	0.0870278	0.30416	0.0	0.0	0.0931648	0.205067	0.263383	5.23897	0.381469	0.13216	0.0	1.04923e-07	0.116317	0.432433	0.0	0.0	0.0	2.55593	0.0	0.160518	0.499924	0.140396	0.41310600000000003	0.186648	0.0	0.0	0.0	0.105457	0.27682199999999996	0.0	0.0	0.0	0.278932	0.110197	0.0	0.31399099999999996	0.137192	0.101583	0.0	0.0	0.0	1.53208e-05	0.297	0.320469	0.14280199999999998	0.148255	0.0	0.0773549	0.0	0.09253660000000001	0.0	0.0	0.0	0.0	0.230221	0.0932617	0.166549	0.665	0.48289499999999996	0.0	0.08007439999999999	0.0	0.0	0.0	0.0	0.0	0.6400140000000001	0.247617	0.0	0.22784899999999997	0.0822667	0.0	0.0	0.0	0.271858	0.0	0.0	0.06532919999999999	0.0	0.14108800000000002	0.155941	0.0	0.0	0.34980100000000003	0.0	0.341574	0.220333	0.0957084	0.0010372	0.0	0.0	0.0	0.167189	0.0	0.25352199999999997	0.161599	0.0	0.0	0.08025260000000001	0.0	0.0	0.0	0.02547	0.0	0.0	0.0	0.17611400000000002	0.144153	0.680395	0.0	0.30891	0.0	0.194987	0.0	9.06605e-09	0.0	0.0	0.0	0.0	0.0	0.0	0.49268100000000004	0.0	0.0	0.16609300000000002	0.39315	0.172043	0.0	0.0929953	0.0979694	0.476754	0.10485599999999999	0.165632	0.0	0.09659730000000001	0.990031	0.0	0.0	0.5119520000000001	0.148523	0.229458	0.0353387	0.0393313	0.04099655	0.0
TP53	TP53-029	0.25204699999999997	0.36482800000000004	0.49084399999999995	0.23765	0.12033599999999998	0.393504	0.125943	0.21837600000000001	0.563589	0.0631603	0.319875	0.0628406	0.146112	0.034999699999999995	0.303517	0.0629632	0.065487	0.08458289999999999	0.154895	0.18620899999999999	0.774756	0.24931799999999998	1.41814	0.0549014	0.39155300000000004	0.0343399	0.263735	0.14805	0.0410168	0.8388969999999999	0.05333380000000001	0.293458	0.239063	0.512361	0.176564	0.0841598	0.154631	0.20219	0.06541269999999999	0.152162	0.203942	0.0971022	0.264395	0.0308784	0.0	0.0935705	0.16906500000000002	1.0510899999999999	0.07567080000000001	0.225412	0.595059	0.224002	0.061644500000000005	0.42659300000000006	7.05669	0.117958	0.376742	0.360178	0.200501	0.8524520000000001	0.0274003	1.48886	0.168126	0.38947800000000005	0.529434	0.251587	0.133797	0.6688649999999999	0.1491	0.757441	0.6214270000000001	0.11329600000000001	0.413387	0.5345810000000001	0.0	0.531295	0.0	0.030197700000000004	0.311636	0.0	0.203521	0.408026	0.88807	0.0465226	0.09260739999999999	0.12794	0.140124	0.31264899999999995	0.0435297	0.0	0.0258082	0.35483400000000004	0.0509991	0.0	0.07311060000000001	0.0308775	0.272784	0.0505453	0.10846900000000001	0.0460869	0.119539	0.23042100000000001	0.425465	0.0	0.658922	0.0	0.359267	0.235091	0.0	0.312898	0.402955	0.0752529	0.07781460000000001	0.290982	0.05579540000000001	0.353648	0.0765835	0.0	0.294616	0.348163	0.315818	0.695883	0.10279200000000001	0.42442299999999994	0.15333	0.0	0.0	0.542305	0.0	0.0707393	0.962018	0.0608818	0.0644822	0.114579	0.127221	0.0367046	0.07343519999999999	0.229422	0.402669	0.0346409	0.0237968	0.536116	0.0448646	0.160664	0.21275300000000003	0.285837	0.0879354	0.288877	0.0680898	0.315666	0.0717314	0.249477	0.0	0.083366	0.0111299	0.0	0.276973	0.305831	0.027865800000000003	0.07381599999999999	0.0	0.0464631	0.0	0.08108610000000001	0.0	0.0161673	0.45056899999999994	0.0	0.319458	0.361035	0.0215446	0.11121700000000001	0.329663	15.3139	0.726533	0.09814860000000002	0.387477	0.312693	0.0	0.760684	0.0810434	0.630318	0.22550599999999998	0.121558	0.44519200000000003	1.86467	0.0277594	0.10721900000000001	0.750031	0.0633125	0.21423699999999998	0.253399	0.018740599999999996	1.11216	0.0646511	0.159139	0.289014	0.160243	0.43527299999999997	0.332985	0.423074	0.173226	0.644312	0.19888599999999998	0.441441	0.13146300000000002	0.273003	0.232789	0.14286400000000002	0.49605200000000005	0.14786400000000002	0.0605749	0.257444	0.0	0.392638	0.0	0.0913531	0.26718600000000003	0.98445	0.15876400000000002	0.219743	0.26361	0.232411	0.0118292	0.192299	0.321364	0.0421168	0.0661595	0.363083	0.0946617	0.017030299999999998	0.0251436	0.0689074	0.0665834	0.297112	18.5495	0.311177	0.625215	0.728021	0.17194	0.148088	0.0593232	0.42590500000000003	0.0734246	0.417441	0.696853	1.19718	0.596828	0.20188599999999998	5.29807	0.0	0.516342	0.387311	0.0979617	0.04987925	0.676834	0.08840555	0.12842975	0.532992
FLG	FLG-001	0.015415100000000001	0.0626788	0.444096	0.0111579	0.00242621	0.35701	0.010412200000000002	0.0617837	1.17835	0.9698180000000001	0.228325	0.0103414	0.13581300000000002	0.335751	0.0026089000000000004	0.9374809999999999	0.349503	0.00726505	0.14305199999999998	0.454586	0.07074989999999999	0.0	0.055588	0.0745881	0.134721	0.0117559	0.0717984	0.00484849	0.745531	0.742246	0.111476	0.506678	0.343506	0.0999892	0.289627	0.245806	0.185104	0.0	0.33315300000000003	0.110773	0.16975	0.21931900000000001	0.0510112	0.693377	0.0	0.35676399999999997	0.00744128	0.075186	0.0166223	0.049289599999999996	0.665334	0.220592	0.0528745	0.555747	0.11147699999999999	0.0310837	0.37935399999999997	0.13351	0.345215	1.8338599999999998	1.12255	0.11183900000000001	0.0267555	0.08433560000000001	0.312191	0.590883	0.133697	0.475492	0.575084	0.299245	0.191412	0.550687	0.46535699999999997	0.24147	0.760558	0.289005	0.06756770000000001	0.00473949	0.130734	0.0050648	0.107721	0.113043	0.6758	0.164363	0.24741100000000002	0.606893	0.00742702	0.00184513	0.051838699999999995	0.0108714	0.0766757	0.00167732	0.0158936	0.110826	0.0413432	0.28739899999999996	0.0211134	0.140139	0.18023599999999998	0.9854959999999999	0.341563	0.669166	0.329606	0.0151771	0.161917	0.010590299999999999	0.0487982	0.00880643	0.00710058	0.0239635	0.262782	1.23567	0.208916	0.558994	0.805433	0.0596776	0.491779	0.476145	0.208463	0.035858999999999995	0.982506	3.0874099999999998	0.277089	0.183302	0.0803599	0.0	0.019771900000000002	0.48262299999999997	0.642147	1.25235	0.21350100000000002	0.740222	0.0723331	0.0990381	0.186633	0.52545	0.016264400000000002	0.304058	0.5282600000000001	0.483886	0.012778200000000002	0.045805900000000004	0.0	0.0904008	0.0795986	0.0910615	0.012956200000000001	0.0	0.24791799999999997	0.00397335	0.603924	0.423863	0.00883439	0.019712900000000002	0.00449338	0.00653441	0.193469	0.0	0.384019	0.22341399999999997	0.646555	0.0122054	0.077804	0.0	0.0111279	0.22529899999999997	0.526948	0.09337519999999999	0.163443	0.0	0.033209699999999995	0.6892739999999999	0.00202273	0.00429478	0.253626	0.05763290000000001	1.2279799999999998	1.03795	0.016826499999999998	0.0	0.383211	0.0141352	1.24064	0.0835345	0.14044700000000002	0.226273	0.23686100000000002	0.216406	0.505532	0.305823	0.194503	0.484574	0.0136024	0.0	0.596266	0.0197396	0.013661700000000002	0.00433858	0.599857	0.566613	0.265127	0.177973	0.30104899999999996	0.059745299999999994	0.5157579999999999	0.00725167	0.0182992	0.198634	0.0169399	0.14266900000000002	0.634134	0.0239367	0.417429	0.11415299999999999	0.157079	0.439975	0.22646599999999997	0.0165347	1.07946	0.00902799	0.00580311	0.00882814	0.049094599999999995	0.0	0.0017094999999999999	0.183336	0.0	0.00764429	0.0116345	0.0	0.0121214	0.291648	0.04995669999999999	0.0687928	0.0	1.00475	0.21986799999999998	0.07639750000000001	0.09021130000000001	0.0491764	0.0856784	0.00353234	0.18323299999999998	0.957886	0.013758600000000001	1.70734	0.0	0.05203630000000001	0.0595067	4.47374	0.191163	0.127405	0.28076	0.00570542	0.456657	3.18372	0.02630197	0.0450943	0.1201337
LCE1C	LCE1C-002	0.0	0.0	0.0	0.0	0.0	0.0	0.0	0.0	0.0	0.0	1.67661	0.0	0.0	0.0	0.0	0.0	0.0	0.0	0.0	0.0	0.0	0.0	0.0	0.0	0.0	0.0	0.0	0.0	1.49817	0.0	0.0	0.0	0.0	0.0	0.0	0.0	0.0	0.0	0.0	0.0	0.0	0.0	0.0	0.0	0.0	0.0	0.0	0.0	0.0	0.0	0.0	0.0	0.0	0.0	0.0	0.0	0.0	0.0	0.0	0.0	0.0	0.0	0.0	0.0	0.0	0.0	0.0	0.0	0.0	0.0	0.0	0.0	0.0	0.0	0.0	0.0	0.0	0.0	0.0	0.0	0.0	0.0	0.0	0.0	0.0	0.0	0.0	0.0	0.0	0.0	0.0	0.0	0.0	0.0	0.0	0.0	0.0	0.0	0.0	0.0	0.0	0.360626	0.0	0.0	0.0	0.0	0.0	0.0	0.0	0.0	0.0	0.0	0.0	0.0	0.0	0.0	0.0	0.0	0.0	0.331731	0.0	0.0	0.0	0.0	0.0	0.0	0.0	0.0	0.0	0.0	0.0	0.0	0.0	0.0	0.0	0.0	0.0	0.0	0.0	0.0	0.0	0.0	0.0	0.0	0.0	0.0	0.0	0.0	0.0	0.0	0.0	0.0	0.0	0.0	0.0	0.0	0.0	0.0	70.9457	0.0	0.0	0.0	0.0	0.0	0.0	0.0	0.0	0.0	0.0	0.0	0.0	0.0	0.0	0.5207930000000001	0.0	0.0	0.0	0.0	0.0	0.0	0.0	0.0	0.0	0.0	0.0	0.0	0.0	0.0	0.0	0.0	0.0	0.44437299999999996	0.0	0.79875	0.0	0.0	0.0	0.0	0.0	0.0	0.0	0.0	0.0	0.0	0.0	0.0	0.0	0.0	0.0	0.0	0.0	0.0	0.0	0.0	0.0	0.0	0.0	0.0	0.0	0.0	0.0	0.0	0.0	0.0	0.0	0.0	0.0	0.297556	0.0	0.0	0.0	0.0	0.0	0.0	0.0	0.322656	0.0	0.0	0.0	0.0	0.0	0.0	0.0	0.0	0.0	0.0	0.0	0.0	0.0	0.0	0.0	0.0	0.0	0.0	0.0	0.0	0.0	0.0	0.174156
LCE1C	LCE1C-001	0.05949159999999999	0.0	0.0	0.0	0.0	0.0	0.0	0.0	0.0	0.0	3.11928	0.0	0.0	0.0	0.0	0.0	0.0	0.0	0.0	0.0	0.0	0.0	0.0	0.07781089999999999	0.0	0.0	0.0	0.163151	1.37533	0.0	0.0	0.0	0.0	0.0	0.0	0.0	0.0443102	0.0	0.0	0.0842755	0.0	0.0	0.0	0.0	0.0	0.0	0.0	0.0	0.0	0.0	0.0	0.0425546	0.047348900000000006	0.0	0.0	0.0	0.0	0.0	0.21855100000000002	0.0	0.0	0.0	0.0	0.0	0.0	0.0	0.0	0.0	0.0	0.0	0.0	0.0	0.0	0.0	0.0	0.0	0.0412142	0.0	0.0	0.0	0.0	0.0	0.0	0.0432111	0.0	0.0	0.0	0.0486714	0.0	0.0	0.0	0.0	0.0	0.0	0.0	0.0	0.0	0.0708572	0.0	0.0	0.0546695	0.241927	0.0	0.0	0.0	0.0	0.0	0.0	0.0	0.0	0.0	0.0	0.0	0.177548	0.0	0.0	0.0	0.0	0.0	0.126181	0.0	0.0	0.0	0.0	0.0	0.0	0.0	0.0	0.0	0.0	0.0	0.0	0.0	0.0	0.0	0.0	0.0	0.0	0.0	0.0	0.0	0.0	0.0	0.0	0.0	0.0	0.0	0.0	0.0	0.10683800000000002	0.0	0.13225	0.0	0.0	0.0	0.0	0.21551199999999998	0.0	86.2021	1.11821	0.0	0.0	0.0	0.0	0.0	0.0	0.0542831	0.0	0.0739203	0.0	0.0	0.0	0.0	0.06039540000000001	0.0	0.0	0.0	0.0	0.0	0.0	0.0	0.0	0.0	0.0	0.0	0.0	0.0	0.0	0.0	0.0	0.0	0.0	0.0	0.869273	0.0	0.0	0.042054900000000006	0.0	0.0	0.0	0.0	0.048375800000000004	1.21036	0.0	0.0	0.100122	0.05799780000000001	0.0	0.09133680000000001	0.0	0.0	0.0	0.0	0.0	0.0	0.0	0.0	0.0	0.0	0.0	0.0	0.0	0.0	0.0	0.0	0.0	0.0	1.3431799999999998	0.0788956	0.0	1.7849700000000002	0.0	0.0	0.0	0.0	0.11588299999999999	0.0	0.0	0.0	0.0	0.051660000000000005	0.0	0.0	0.0	0.0	0.0	0.0	0.0	0.0	1.74963	0.0	0.0	0.0	0.02168255	0.0	0.053339	0.0	0.0	0.24649
LCE1B	LCE1B-001	0.0	0.0	0.0	0.0	0.0	0.0	0.0	0.0	0.0	0.0	0.237184	0.0	0.0	0.0	0.0	0.0	0.0	0.0	0.0	0.0	0.0	0.0	0.0	0.0	0.0	0.0	0.0	0.0847308	0.0	0.0	0.0	0.0	0.0	0.0	0.0	0.0	0.0	0.0	0.0	0.0	0.0	0.0	0.0	0.0	0.0	0.0	0.0	0.0	0.0	0.0	0.0	0.0	0.0	0.0	0.0	0.0	0.0	0.0	0.0367004	0.0	0.0	0.0	0.0	0.0	0.0	0.0	0.0	0.0	0.0	0.0	0.0	0.0	0.0	0.0	0.0	0.0	0.0218976	0.260705	0.0	0.0	0.0259986	0.0	0.0924849	0.0	0.0	0.0	0.0	0.0	0.0	0.0233106	0.0	0.0	0.0	0.0	0.0	0.0566195	0.0	0.0757202	0.0	0.0	0.029555099999999997	0.0	0.026046100000000003	0.0346314	0.0	0.0	0.0	0.0	0.0415237	0.0	0.0	0.0	0.0	0.023635299999999998	0.0	0.0	0.0	0.0	0.0	0.0	0.0	0.0	0.0	0.0	0.0	0.0	0.0	0.0	0.0	0.0	0.0	0.0	0.0	0.0	0.0	0.0	0.0	0.0	0.0	0.0	0.0	0.0	0.0	0.0	0.0	0.0	0.0	0.0	0.0	0.0	0.0	0.0	0.0	0.0	0.0	0.0	0.0	0.0	3.0066	0.41924700000000004	0.0	0.0	0.0	0.0	0.0	0.0	0.0	0.0	0.0	0.0	0.0	0.0	0.0	0.0	0.0	0.0	0.0	0.0	0.0	0.0	0.0	0.0	0.0	0.0	0.0	0.0	0.0	0.0	0.0	0.0	0.0	0.0	0.0	0.0	0.0	0.0	0.0	0.0	0.0	0.0	0.0	0.0	0.0	0.0	0.0	0.0	0.028139299999999996	0.0	0.0	0.0	0.0	0.0	0.0	0.0	0.0	0.0	0.0	0.0	0.0	0.0	0.0	0.0	0.0	0.0	0.0	0.0	0.0	0.564172	0.019274400000000004	0.0	0.348503	0.0	0.0	0.0	0.0	0.0	0.0	0.0	0.0	0.0	0.0	0.0	0.0	0.0	0.0	0.0	0.0	0.0	0.0	0.215502	0.0	0.0	0.0	0.0276565	0.0	0.0	0.0	0.0	0.0
LCE1F	LCE1F-001	0.0	0.0	0.0	0.0	0.0	0.0	0.0	0.0	0.0	0.0	3.14336	0.0	0.0	0.0	0.0	0.0	0.0	0.0	0.0	0.0	0.0	0.0	0.0	1.07103	0.0	0.0	0.0	0.508981	0.0	0.0	0.0	0.0	0.0	0.0	0.0	0.0	0.0	0.0	0.0	0.0	0.0	0.0	0.0	0.0	0.0	0.0	0.0	0.0	0.0817943	0.0	0.0	0.0	0.0	0.0	0.0	0.0	0.0	0.0	0.0	0.0	0.0	0.0	0.0	0.0	0.0	0.0	0.0	0.0	0.0	0.0	0.0	0.0	0.0	0.0	0.0	0.0	0.0976051	0.0	0.0	0.0	0.0	0.0	0.0	0.0	0.0	0.0	0.0	0.0	0.0	0.0	0.0	0.0	0.0	0.0	0.0	0.0	0.0	0.865872	0.0	0.0	0.0	0.0	0.0	0.0	0.0	0.0	0.0	0.0	0.0	0.0	0.0	0.0	0.0	0.215381	0.0	0.0	0.0	0.0	0.0	0.0	0.0	0.0	0.0	0.0	0.0	0.0	0.0	0.0	0.0	0.0	0.0	0.0	0.0	0.0	0.0	0.0	0.0	0.0	0.0	0.0	0.0	0.0	0.0	0.0	0.0	0.0	0.0	0.0	0.0	0.00332487	0.0	0.207941	0.0	0.0	0.21526900000000002	0.0	0.0	0.0	0.0	0.249894	0.0	0.0	0.0	0.0	0.0	0.0	0.0	0.0	0.0	0.0	0.0	0.0	0.0	0.0	0.0	0.0	0.0	0.0	0.0	0.0	0.0	0.0	0.0	0.0	0.0	0.0	0.0	0.0	0.0	0.0	0.0	0.0	0.0	0.0	0.0	0.0	0.0	0.0	0.0	0.0	0.0850297	0.0	0.0	0.0	0.0	0.0	0.0	0.0	0.0	0.0	0.0	0.0	0.0	0.0	0.0	0.0	0.0	0.0	0.0	0.0	0.0	0.0	0.0	0.0	0.0	0.0	0.0	0.887424	0.0	0.0	0.254021	0.0	0.0	0.0	0.0	0.0	0.0	0.0	0.0	0.0	0.385273	0.0	0.0	0.0	0.0	0.0	0.0	0.0	0.0	0.447039	0.0	0.0	0.0	0.2031955	0.0	0.0	0.0	0.0	0.0
LCE1D	LCE1D-001	0.0	0.0	0.0	0.0	0.0	0.0	0.0	0.0	0.0	0.0	0.646339	0.0	0.0	0.0	0.0	0.0	0.0	0.0	0.0	0.0	0.0	0.0	0.0	0.0	0.0	0.0	0.0	0.0	0.0	0.0	0.0	0.0	0.0	0.0	0.0	0.0	0.0	0.0	0.0	0.0	0.0	0.0	0.0	0.0	0.0	0.0	0.0	0.0	0.0	0.0	0.0	0.0	0.0	0.0	0.0	0.0	0.0	0.0	0.0	0.0	0.0	0.0	0.0	0.0	0.0	0.0	0.0	0.0	0.0	0.0	0.0	0.0	0.0	0.0	0.0	0.0	0.0	0.0	0.0	0.0	0.08766410000000001	0.0	0.0	0.0	0.0	0.0	0.0	0.0	0.0	0.0	0.0	0.0	0.0	0.0	0.0	0.0	0.0	0.0	0.0	0.0	0.0	0.0861172	0.0	0.0	0.0	0.0	0.0	0.0	0.0	0.0	0.0	0.0	0.0	0.0	0.0	0.0	0.0	0.0	0.0	0.0	0.0	0.0	0.0	0.0	0.0	0.0	0.0	0.0	0.0	0.0	0.0	0.0	0.0	0.0	0.0	0.0	0.0	0.0	0.0	0.0	0.0	0.0	0.0	0.0	0.0	0.0	0.0	0.0	0.0	0.272924	0.0	0.0	0.0	0.0	0.0	0.0	0.0	0.0	0.0	0.0895441	0.0	0.0	0.0	0.0	0.0	0.0	0.0	0.0	0.0	0.0	0.0	0.0	0.0	0.0	0.0	0.0	0.0	0.0	0.0	0.0	0.0	0.0	0.0	0.0	0.0	0.0	0.0	0.0	0.0	0.0	0.0	0.0	0.0430949	0.0	0.0	0.0	0.0	0.0	0.0	0.0	0.0	0.0	0.0	0.0	0.0	0.0	0.0	0.0	0.0	0.0	0.0	0.0	0.0	0.0	0.0	0.0	0.0	0.0	0.0	0.0	0.0	0.0	0.0	0.0	0.0	0.0	0.0	0.0	0.0	0.0	0.0	0.0	0.0	0.0	0.0	0.0	0.0	0.0	0.0	0.0	0.0	0.0	0.0	0.0	0.0	0.0	0.0	0.0	0.0	0.0	0.0	0.0	0.0	0.0	0.0	0.0	0.0	0.0	0.0
LCE1A	LCE1A-001	0.0	0.0	0.0	0.0	0.0	0.0	0.0	0.0	0.0	0.0	0.311893	0.0	0.0	0.0	0.0	0.0	0.0	0.0	0.0	0.0	0.0	0.0	0.0	0.0	0.0	0.0	0.0	0.0	0.0	0.0	0.0	0.0	0.0	0.0	0.0	0.0	0.0	0.0	0.0	0.0	0.0	0.0	0.0763349	0.0	0.0	0.0	0.0	0.0	0.0	0.0	0.0	0.0	0.0	0.0	0.0	0.0	0.0	0.0	0.0	0.0	0.0	0.0	0.0	0.0	0.0	0.0	0.0	0.0	0.0	0.0	0.0	0.0	0.0	0.0	0.0	0.0	0.0	0.0	0.0	0.0	0.0	0.0	0.0	0.0	0.0	0.0	0.0	0.0	0.0	0.0	0.0	0.0	0.0	0.0	0.0	0.0	0.0	0.0	0.0	0.0	0.0	0.0	0.0	0.0	0.0	0.0	0.0	0.0	0.0	0.0	0.0	0.0	0.0	0.0	0.0	0.0	0.0	0.0	0.0	0.0	0.0	0.0	0.0	0.0	0.0	0.0	0.0	0.0	0.126227	0.0	0.0	0.0	0.0	0.0	0.0	0.0	0.0	0.0	0.0	0.0	0.0	0.0	0.0	0.0	0.0	0.0	0.0	0.0	0.0	0.0	0.0	0.0	0.0	0.0	0.0	0.0	0.0	0.0	0.0	0.0	0.0	0.0	0.0	0.0	0.0	0.0	0.0	0.0	0.0	0.0	0.0	0.0	0.0	0.123902	0.0	0.0	0.0	0.0	0.0	0.0	0.0	0.0	0.0	0.0	0.0	0.0	0.0	0.0	0.0	0.0	0.0	0.0	0.0	0.8374870000000001	0.0	0.0	0.0	0.0	0.0	0.0	0.0	0.198034	0.0	0.0	0.0	0.0	0.0	0.0	0.0	0.0	0.0	0.0	0.0	0.0	0.0	0.0	0.0	0.0	0.0	0.0	0.0	0.0	0.0	0.0	0.0	0.0	0.0	0.483947	0.0	0.0	0.0	0.0	0.0	0.0	0.0	0.0	0.0	0.0	0.0	0.0	0.0	0.0	0.0	0.0	0.0	0.0	0.0	0.0	0.0	0.0	0.0	0.0	0.0	0.0	0.0	0.0	0.0	0.0	0.0
