index	Transcript	AAOL	AAOJ	AAOF	AAOD	AAOC	AAOB	AAO6	AAO4	AAO3	AANV	AANR	AANJ	AANI	AAM4	AAM3	AAM2	AALZ	AALY	AALX	AALW	AALT	AALS	AALR	AALQ	AALP	AALO	AALN	AALG	AALF	AAL7	AAL5	AAKM	AAKL	AAKH	AAKD	AAHT	AAHN	AAHL	AAHG	AAHC	AAHA	AAH8	AAH4	AAH3	AAH2	AAH0	AAGZ	AAGX	AAGW	AAGV	AAGT	AAGS	AAGP	AAGO	AAGN	AAGM	AAGK	AAGJ	AAGG	AAGF	AAGE	AAGC	AAGA	AAG9	AAG8	AAG7	AAG6	AAG5	AAG3	AAG0	AAFZ	AAFY	AAFV	AAFO	AAFN	AAFM	AAFL	AAFJ	AAFI	AAFH	AAFE	AAF8	AAF6	AAF4	AAF1	AAEX	AAEW	AAAL	AA61	AA4L	AA1I	AA1H	AA1G	AA0N	AA0H	AA0F	AA0E	AA0D	AA0B	AA06	AA05	A9T9	A9SE	A9D6	A9D5	A94I	A94D	A912	A90Y	A90W	A90S	A90Q	A90P	A8S3	A8S2	A8JY	A8JX	A8JW	A8JP	A8H5	A8H4	A8H1	A8G4	A8D5	A8AE	A8AD	A8AC	A8AB	A8AA	A8A9	A8A8	A89B	A84Y	A84X	A84W	A7V5	A7V4	A7V3	A7U4	A7U3	A7U2	A76C	A6J6	A6IS	AAKO	AAKG	AAHP	AAGY	AAGI	AAFG
TP53	TP53-001	0.0	1.44389	3.74879	6.17661	9.778739999999999	5.05616	7.75477e-05	0.500827	7.52031	5.44911	11.3714	5.62615	13.4441	13.9099	12.792	14.7295	5.296880000000001	6.1612	16.4944	18.9519	3.74115	2.9842299999999997	5.75059	7.4551	4.76082	12.7392	2.4803900000000003	2.505	0.396872	1.88618	14.556	7.12316	6.80179	10.3112	3.14193	4.3646400000000005	4.24057	2.03415	15.5144	5.28045	7.59876	5.65864	7.6567300000000005	11.0903	12.3017	1.39685	6.42361	17.5209	5.21057	6.16934	10.7104	24.2603	10.5864	8.234639999999999	8.93328	14.8483	9.47273	7.21497	9.92055	0.658712	8.14915	11.2529	3.95756	5.48308	2.67086	13.1851	14.9876	18.4727	10.8041	7.97848	21.2669	4.1394400000000005	12.0151	1.3566799999999999	2.92924	0.42252399999999996	2.36117	8.6266	4.31556	8.83221	4.9578	7.2558300000000004	12.6805	10.5633	10.2756	6.3788	13.2825	3.2802800000000003	10.2673	3.6943699999999997	8.94059	7.78975	10.81	0.197653	8.11678e-07	0.841341	0.233949	0.5591189999999999	0.013296100000000002	0.39326300000000003	0.00184651	6.6982	6.733060000000001	11.5266	5.510269999999999	10.152000000000001	11.8066	7.81295	6.87588	8.86795	5.40038	8.260539999999999	6.494759999999999	11.1856	7.36373	6.023619999999999	9.51966	10.4528	8.0248	8.11324	3.18791	4.46004	4.69606	5.4221900000000005	1.24729	4.21897	6.40583	8.78973	3.35846	3.6947400000000004	2.68823	6.7166	19.7129	1.8107	27.2321	6.84249	5.07601	5.572769999999999	5.99981	13.7663	7.2031	14.6104	4.19265	8.86501	7.24539	0.69214	5.787585	14.8241	12.35624	9.490255
TP53	TP53-019	0.09123830000000001	0.0539807	0.13517300000000002	0.333649	0.5222060000000001	0.115943	0.272094	0.17640899999999998	0.31444	0.477871	1.376	0.367819	0.360659	0.368773	0.368552	0.33881100000000003	0.201526	0.409576	0.261368	1.0714700000000001	0.275866	0.321736	0.20870100000000003	0.366087	1.07505	0.604661	0.46815100000000004	0.040165	0.0971075	0.152205	0.432446	0.433238	0.319569	0.46325600000000006	0.13664300000000001	0.16231099999999998	0.26659499999999997	0.0933646	0.13991099999999998	0.212329	0.28718899999999997	0.24709899999999999	0.365684	1.09238	0.509333	0.0	0.18173599999999998	0.363822	0.166541	0.0	0.220761	0.768483	0.25245100000000004	0.32759699999999997	0.05399009999999999	0.404098	0.196394	0.360687	0.21333200000000002	1.60816	0.0701831	0.385646	0.103805	0.426817	0.341781	1.5414700000000001	0.425454	0.436777	0.225253	0.603186	1.00994	0.305535	1.05853	0.49091	0.155111	0.354158	0.259044	0.972137	0.172705	0.302235	0.200009	0.233934	0.0784802	0.534346	0.33219099999999996	0.246707	0.684546	0.28223899999999996	0.391826	0.192459	0.36374	0.37041999999999997	0.458354	0.100273	0.07765860000000001	0.242986	0.334427	0.233077	0.320943	0.136073	0.08918939999999999	0.272951	0.14631	0.54308	0.07135230000000001	0.676124	0.569092	0.2606	0.62685	0.548485	0.402886	0.431349	0.30595	0.149116	0.546569	0.38652600000000004	0.45005600000000007	0.656748	0.276599	0.22946	1.5654299999999999	0.280617	0.147509	0.157139	0.164576	0.521418	0.395595	0.280358	0.136094	0.260129	0.234805	0.621526	0.7274189999999999	0.09631060000000001	0.732583	0.43954399999999993	0.0	1.1545100000000001	0.06616939999999999	0.46845600000000004	0.9503940000000001	0.24776700000000002	0.07495210000000001	0.445654	0.3679215	0.04405005	0.3475755	0.3170605	0.2870295	0.4154535
TP53	TP53-018	0.11526600000000001	0.0584602	0.160685	0.291553	0.489806	0.27035	0.211517	0.0664507	0.346557	0.28778400000000004	0.0	0.34748	0.423368	0.298125	0.151088	0.450485	0.10409700000000001	0.0	0.806066	0.610287	0.150418	0.052752	0.181857	0.0698526	0.175206	0.12131700000000001	0.0	0.0	0.0944444	0.0614687	0.42735500000000004	0.561304	0.291284	0.30649499999999996	0.474768	0.409223	0.151835	0.069245	0.33320900000000003	0.444693	0.302111	0.340308	0.160377	0.957501	0.141717	0.300869	0.048563800000000004	0.349199	0.091921	0.19284	0.311332	0.516037	0.421133	0.580829	0.301492	0.486444	0.160431	0.33205999999999997	0.325167	0.123395	0.518415	0.312029	0.196515	0.332997	0.22390300000000002	0.422706	0.620271	0.240407	0.7453810000000001	0.486346	0.24802600000000002	0.424821	0.427913	0.17033299999999998	0.206769	0.054320400000000005	0.281087	0.0	0.510624	0.284487	0.25572399999999995	0.12441500000000001	0.312152	0.43586099999999994	0.310248	0.23261500000000002	0.926558	0.08409810000000001	0.0958599	0.190854	0.282857	0.0488409	0.280572	0.133262	0.0718862	0.0352229	0.0	0.09984989999999999	0.055379599999999994	0.128405	0.0	0.601642	0.554208	0.9314899999999999	0.394953	0.667605	0.7383149999999999	0.5791310000000001	0.29381799999999997	0.817492	0.28329099999999996	0.983348	0.691718	0.10828	0.380749	0.6059260000000001	0.620628	0.79638	0.549809	0.487882	0.34757	0.260049	0.168728	0.107249	0.043165499999999996	0.120173	0.17690699999999998	0.277208	0.17183099999999998	0.287742	0.194775	0.5746	0.19698800000000002	0.08441699999999999	0.20845999999999998	0.264191	2.24419	0.8678	0.280631	0.175742	0.7027220000000001	0.496245	0.114668	0.6805359999999999	0.561551	0.04842675	0.19260425	1.239445	0.240788	0.484695
TP53	TP53-005	0.0	0.0	0.156108	0.850058	0.42628299999999997	0.440871	0.19562000000000002	0.255037	0.21011	0.306178	0.11480499999999999	0.231923	0.70726	0.232816	0.42988000000000004	0.8299790000000001	0.23162199999999997	0.248065	0.194393	0.290195	0.18312	0.381749	0.149391	0.0	0.493142	0.661774	0.290817	0.23333	0.0	0.223623	0.387223	0.48748400000000003	1.01207	0.655492	0.4054	0.0870544	0.097588	0.0	0.292517	0.817078	0.24005700000000002	0.19831700000000002	0.0913873	0.27822199999999997	0.5588770000000001	0.504907	0.184197	0.22020900000000002	0.0	0.383417	0.07399889999999999	0.86834	0.350606	0.47993500000000006	0.993641	0.338951	0.504546	0.11944300000000001	0.518458	0.0814548	0.197318	0.717611	0.5399189999999999	0.14257899999999998	0.197167	0.905711	0.734879	0.349957	0.174749	0.996268	0.19636099999999998	0.992799	1.00965	0.170599	0.16527999999999998	0.0	0.0	0.0	0.53278	0.23929699999999998	0.317869	0.0	0.19658699999999998	0.385315	0.43788599999999994	0.0	0.318473	0.42712700000000003	0.318749	0.501862	0.0	1.32466	0.0	0.0	0.08898489999999999	0.0	0.171981	0.0	0.0	0.0	0.458504	0.497462	0.748175	0.522892	0.351675	0.7490399999999999	0.167825	0.0830586	0.454611	0.254212	0.770425	0.454586	0.6134930000000001	0.28293	0.143709	0.0	0.276787	0.75349	0.05727080000000001	0.211223	0.283674	0.42037299999999994	0.0	0.06633910000000001	0.0	0.8273879999999999	0.693351	0.126709	0.0920637	0.375659	0.489899	0.376832	0.25179	0.0686808	0.167233	0.35323699999999997	0.0	0.125404	0.318952	0.14912899999999998	0.20685100000000003	0.14479	0.180257	0.234515	0.4883855	0.4161105	0.4214435	0.51603	0.513365	0.561883
TP53	TP53-002	0.0	6.64301	8.88844	9.645480000000001	13.1557	5.97198	0.572249	2.57346	7.763	7.06237	13.7339	11.3917	7.790769999999999	14.5916	4.9253599999999995	20.2139	8.67693	12.2108	11.3341	14.0028	7.2081800000000005	9.05926	11.7719	8.72533	14.3407	8.16329	12.5716	3.8861	1.05644	4.50044	19.486	4.94642	9.48984	12.6344	6.98595	7.36892	6.7169	1.17336	5.71925	5.48398	6.788289999999999	5.57412	8.64643	10.4433	16.3696	5.9084	7.77398	10.7524	9.56524	9.5184	10.3549	18.014	9.416310000000001	9.12027	11.5899	11.8693	9.27014	7.0568100000000005	13.2438	4.69649	7.6662300000000005	12.9905	7.81945	4.84711	4.7121699999999995	16.6231	9.57592	2.80318	2.41741	13.4136	6.8521	8.05118	8.99916	0.873289	4.795780000000001	0.609934	3.10101	24.1951	11.3464	4.67163	8.02097	9.10892	7.05611	4.87571	8.01638	7.0688	16.9518	2.11212	11.9502	4.9509099999999995	10.5908	7.43642	4.72598	0.0	0.452987	1.82516	0.315745	0.059670600000000004	0.41043599999999997	0.156229	0.6985979999999999	5.7676	9.11001	6.95803	5.25443	6.3545300000000005	11.2018	5.68909	11.6261	4.33415	8.141210000000001	6.5249	8.47433	17.0981	10.5933	2.25825	3.5088699999999995	6.25698	4.97675	2.1306700000000003	0.635545	9.57912	8.62617	6.01909	1.9994599999999998	9.05792	8.793560000000001	10.1147	7.97967	6.4642	7.97854	4.2876900000000004	14.8808	4.72425	10.1835	2.7395	11.2842	3.5350699999999997	7.7555	13.7046	5.70219	5.90537	3.2625	6.30889	6.933715	5.4216	8.2548	7.943	11.32961	8.22178
TP53	TP53-004	0.0	0.519465	1.69144e-10	2.10038e-08	0.0008156869999999999	3.35434e-07	1.83395e-05	2.66658e-10	0.0	1.8316e-10	0.0	0.0	0.0	0.15986	0.0	0.00326364	0.0	0.0	0.0	0.0	0.0	0.0	0.0	0.27553099999999997	0.0	0.0	1.50712e-08	0.0	1.05118e-10	0.0	0.0	0.0	2.0279500000000002e-09	1.0403799999999999e-08	0.0	0.0	0.0	0.0	0.0	4.724849999999999e-10	0.0	5.09332e-10	0.0	0.0	2.96154e-07	0.0	0.0	0.382327	0.135285	0.0	0.0	0.0	0.00475743	0.0	2.25119e-09	0.00702173	0.0	0.00463537	0.0	0.0	0.0	0.0	0.18551700000000002	0.31709299999999996	0.0	0.00210146	0.0	0.0	0.11636600000000001	1.29472e-10	0.0	0.000343428	0.0	0.0	0.202058	7.6928e-08	0.0	0.0	0.0	0.0	0.0	0.0	0.0	6.035379999999999e-10	0.0	0.255754	0.0	0.0	0.0	0.0	0.7348060000000001	0.0	0.0	0.0	1.8630900000000004e-06	0.000657008	0.06989010000000001	0.0	0.050301	0.00433162	0.400959	1.86663e-08	0.0	0.0	0.0	0.0	0.0	0.0	0.0	0.0	3.95077e-07	0.0	0.0	2.15784e-10	0.0048979	0.0	0.0	0.0	0.0	0.0	0.0	3.16211e-10	0.173548	0.0	0.319288	1.02147e-05	7.25028e-10	0.129051	0.0	0.043882800000000007	2.59588e-09	0.000148441	2.16023e-07	0.0	0.246056	0.0	0.0	0.00038492199999999994	1.81026e-05	0.0	0.0	0.0014841	0.0	0.0	3.013725e-08	8.83195e-11	0.000252478	1.37456e-10	0.0	0.0
TP53	TP53-003	0.0	0.0	0.0	0.0124736	0.0904105	0.0	0.0	0.0	0.0	0.46465100000000004	0.0	0.157774	0.0	0.0	0.0	0.0	0.0	0.0	0.0	0.0	0.0	0.407115	0.0	0.121197	0.0	0.0	0.21193	0.0	0.0	0.0	0.13838499999999998	0.0	0.00416303	0.00132836	0.0	0.0	0.0	0.229365	0.0	0.0	0.0	0.0	0.0	0.0	0.0	0.0	0.0	0.0	0.315446	0.0	0.0885465	0.0	0.0	0.0	0.0	0.0	0.0	2.29685e-09	0.0	0.0	0.0	0.0	0.0	0.0	0.0	0.0	0.0	0.0	0.0	0.0	0.0	0.0	0.0	0.308496	0.07982589999999999	0.0539015	0.0	0.0	0.0	0.0	0.0	0.0	0.0	0.0	0.0	0.0	0.0	0.012547200000000001	0.371263	0.111594	0.0	0.565921	0.0	0.0	0.0489392	0.0	0.17199	0.0	0.0279906	0.120899	0.0	0.0	0.0	0.0	0.236483	0.0	6.48209e-05	0.0	0.0	0.0	0.0	0.0	0.0	0.0	0.0	0.0	0.0	0.0	0.0	5.21208e-09	0.0993439	0.582083	3.4169e-05	0.0	0.0	0.0	0.15224000000000001	0.320414	0.0	0.269958	0.0	0.0	0.0	0.0	0.0	0.0	0.0	0.0	0.0	0.0	0.0	0.0	0.0	0.0	0.0	0.0	0.3080425	0.0	0.0	0.0
TP53	TP53-006	0.0	0.0	0.0	0.0	0.0	0.0	0.0	0.0	0.0	0.0	0.0	0.0	0.0	0.0	0.0	0.0	0.0	0.0	0.0	0.0	0.0	0.0	0.0	0.0	0.0	0.0	0.0	0.0	0.0	0.0	0.0	0.0	0.0	0.0	0.0	0.0	0.0	0.0	0.0	0.0	0.0	0.0	0.0	0.0	0.0	0.0	0.0	0.0	0.0	0.0	0.0	0.0	0.0	0.0	0.0	0.0	0.0	0.0	0.0	0.0	0.0	0.0	0.0	0.0	0.0	0.0	0.0	0.0	0.0	0.0	0.0	0.0	0.0	0.0	0.0	0.0	0.0	0.0	0.0	0.0	0.0	0.0	0.0	0.0	0.0	0.0	0.0	0.0	0.0	0.0	0.0	0.0	0.0	0.0	0.0	0.0	0.0	0.0	0.0	0.0	0.0	0.0	0.0	0.0	0.0	0.0	0.0	0.0	0.0	0.0	0.0	0.0	0.0	0.0	0.0	0.0	0.0	0.0	0.0	0.0	0.0	0.0	0.0	0.0	0.0	0.0	0.0	0.0	0.0	0.0	0.0	0.0	0.0	0.0	0.0	0.0	0.0	0.0	0.0	0.0	0.0	0.0	0.0	0.0	0.0	0.0	0.0	0.0	0.0	0.0
TP53	TP53-008	2.3900799999999998	4.8733900000000006	1.82371	2.2694099999999997	1.47381	0.436633	7.4861	10.027000000000001	1.30167	0.8807379999999999	1.28502	1.57628	0.528283	1.34705	1.6733900000000002	0.659053	0.434903	6.33185	1.4267100000000001	0.32104699999999997	9.9345	1.49526	0.659804	1.13171	7.344530000000001	1.38667	11.9697	10.0917	5.25778	5.73398	2.0121599999999997	1.00006	1.41401	0.789402	4.04502	0.206792	5.12367	6.39991	0.506828	0.34124299999999996	0.574829	0.9103620000000001	0.322205	1.1729	0.787935	0.78587	4.27007	0.522979	2.95152	0.8380770000000001	0.44158800000000004	1.00289	0.46311800000000003	0.7787109999999999	0.668365	0.243342	0.552407	0.5746979999999999	2.33825	3.13122	0.226517	0.74032	2.06664	1.41436	4.35013	2.5939200000000002	0.22136199999999998	0.31553000000000003	0.748822	1.59745	0.864226	6.0067	0.67807	6.50405	15.3404	12.1344	8.10856	0.0	0.7070069999999999	0.300367	0.8570270000000001	0.37977	0.41648100000000005	0.813038	0.214935	1.43021	0.704335	6.053780000000001	1.6856400000000002	4.82942	0.615479	0.8351430000000001	0.774528	8.19865	5.8512900000000005	7.56665	9.30809	13.1902	13.9058	8.42047	6.88709	0.311739	0.894183	1.55929	0.27802899999999997	0.315636	0.691357	0.5897359999999999	1.13995	0.6833739999999999	1.54281	0.468314	1.1527399999999999	0.688329	0.48724700000000004	0.525778	1.16527	0.630718	0.397779	0.588659	1.0302799999999999	0.18186300000000002	0.434374	0.380851	9.94636	12.1695	8.526810000000001	2.68047	4.97135	8.15542	17.794	0.392227	0.42258199999999996	4.326309999999999	0.818771	0.9613280000000001	2.32259	0.47130900000000003	0.29539099999999996	0.33766999999999997	0.457459	0.7438020000000001	0.128272	0.410025	0.929903	6.48122	6.623575	0.6197145	0.5894995	1.4597415
TP53	TP53-009	0.0247104	0.0	0.20517800000000003	0.141538	0.5336489999999999	0.0	0.0	0.0232671	0.183068	0.09669860000000001	0.0767265	0.16536900000000002	0.364	0.204455	0.42798400000000003	0.362288	0.0	0.13064800000000001	0.21579600000000002	0.49728999999999995	0.198126	0.13876	0.260182	0.230012	0.24020999999999998	0.25049899999999997	0.052108100000000004	0.0	0.0246299	0.048094300000000006	0.556963	0.102002	0.245297	0.443845	0.09047949999999999	0.154108	0.12543900000000002	0.07652830000000001	0.269362	0.10493	0.299379	0.07993650000000001	0.128823	0.106202	0.16176300000000002	0.24601399999999998	0.09780189999999998	0.9355889999999999	0.192823	0.152804	0.0813555	0.28371199999999996	0.391487	0.0366014	0.266327	0.27808	0.16426500000000002	0.218031	0.28075700000000003	0.11376800000000001	0.22325799999999998	0.516613	0.166388	0.12459200000000001	0.051963699999999995	0.260805	0.281118	0.232114	0.40460999999999997	0.41590900000000003	0.34486100000000003	0.21314	0.402814	0.0661123	0.036972000000000005	0.0205379	0.08858719999999999	0.703711	0.23062	0.143263	0.10388900000000001	0.0493416	0.0998404	0.321315	0.12939900000000001	0.106573	0.435604	0.141049	0.100719	0.20291199999999998	0.12229100000000001	0.275539	0.255861	0.0618586	0.0433256	0.0546053	0.031596	0.0841305	0.019401599999999998	0.042766000000000005	0.0608357	0.199601	0.33293	0.301085	0.318359	0.415062	0.360075	0.0570306	0.235314	0.234933	0.237252	0.311794	0.3397	0.324466	0.14140999999999998	0.213284	0.40409	0.455662	0.401808	0.157431	0.204189	0.190468	0.294644	0.16728800000000002	0.0314004	0.344335	0.21606	0.25803200000000004	0.0427052	0.0963831	0.0226266	0.146529	0.0986727	0.0607756	0.483138	0.104777	0.20892600000000003	0.050085000000000005	0.124201	0.0604854	0.284762	0.36404000000000003	0.0944127	0.206871	0.2448135	0.087649	0.188298	0.903809	0.2815675	0.200591
TP53	TP53-014	0.0	0.0	0.780844	0.280233	0.0	0.0	0.0	0.26074400000000003	0.979524	3.11958	3.03057	5.547140000000001e-09	0.0	1.9247599999999998	0.0	1.00197	0.37914899999999996	0.841093	0.0	0.0	0.0	0.734036	0.36740100000000003	0.0	2.01916	0.0	0.0	0.08258650000000001	0.0	0.597	0.0	0.447851	0.16938	0.366844	0.9451780000000001	0.572421	0.17039100000000001	0.0	1.06929	0.740955	2.09462	0.616646	0.0	1.76255	0.9052610000000001	0.0	0.25351799999999997	0.8958780000000001	1.14405e-09	0.0	1.0297e-09	1.2600799999999999	0.938161	0.436267	1.20107	0.748799	1.0845799999999999	0.9853430000000001	0.375513	0.25990100000000005	0.6754760000000001	4.36153	0.407528	1.0747	0.665242	3.6381699999999997	0.0	0.0	0.583855	0.566549	1.79595	1.09677	0.0	0.0	3.82694e-06	0.0	0.0	0.0	1.8416	0.216322	1.9107599999999998	0.322948	1.36828	0.128946	1.77785	0.31646799999999997	1.51253	0.09913580000000001	1.3290200000000002e-06	0.0	1.3202399999999999	2.47517e-07	0.9810629999999999	0.0	0.0	0.0	0.0	0.154142	0.18893	0.0	0.0	0.8336870000000001	0.24273899999999998	3.9140900000000003	0.0679232	0.9656450000000001	0.10741700000000001	1.29182	2.60141	0.402645	0.621378	4.85675	0.864345	2.56955	2.31867	0.0673175	3.33454	1.8779299999999999	2.9312	0.14249	0.0	3.4049699999999996	0.598871	0.388401	0.0	0.9233629999999999	1.5048600000000001e-07	0.0	0.332073	0.0	1.3456700000000001	0.22505	0.93829	0.0	0.25893	1.53525	0.0	0.32013	2.22742	0.11536400000000001	0.42343400000000003	2.3249299999999997	0.0	0.503746	1.12350955	0.4842555	0.188950420532	1.57645935	1.502185	0.5336575
TP53	TP53-015	0.0	0.0	0.0	0.0	0.0	0.0	0.0	0.0	0.0	0.0	0.0	0.0	0.0	0.0	0.0	0.0	0.0	0.0	0.0	0.0	0.0	0.0	0.0	0.0	0.0	0.0	0.0	0.0	0.0	0.0	0.0	0.0	0.0	0.09991799999999999	0.0	0.0	0.0	0.0	0.0	0.0	0.0	0.0	0.0	0.0	0.0	0.0	0.07319989999999998	0.0	0.0	0.0	0.0	0.0	0.0	0.0	0.0	0.0	0.0	0.0	0.0	0.0	0.0	0.0	0.0	0.0	0.0	0.0	0.0	0.0	0.0	0.0	0.0	0.0	0.0	0.0	0.0	0.0	0.0	2.7772200000000002	0.0	0.0	0.0	0.0	0.0	0.0	0.0	0.0	0.0	0.0	0.0	0.0	0.0	0.0	0.0	0.0	0.0	0.0	0.0	0.0	0.0	0.0	0.0	0.0	0.0	0.0	0.0	0.0	0.0	0.0	0.0	0.09650139999999999	0.0	0.0	0.0	0.0	0.0	0.0	0.0	0.0	0.0	0.0	0.0	0.0	0.0	0.0	0.0	0.0	0.0	0.0	0.0	0.0	0.0	0.0	0.0	0.0	0.0	0.0	0.0	0.0	0.0	0.0	0.0	0.0	0.0	0.0	0.0	0.0	0.0	0.0	0.0	0.0
TP53	TP53-007	0.0926291	0.0	0.0	0.0	0.0	0.0	0.0	0.0	0.0	0.0	0.0	0.0	0.0	0.0	0.0	0.0	0.0	0.0	0.0	0.0	0.0	0.0	0.0	0.0	0.0	0.0	0.0	0.0	0.0	0.0	0.0	0.0	0.0	0.0	0.0	0.0	0.0	0.0	0.0	0.0	0.0	0.0	0.0	0.0	0.0	0.0	0.0	0.0	0.0	0.0	0.0	0.0	0.0	0.0	0.0	0.0	0.0	0.0	0.0	0.0	0.0	0.0	0.0	0.0	0.0	0.0	0.0	0.0	0.0	0.0	0.0	0.0	0.0	0.0	0.0	0.0	0.0	0.0	0.0	0.0	0.0	0.0	0.0	0.0	0.0	0.0	0.0	0.0	0.0	0.0	0.0	0.0	0.0	0.0	0.0	0.0	0.0	0.0	0.0	0.0	0.0	0.0	0.0	0.0	0.0	0.0	0.0	0.0	0.0	0.0	0.0	0.0	0.0	0.0	0.0	0.0	0.0	0.0	0.0	0.0	0.0	0.0	0.0	0.0	0.0	0.0	0.0	0.0	0.0	0.0	0.0	0.0	0.0	0.0	0.0	0.0	0.0	0.0	0.0	0.0	0.0	0.0	0.0	0.0	0.0	0.0	0.0	0.0	0.0	0.0
TP53	TP53-013	0.0	0.0	0.0	0.0	0.0	0.0	0.0	0.0	0.0	0.0	0.0	0.0	0.0	0.0	0.0	0.0	0.0	0.0	0.0	0.0	0.0	0.0	0.0	0.0	0.0	0.0	0.0	0.0	0.0	0.0	0.0	0.0	0.0	0.0	0.0	0.0	0.0	0.0	0.0	0.0	0.0	0.0	0.0	0.0	0.117807	0.0	0.0	0.0	0.0	0.0	0.0	0.0	0.0	0.0	0.0	0.0	0.0	0.0	0.0	0.0	0.0	0.116626	0.0	0.0	0.0	0.0	0.0	0.0	0.0	0.0	0.0	0.0	0.0	0.0	0.0	0.0	0.0	7.321280000000001	0.0	0.0	0.0	0.0	0.0	0.0	0.0	0.0	0.0	0.0	0.0	0.0	0.0	0.0	0.0	0.0	0.0	0.0	0.0	0.0	0.0	0.0	0.0	0.0	0.0	0.0	0.0	0.0	0.0	0.0	0.0	0.0	0.0	0.237367	0.0	0.0	0.0	0.0	0.0	0.0	0.0	0.0	0.0	0.0	0.0	0.0	0.0	0.0	0.0	0.0	0.0	0.0653207	0.0	0.0	0.0	0.0	0.0	0.0	0.0	0.0	0.0	0.0	0.0	0.0	0.0	0.0	0.0	0.0	0.0	0.0	0.0	0.0
TP53	TP53-016	0.0	0.0	0.0	0.0	0.0	0.0	0.0	0.0	0.0	0.0	0.0	0.0	0.0	0.0	0.0	0.0	0.0	0.0	0.0	0.0	0.0	0.0	0.0	0.0	0.0	0.0	0.0	0.0	0.0	0.0	0.0	0.0	0.0	0.0	0.0	0.0	0.0	0.0	0.0	0.0	0.0	0.0	0.0	0.0	0.0	0.0	0.0	0.0	0.0	0.0	0.0	0.0	0.0	0.0	0.0	0.0	0.0	0.0	0.0	0.0	0.0	0.0	0.0	0.0	0.0	0.0	0.0	0.0	0.0	0.0	0.0	0.0	0.0	0.0	0.0	0.0	0.0	0.0	0.0	0.0	0.0	0.0	0.0	0.0	0.0	0.0	0.0	0.0	0.0	0.0	0.0	0.0	0.0	0.0	0.0	0.0	0.0	0.0	0.0	0.0	0.0	0.0	0.0	0.0	0.0	0.0	0.0	0.0	0.0	0.0	0.0	0.0	0.0	0.0	0.0	0.0	0.0	0.0	0.0	0.0	0.0	0.0	0.0	0.0	0.0	0.0	0.0	0.0	0.0	0.0	0.0	0.0	0.0	0.0	0.0	0.0	0.0	0.0	0.0	0.0	0.0	0.0	0.0	0.0	0.0	0.0	0.0	0.0	0.0	0.0
TP53	TP53-017	0.0	0.0	0.0	0.0	0.0	0.0	0.0	0.48614799999999997	0.0	0.0	0.0	0.498354	0.0	0.519953	0.0	0.622555	0.0	0.0	0.0	0.0	0.0	0.0	0.0	0.0	0.645767	0.0	0.0	0.0	0.0	0.0	0.0	0.0	0.0	0.0	0.0	0.0	0.0	0.0	0.0	0.0	0.0	0.0	0.0	0.0	0.0	0.0	0.0	0.0	0.0	0.0	0.0	1.0950600000000001	0.0	0.0	0.0	0.0	0.0	0.0	0.0	0.0	0.0	0.0	0.0	0.0	0.0	0.0	0.0	0.0	0.0	0.0	0.0	0.0	0.0	0.0	0.0	0.0	0.0	0.0	0.0	0.0	0.0	0.0	0.0	0.0	0.0	0.0	0.0	0.0	1.15695	0.0	0.0	0.0	0.0	0.0	0.0	0.0	0.0	0.0	0.0	0.0	0.0	0.0	0.0	0.943583	0.0	0.0	0.0	0.0	0.0	0.0	0.0	0.0	0.0	0.0	0.734613	0.0	0.0	0.0	0.0	0.0	0.0	0.0	0.0	0.0	0.0	0.0	0.0	0.0	0.0	0.0	0.0	0.0	0.0	0.0	0.798519	0.0	0.0	0.0	0.0	0.0	0.0	0.0	0.0	0.0	0.0	0.0	0.0	0.0	0.0	0.0
TP53	TP53-020	0.0	0.0	0.0	0.0	0.0	0.0	0.0	0.0	0.0	0.0	0.0	0.0	0.0	0.0	0.0	0.0	0.0	0.0	0.0	0.0	0.0	0.0	0.0	0.0	0.0	0.0	0.0	0.0	0.0	0.0	0.0	0.0	0.0	0.0	0.0	0.0	0.0	0.0	0.0	0.0	0.0	0.0	0.0	0.0	0.0	0.0	0.0	0.0	0.0	0.0	0.0	0.0	0.0	0.0	0.0	0.0	0.0	0.0	0.0	0.0	0.0	0.0	0.0	0.0	0.0	0.0	0.0	0.0	0.0	0.0	0.0	0.0	0.0	0.0	0.0	0.0	0.0	0.0	0.0	0.0	0.0	0.0	0.0	0.0	0.0	0.0	0.0	0.0	0.0	0.0	0.0	0.0	0.0	0.0	0.0	0.0	0.0	0.0	0.0	0.0	0.0	0.0	0.0	0.0	0.0	0.0	0.0	0.0	0.0	0.0	0.0	0.0	0.0	0.0	0.0	0.0	0.0	0.0	0.0	0.0	0.0	0.0	0.0	0.0	0.0	0.0	0.0	0.0	0.0	0.0	0.0	0.0	0.0	0.0	0.0	0.0	0.0	0.0	0.0	0.0	0.0	0.0	0.0	0.0	0.0	0.0	0.0	0.0	0.0	0.0
TP53	TP53-022	0.0	0.0	0.0	0.357119	0.0442107	1.33284	0.12851700000000002	0.0	0.148005	0.378382	0.5968180000000001	0.6618970000000001	0.837726	0.9899540000000001	0.00703814	0.9711489999999999	0.243486	0.0	0.596062	0.10144700000000001	0.187147	0.245554	0.43607799999999997	0.014008600000000001	0.0	0.481455	0.22831700000000002	0.483416	0.105742	0.189112	0.33227399999999996	0.322706	0.100096	0.375571	0.0	0.23414000000000001	0.310349	0.055366099999999994	0.9804459999999999	0.678222	0.841094	0.852434	0.715564	1.27926	0.0612068	0.0	0.0	0.810553	0.154567	0.0699836	0.103098	1.62087	3.94789e-05	1.48155	0.15854100000000002	1.56471	5.8007299999999996e-05	0.068141	0.5397109999999999	0.0	0.0	0.00625742	5.10541e-10	0.510225	0.582385	0.42230200000000007	0.737471	1.0982299999999998	0.539057	0.000333432	0.484886	0.000285028	1.7747099999999998	0.136728	0.213833	0.0	0.0	2.2739700000000003	0.163327	0.25116900000000003	0.487363	1.04736	0.348956	0.384606	0.182834	0.0	1.02683	0.0	0.0	0.027770299999999998	1.17961	0.260106	0.778243	0.0	0.0	0.0	0.0	0.0507266	0.0	0.0	0.0	0.19042	0.054065800000000004	0.173927	0.382833	0.521293	0.449154	0.32207199999999997	1.0204799999999998	0.0	0.00632033	0.32250999999999996	0.0	0.967009	0.169165	0.07823200000000001	0.175252	0.00596266	0.6271979999999999	1.36433e-09	0.0882081	0.699639	0.217394	0.159084	0.0	0.0	6.46895e-05	0.0	0.15366	0.0568504	0.0	0.599173	0.246614	0.11217	0.6361220000000001	0.0436901	0.0	0.747782	0.265006	0.43723999999999996	0.0386745	0.8427540000000001	0.0	0.272826	0.074581230095	0.03632885	0.0823089895	0.638444	0.57329675	0.1650296
TP53	TP53-027	0.0	0.519465	1.69144e-10	2.10038e-08	0.0008156869999999999	3.35434e-07	1.83395e-05	2.66658e-10	0.0	1.8316e-10	0.0	0.0	0.0	0.15986	0.0	0.00326364	0.0	0.0	0.0	0.0	0.0	0.0	0.0	0.27553099999999997	0.0	0.0	1.50712e-08	0.0	1.05118e-10	0.0	0.0	0.0	2.0279500000000002e-09	1.0403799999999999e-08	0.0	0.0	0.0	0.0	0.0	4.724849999999999e-10	0.0	5.09332e-10	0.0	0.0	2.96154e-07	0.0	0.0	0.382327	0.135285	0.0	0.0	0.0	0.00475743	0.0	2.25119e-09	0.00702173	0.0	0.00463537	0.0	0.0	0.0	0.0	0.18551700000000002	0.31709299999999996	0.0	0.00210146	0.0	0.0	0.11636600000000001	1.29472e-10	0.0	0.000343428	0.0	0.0	0.202058	7.6928e-08	0.0	0.0	0.0	0.0	0.0	0.0	0.0	6.035379999999999e-10	0.0	0.255754	0.0	0.0	0.0	0.0	0.7348060000000001	0.0	0.0	0.0	1.8630900000000004e-06	0.000657008	0.06989010000000001	0.0	0.050301	0.00433162	0.400959	1.86663e-08	0.0	0.0	0.0	0.0	0.0	0.0	0.0	0.0	3.95077e-07	0.0	0.0	2.15784e-10	0.0048979	0.0	0.0	0.0	0.0	0.0	0.0	3.16211e-10	0.173548	0.0	0.319288	1.02147e-05	7.25028e-10	0.129051	0.0	0.043882800000000007	2.59588e-09	0.000148441	2.16023e-07	0.0	0.246056	0.0	0.0	0.00038492199999999994	1.81026e-05	0.0	0.0	0.0014841	0.0	0.0	3.013725e-08	8.83195e-11	0.000252478	1.37456e-10	0.0	0.0
TP53	TP53-026	0.0	0.0	0.0	0.0	0.0	0.0	0.0	0.0	0.0	0.0	0.0	0.0	0.0	0.0	0.0	0.0	0.0	0.0	0.0	0.0	0.0	0.0	0.0	0.0	0.0	0.0	0.0	0.0	0.0	0.0	0.0	0.0	0.0	0.0	0.0	0.0	0.0	0.0	0.0	0.0	0.0	0.0	0.0	0.0	0.0	0.0	0.0	0.0	0.0	0.0	0.0	0.0	0.0	0.0	0.0	0.0	0.0	0.0	0.0	0.0	0.0	0.0	0.0	0.0	0.0	0.0	0.0	0.0	0.0	0.0	0.0	0.0	0.0	0.0	0.0	0.0	0.0	0.0	0.0	0.0	0.0	0.0	0.0	0.0	0.0	0.0	0.0	0.0	0.0	0.0	0.0	0.0	0.0	0.0	0.0	0.0	0.0	0.0	0.0	0.0	0.0	0.0	0.0	0.0	0.0	0.0	0.0	0.0	0.0	0.0	0.0	0.0	0.0	0.0	0.0	0.0	0.0	0.0	0.0	0.0	0.0	0.0	0.0	0.0	0.0	0.0	0.0	0.0	0.0	0.0	0.0	0.0	0.0	0.0	0.0	0.0	0.0	0.0	0.0	0.0	0.0	0.0	0.0	0.0	0.0	0.0	0.0	0.0	0.0	0.0
TP53	TP53-201	0.0	0.0	0.0	0.0	0.0	0.0	0.0	0.0	0.0	0.0	0.0	0.0	0.0	0.0	0.0	0.0	0.0	0.0	0.0	0.0	0.0	0.0	0.0	0.0	0.0	0.0	0.0	0.0	0.0	0.0	0.0	0.0	0.0	0.0	0.0	0.0	0.0	0.0	0.0	0.0	0.0	0.0	0.0	0.0	0.0	0.0	0.0	0.0	0.0458233	0.0	0.0	0.0	0.0	0.0	0.0	0.0	0.0	0.0	0.0	0.0	0.0	0.0	0.0	0.0	0.0	0.0	0.0	0.0	0.0	0.0	0.0	0.0	0.0	0.0	0.0	0.0	0.0	0.0	0.0	0.0	0.0	0.0	0.0	0.0	0.0	0.0	0.0504284	0.0	0.0	0.0	0.0433662	0.0	0.0	0.0	0.0	0.0	0.0	0.0	0.0	0.0	0.0	0.0	0.0	0.0	0.0	0.0	0.0	0.0	0.0	0.0	0.0	0.0	0.0	0.0	0.0	0.0	0.0	0.0	0.0	0.0	0.0	0.0	0.0	0.0	0.0	0.0	0.0	0.0	0.0	0.0	0.0	0.0	0.0	0.0	0.0	0.0	0.0	0.0	0.0	0.0	0.0	0.0	0.0	0.0	0.0	0.0	0.0	0.0	0.0	0.0
TP53	TP53-202	0.0	0.0	0.0	0.0	0.0	0.0	0.0	0.0	0.0	0.0	0.10984400000000001	0.23286300000000001	0.0	0.0	0.0	0.0	0.0	0.0	0.0	0.0	0.0	0.0	0.0	0.0	0.0	0.0	0.0	0.0	0.0	0.0	0.0	0.0	0.0	0.0	0.0	0.0	0.0	0.0	0.33714	0.0	0.0	0.0	0.0	0.0	0.0	0.0	0.0	0.0	0.0	0.0	0.0	0.0	0.0	0.0	0.0	0.0	0.0	0.0	0.0	0.0	0.0	0.0	0.0	0.0	0.0	0.0	0.0	0.0	0.0	0.0	0.0	0.0	0.0	0.0	0.0	0.0	0.0	0.0	0.0	0.0	0.0	0.0	0.0	0.0	8.28845e-06	0.0	0.0	0.0	0.0	0.0	0.0	0.0	0.0	0.0	0.0	0.0	0.0	0.0	0.0	0.0	0.0	0.0	0.0	0.0	0.0	0.0	0.0	0.0	0.0	0.0	0.0	0.0	0.0	0.0	0.0	0.0	0.0	0.0	0.0	0.0	0.0	0.0	0.0	0.0	0.0	0.0	0.0	0.0	0.0	0.0	0.0	0.0	0.0	0.0	0.0	0.0	0.0	0.0	0.0	0.0	0.0	0.0	0.0	0.0	0.0	0.0	0.000157102	0.0	0.0	0.0
TP53	TP53-024	0.0926291	0.0	0.0	0.0	0.0	0.0	0.0	0.0	0.0	0.0	0.0	0.0	0.0	0.0	0.0	0.0	0.0	0.0	0.0	0.0	0.0	0.0	0.0	0.0	0.0	0.0	0.0	0.0	0.0	0.0	0.0	0.0	0.0	0.0	0.0	0.0	0.0	0.0	0.0	0.0	0.0	0.0	0.0	0.0	0.0	0.0	0.0	0.0	0.0	0.0	0.0	0.0	0.0	0.0	0.0	0.0	0.0	0.0	0.0	0.0	0.0	0.0	0.0	0.0	0.0	0.0	0.0	0.0	0.0	0.0	0.0	0.0	0.0	0.0	0.0	0.0	0.0	0.0	0.0	0.0	0.0	0.0	0.0	0.0	0.0	0.0	0.0	0.0	0.0	0.0	0.0	0.0	0.0	0.0	0.0	0.0	0.0	0.0	0.0	0.0	0.0	0.0	0.0	0.0	0.0	0.0	0.0	0.0	0.0	0.0	0.0	0.0	0.0	0.0	0.0	0.0	0.0	0.0	0.0	0.0	0.0	0.0	0.0	0.0	0.0	0.0	0.0	0.0	0.0	0.0	0.0	0.0	0.0	0.0	0.0	0.0	0.0	0.0	0.0	0.0	0.0	0.0	0.0	0.0	0.0	0.0	0.0	0.0	0.0	0.0
TP53	TP53-023	2.3900799999999998	4.8733900000000006	1.82371	2.2694099999999997	1.47381	0.436633	7.4861	10.027000000000001	1.30167	0.8807379999999999	1.28502	1.57628	0.528283	1.34705	1.6733900000000002	0.659053	0.434903	6.33185	1.4267100000000001	0.32104699999999997	9.9345	1.49526	0.659804	1.13171	7.344530000000001	1.38667	11.9697	10.0917	5.25778	5.73398	2.0121599999999997	1.00006	1.41401	0.789402	4.04502	0.206792	5.12367	6.39991	0.506828	0.34124299999999996	0.574829	0.9103620000000001	0.322205	1.1729	0.787935	0.78587	4.27007	0.522979	2.95152	0.8380770000000001	0.44158800000000004	1.00289	0.46311800000000003	0.7787109999999999	0.668365	0.243342	0.552407	0.5746979999999999	2.33825	3.13122	0.226517	0.74032	2.06664	1.41436	4.35013	2.5939200000000002	0.22136199999999998	0.31553000000000003	0.748822	1.59745	0.864226	6.0067	0.67807	6.50405	15.3404	12.1344	8.10856	0.0	0.7070069999999999	0.300367	0.8570270000000001	0.37977	0.41648100000000005	0.813038	0.214935	1.43021	0.704335	6.053780000000001	1.6856400000000002	4.82942	0.615479	0.8351430000000001	0.774528	8.19865	5.8512900000000005	7.56665	9.30809	13.1902	13.9058	8.42047	6.88709	0.311739	0.894183	1.55929	0.27802899999999997	0.315636	0.691357	0.5897359999999999	1.13995	0.6833739999999999	1.54281	0.468314	1.1527399999999999	0.688329	0.48724700000000004	0.525778	1.16527	0.630718	0.397779	0.588659	1.0302799999999999	0.18186300000000002	0.434374	0.380851	9.94636	12.1695	8.526810000000001	2.68047	4.97135	8.15542	17.794	0.392227	0.42258199999999996	4.326309999999999	0.818771	0.9613280000000001	2.32259	0.47130900000000003	0.29539099999999996	0.33766999999999997	0.457459	0.7438020000000001	0.128272	0.410025	0.929903	6.48122	6.623575	0.6197145	0.5894995	1.4597415
TP53	TP53-028	0.0	6.64301	8.88844	9.645480000000001	13.1557	5.97198	0.572249	2.57346	7.763	7.06237	13.7339	11.3917	7.790769999999999	14.5916	4.9253599999999995	20.2139	8.67693	12.2108	11.3341	14.0028	7.2081800000000005	9.05926	11.7719	8.72533	14.3407	8.16329	12.5716	3.8861	1.05644	4.50044	19.486	4.94642	9.48984	12.6344	6.98595	7.36892	6.7169	1.17336	5.71925	5.48398	6.788289999999999	5.57412	8.64643	10.4433	16.3696	5.9084	7.77398	10.7524	9.56524	9.5184	10.3549	18.014	9.416310000000001	9.12027	11.5899	11.8693	9.27014	7.0568100000000005	13.2438	4.69649	7.6662300000000005	12.9905	7.81945	4.84711	4.7121699999999995	16.6231	9.57592	2.80318	2.41741	13.4136	6.8521	8.05118	8.99916	0.873289	4.795780000000001	0.609934	3.10101	24.1951	11.3464	4.67163	8.02097	9.10892	7.05611	4.87571	8.01638	7.0688	16.9518	2.11212	11.9502	4.9509099999999995	10.5908	7.43642	4.72598	0.0	0.452987	1.82516	0.315745	0.059670600000000004	0.41043599999999997	0.156229	0.6985979999999999	5.7676	9.11001	6.95803	5.25443	6.3545300000000005	11.2018	5.68909	11.6261	4.33415	8.141210000000001	6.5249	8.47433	17.0981	10.5933	2.25825	3.5088699999999995	6.25698	4.97675	2.1306700000000003	0.635545	9.57912	8.62617	6.01909	1.9994599999999998	9.05792	8.793560000000001	10.1147	7.97967	6.4642	7.97854	4.2876900000000004	14.8808	4.72425	10.1835	2.7395	11.2842	3.5350699999999997	7.7555	13.7046	5.70219	5.90537	3.2625	6.30889	6.933715	5.4216	8.2548	7.943	11.32961	8.22178
TP53	TP53-021	0.0	1.44389	3.74879	6.17661	9.778739999999999	5.05616	7.75477e-05	0.500827	7.52031	5.44911	11.3714	5.62615	13.4441	13.9099	12.792	14.7295	5.296880000000001	6.1612	16.4944	18.9519	3.74115	2.9842299999999997	5.75059	7.4551	4.76082	12.7392	2.4803900000000003	2.505	0.396872	1.88618	14.556	7.12316	6.80179	10.3112	3.14193	4.3646400000000005	4.24057	2.03415	15.5144	5.28045	7.59876	5.65864	7.6567300000000005	11.0903	12.3017	1.39685	6.42361	17.5209	5.21057	6.16934	10.7104	24.2603	10.5864	8.234639999999999	8.93328	14.8483	9.47273	7.21497	9.92055	0.658712	8.14915	11.2529	3.95756	5.48308	2.67086	13.1851	14.9876	18.4727	10.8041	7.97848	21.2669	4.1394400000000005	12.0151	1.3566799999999999	2.92924	0.42252399999999996	2.36117	8.6266	4.31556	8.83221	4.9578	7.2558300000000004	12.6805	10.5633	10.2756	6.3788	13.2825	3.2802800000000003	10.2673	3.6943699999999997	8.94059	7.78975	10.81	0.197653	8.11678e-07	0.841341	0.233949	0.5591189999999999	0.013296100000000002	0.39326300000000003	0.00184651	6.6982	6.733060000000001	11.5266	5.510269999999999	10.152000000000001	11.8066	7.81295	6.87588	8.86795	5.40038	8.260539999999999	6.494759999999999	11.1856	7.36373	6.023619999999999	9.51966	10.4528	8.0248	8.11324	3.18791	4.46004	4.69606	5.4221900000000005	1.24729	4.21897	6.40583	8.78973	3.35846	3.6947400000000004	2.68823	6.7166	19.7129	1.8107	27.2321	6.84249	5.07601	5.572769999999999	5.99981	13.7663	7.2031	14.6104	4.19265	8.86501	7.24539	0.69214	5.787585	14.8241	12.35624	9.490255
TP53	TP53-025	0.0	0.0	0.156108	0.850058	0.42628299999999997	0.440871	0.19562000000000002	0.255037	0.21011	0.306178	0.11480499999999999	0.231923	0.70726	0.232816	0.42988000000000004	0.8299790000000001	0.23162199999999997	0.248065	0.194393	0.290195	0.18312	0.381749	0.149391	0.0	0.493142	0.661774	0.290817	0.23333	0.0	0.223623	0.387223	0.48748400000000003	1.01207	0.655492	0.4054	0.0870544	0.097588	0.0	0.292517	0.817078	0.24005700000000002	0.19831700000000002	0.0913873	0.27822199999999997	0.5588770000000001	0.504907	0.184197	0.22020900000000002	0.0	0.383417	0.07399889999999999	0.86834	0.350606	0.47993500000000006	0.993641	0.338951	0.504546	0.11944300000000001	0.518458	0.0814548	0.197318	0.717611	0.5399189999999999	0.14257899999999998	0.197167	0.905711	0.734879	0.349957	0.174749	0.996268	0.19636099999999998	0.992799	1.00965	0.170599	0.16527999999999998	0.0	0.0	0.0	0.53278	0.23929699999999998	0.317869	0.0	0.19658699999999998	0.385315	0.43788599999999994	0.0	0.318473	0.42712700000000003	0.318749	0.501862	0.0	1.32466	0.0	0.0	0.08898489999999999	0.0	0.171981	0.0	0.0	0.0	0.458504	0.497462	0.748175	0.522892	0.351675	0.7490399999999999	0.167825	0.0830586	0.454611	0.254212	0.770425	0.454586	0.6134930000000001	0.28293	0.143709	0.0	0.276787	0.75349	0.05727080000000001	0.211223	0.283674	0.42037299999999994	0.0	0.06633910000000001	0.0	0.8273879999999999	0.693351	0.126709	0.0920637	0.375659	0.489899	0.376832	0.25179	0.0686808	0.167233	0.35323699999999997	0.0	0.125404	0.318952	0.14912899999999998	0.20685100000000003	0.14479	0.180257	0.234515	0.4883855	0.4161105	0.4214435	0.51603	0.513365	0.561883
TP53	TP53-029	0.0319157	0.135045	0.413778	0.323687	0.7767649999999999	0.166939	0.12818800000000002	0.0825207	0.192545	0.108547	0.684191	0.295476	0.408023	0.5468189999999999	0.22544499999999998	0.477812	0.332491	0.182801	0.49333	0.673099	0.07169389999999999	0.155808	0.265592	0.335425	1.01486	0.18821500000000002	0.0513322	0.08588660000000001	0.025963299999999998	0.259349	0.261236	0.11885599999999999	0.237873	0.96321	0.120271	0.277179	0.138464	0.0817943	0.445065	0.201757	0.495364	0.31248200000000004	0.303818	1.16052	0.6207729999999999	0.130455	0.138898	0.203016	0.109951	0.122171	0.331477	0.8070470000000001	0.33954	0.290244	0.214456	0.197847	0.43113999999999997	0.183839	0.306408	1.88405	0.25807199999999997	0.173559	0.130645	0.169854	0.156129	2.56586	0.218009	0.6442439999999999	0.752342	0.36446100000000003	0.632708	0.341652	0.19056199999999998	0.27123600000000003	0.098927	0.147347	0.130717	0.646296	0.293064	0.207821	0.20784899999999998	0.33674	0.23447199999999999	0.559426	0.328972	0.381682	1.0369700000000002	0.028878700000000004	0.33784000000000003	0.295218	0.714745	0.20763800000000002	0.568175	0.0	0.06947880000000001	0.033229699999999994	0.0566654	0.182916	0.138558	0.0871571	0.0480128	0.280107	0.337473	0.476628	0.178635	0.263244	0.392237	0.481785	0.37860900000000003	0.523541	0.0776898	0.688767	0.318281	0.306175	0.19872599999999999	0.305606	0.5631689999999999	0.556369	0.255838	0.405914	2.63326	0.266417	0.14586300000000002	0.318322	0.0987393	0.401384	0.322635	0.22740100000000002	0.134878	0.159227	0.243575	0.40473200000000004	0.748286	0.0654255	0.35732800000000003	0.29928299999999997	0.421175	1.1991100000000001	0.0452486	0.6906869999999999	1.1413200000000001	0.42758900000000005	0.194482	0.23232399999999997	0.3239565	0.04564405	0.303463	0.597779	0.2276425	0.3921165
FLG	FLG-001	0.21431	0.03748769999999999	0.8388709999999999	0.112293	0.0724197	0.109758	0.5515	0.186796	1.56246	0.30624	0.17386400000000002	0.507049	1.37789	0.07073960000000001	0.132049	0.196328	0.0326431	0.06764500000000001	2.14012	0.060635699999999994	0.0249189	0.028455200000000003	0.0035104999999999997	0.00773735	0.12376	0.00339706	0.00713529	0.00205566	0.00278534	0.061691300000000004	0.010162799999999998	0.11413399999999999	0.186712	0.342026	0.077001	0.157682	0.0366533	0.0192604	1.10666	0.405099	0.0334422	0.08887039999999999	0.16056900000000002	0.224009	0.474871	0.380407	0.10260999999999999	0.8602719999999999	0.10250699999999999	0.7072609999999999	0.121726	0.341534	0.44653400000000004	0.24484099999999998	0.273529	0.0161765	0.33367199999999997	0.26069699999999996	0.00615113	0.0902536	0.300148	0.5166109999999999	0.0599305	0.20188299999999998	0.102825	0.378456	0.133332	0.014708700000000002	0.512576	0.23850700000000002	0.09193530000000001	0.145945	0.961643	0.0462908	0.00977432	0.00647952	0.0276733	0.296755	0.265577	0.669531	0.334407	0.901853	0.350035	0.506894	0.41388199999999997	0.46552899999999997	0.137719	0.0691555	0.19658399999999998	0.408688	0.06127180000000001	0.05375750000000001	0.238292	0.266717	0.182422	0.00178807	0.202408	0.0564476	0.13914200000000002	0.047211199999999995	0.0330748	1.43813	0.582684	0.189197	0.259019	2.8751	0.00641677	0.48712700000000003	0.125222	1.23737	0.06872439999999999	0.357877	0.5582	0.271012	0.730173	0.259158	0.265017	0.622208	0.208558	1.92114	2.23011	0.176266	0.225742	0.429386	0.203335	0.06487090000000001	0.0720047	0.136941	0.310763	0.275823	0.050342000000000005	0.114773	0.195202	48.5922	0.842699	0.295538	0.249888	0.9297799999999999	0.31787600000000005	0.384061	2.03798	0.563087	1.9558799999999998	1.3280299999999998	0.535525	0.01840315	0.07534635	0.520623625	0.4896885	0.131356
LCE1C	LCE1C-002	0.0	0.0	0.0	0.0	0.35901900000000003	0.0	0.0	0.0	0.0	0.0	0.0	0.0	0.0	0.0	0.0	0.0	0.0	0.0	0.0	0.0	0.0	0.0	0.0	0.0	0.0	0.0	0.0	0.0	0.0	0.0	0.0	0.0	0.0	0.0	0.0	0.0	0.0	0.0	0.0	0.0	0.0	0.0	0.0	0.0	0.0	0.0	0.0	0.472796	0.0	0.0	0.0	0.0	0.0	0.0	0.0	0.0	0.0	0.0	0.362621	0.0	0.0	0.0	0.0	0.0	0.0	0.0	0.0	0.0	0.0	0.0	0.0	0.0	0.0	0.0	0.0	0.0	0.0	0.0	0.0	0.0	0.0	0.0	0.0	0.0	0.0	0.0	0.0	0.0	0.0	0.417418	0.0	0.0	0.0	0.0	0.0	0.0	0.0	0.0	0.0	0.0	0.0	0.0	0.0	0.0	0.0	0.0	0.0	0.0	0.0	0.0	0.0	0.0	0.0	0.0	0.0	0.0	0.0	0.0	0.0	0.0	0.0	0.187528	0.0	0.0	0.0	0.0	0.0	0.0	0.0	0.0	0.0	0.0	0.0	15.2384	0.282586	0.0	0.0	0.0	0.0	0.0	0.0	0.0	0.0	0.0	0.0	0.0	0.0	0.0	0.0	0.0
LCE1C	LCE1C-001	0.0	0.0	0.0	0.0	0.0978935	0.0	0.0	0.0365572	0.0	0.0	0.0	0.0	0.0	0.0	0.06257330000000001	0.0	0.0	0.0	0.674655	0.15640199999999999	0.08913650000000001	0.0	0.0	0.0	0.0	0.0	0.0	0.0	0.0597528	0.05681169999999999	0.0	0.0	0.0	0.0	0.0	0.0	0.0	0.0	0.0	0.0	0.0	0.0	0.0	0.0	0.0	0.0	0.0	2.01187	0.0	2.45348	0.0	0.0	0.0	0.0	0.0516269	0.053136	0.0	0.0	0.0509409	0.0	0.0	0.0	0.0	0.0	0.0	0.0920166	0.0	0.314952	0.0	0.0488694	0.0	0.0	0.052014599999999994	0.0	0.0	0.031354400000000004	0.09353810000000001	0.0	0.0	0.0	0.0	0.0	0.0	0.0	0.0	0.0	0.0	0.0	0.06739980000000001	0.0	0.0	0.0	0.0	0.0	0.0	0.0	0.0	0.0755917	0.0	0.0	0.0	0.0	0.0	0.0	0.0	0.0	0.0	0.0	0.0	0.0	0.0	0.0	0.0	0.0	0.0	0.0	0.0	0.0	0.0	0.0326019	0.0	0.0	0.0	0.0	0.0	0.0	0.0	0.0	0.0	0.0	0.0700962	0.0	0.0	130.537	0.0524813	0.0	0.0	0.0	0.0	0.0	0.0	0.0	0.0	0.0	0.0	0.0	0.0	0.0	0.0320327	0.0
LCE1B	LCE1B-001	0.0	0.0	0.0	0.0	0.0481466	0.0	0.0	0.0361661	0.0	0.0	0.0	0.0	0.0	0.0155596	0.0975498	0.0214854	0.0	0.0	0.292112	0.0	0.0446782	0.0	0.0	0.0	0.0	0.0	0.0934039	0.107097	0.0	0.0	0.0	0.0	0.0	0.0	0.0	0.0	0.0	0.0	0.0	0.0	0.0	0.0	0.0	0.0	0.0	0.0	0.0	0.734284	0.0	0.45081099999999996	0.0	0.0	0.0	0.0	0.0	0.0	0.0	0.0	0.07876330000000001	0.0210742	0.0312748	0.0488142	0.0	0.0	0.0	0.0487622	0.0	0.0287564	0.0	0.0509607	0.0	0.0	0.0	0.0	0.0	0.066837	0.0	0.0	0.0	0.0	0.0	0.0	0.0	0.0	0.0	0.0	0.0	0.0	0.0	0.0	0.0	0.0	0.0	0.0	0.0167174	0.0	0.0	0.0	0.0	0.0	0.0	0.0	0.0	0.0	0.0	0.0	0.0	0.0283296	0.0	0.0	0.0	0.0	0.020547299999999998	0.0	0.0	0.0	0.0	0.0	0.0	0.0	0.0	0.0	0.0	0.0	0.0	0.0	0.0	0.0	0.0	0.0	0.0724529	0.0	0.0242827	29.9105	0.0	0.0	0.0	0.0	0.0	0.0	0.0	0.0	0.0	0.0	0.0	0.0	0.0	0.0	0.0	0.0
LCE1F	LCE1F-001	0.0	0.159604	0.0	0.0	0.122682	0.0	0.0	0.0	0.0	0.0	0.0	0.0	0.0	0.0	0.155307	0.0950554	0.0	0.0	0.423889	0.0	0.0	0.126552	0.0	0.0	0.0	0.0	0.15162	0.0	0.0214144	0.139329	0.0	0.0	0.0	0.0	0.0	0.0	0.0	0.0	0.0	0.0	0.0	0.0	0.0	0.0	0.0	0.0	0.0	0.47476199999999996	0.0	0.28520700000000004	0.0	0.0	0.0	0.0	0.12346700000000001	0.130824	0.0	0.0	0.0	0.0	0.0	0.0	0.0	0.0	0.0	0.0	0.0	0.0	0.0	0.0	0.0	0.0	0.0	0.0	0.0	0.152228	0.227694	0.0	0.0	0.0	0.0	0.0	0.0	0.0	0.0	0.0	0.0	0.0	0.0	0.0	0.0	0.0	0.0	0.0	0.0	0.0	0.0	0.0	0.0	0.0	0.0	0.0	0.0	0.0	0.0	0.10951099999999998	0.0	0.0	0.0	0.0	0.0	0.0	0.0	0.0	0.0	0.0	0.0	0.124069	0.0	0.0	0.0	0.0	0.0	0.0	0.0	0.0	0.0	0.0	0.0	0.0	0.0849602	0.0	0.0	22.7145	0.0	0.0	0.0	0.0	0.0	0.0	0.0	0.0	0.0	0.0	0.0	0.0785085	0.0	0.0	0.0	0.0
LCE1D	LCE1D-001	0.09407389999999999	0.0	0.133848	0.0	0.5619529999999999	0.0	0.0	0.0	0.0	0.081151	0.0	0.0	0.0	0.0	0.0	0.207402	0.0	0.0	0.0	0.0	0.0	0.0	0.0	0.0	0.0	0.0	0.0	0.0	0.0	0.0	0.0	0.0	0.0	0.0	0.0	0.0	0.0	0.0	0.0	0.0	0.0	0.0	0.0	0.0	0.0	0.389977	0.0	0.223863	0.0	0.0	0.0	0.0	0.0	0.0	0.0	0.0	0.0	0.0	0.0	0.0	0.0	0.0	0.0	0.14868499999999998	0.0	0.0	0.0	0.0	0.0	0.0	0.0	0.0	0.0	0.0	0.0	0.0	0.0	0.0	0.0	0.0716864	0.0	0.0	0.0	0.0	0.0	0.06397430000000001	0.0	0.11573699999999999	0.0	0.298018	0.0	0.0	0.0	0.0	0.0	0.0	0.0906378	0.0	0.0	0.0	0.0	0.0	0.0	0.0	0.0	0.0	0.0	0.0	0.0	0.0	0.0	0.0	0.0	0.0	0.0	0.10182000000000001	0.0	0.0	0.0	0.0572133	0.075865	0.0	0.0	0.0	0.0	0.0	0.0	0.0	0.0	0.065303	0.0	0.0	0.0	12.2819	0.0	0.0781778	0.0	0.0	0.0	0.0	0.0	0.0	0.0	0.0	0.0	0.0	0.0	0.0540945	0.032951	0.0
LCE1A	LCE1A-001	0.0	0.0	0.0	0.0	0.0	0.0	0.0	0.0	0.0	0.0	0.0	0.0	0.0	0.0	0.0	0.0	0.0	0.0	0.6335310000000001	0.0	0.0	0.0	0.0	0.0	0.0	0.0	0.0	0.0	0.0	0.0	0.0	0.0	0.0	0.0	0.0	0.0	0.0	0.0	0.0	0.0	0.0	0.0	0.0	0.0	0.0	0.0	0.0	2.1213900000000003	0.0	0.33512800000000004	0.0	0.0	0.0	0.0	0.0	0.0	0.0	0.0	0.0	0.0	0.0	0.0	0.0	0.0	0.0	0.0	0.0	0.0	0.0	0.0	0.0	0.0	0.0	0.0	0.0	0.0	0.0	0.0	0.0	0.0	0.0	0.0	0.0	0.0	0.0	0.0	0.0	0.0	0.0	0.0	0.0	0.0	0.0	0.0	0.0	0.0	0.0	0.0	0.0	0.0	0.0	0.0	0.0	0.0	0.0	0.0	0.0	0.0	0.0	0.0	0.0	0.0	0.0	0.0	0.0	0.0	0.0	0.0	0.0	0.0	0.0	0.0481719	0.0	0.0	0.0	0.0	0.0	0.0	0.0	0.0	0.0	0.0	0.0	62.4233	0.0	0.0	0.0	0.0	0.0	0.0	0.0	0.0	0.0	0.0	0.0	0.0	0.0	0.0	0.0	0.0
