index	Transcript	AB0B	AA9E	AA9A	AA8T	AA8S	AA8R	AA8Q	AA8P	AA8O	AA8N	AA8M	A9ZY	A9ZX	A9F8	A9F7	A9F5	A9F4	A9F3	A9F2	A9F1	A9F0	A9EZ	A9EY	A9EX	A9EW	A9EV	A9EU	A9ET	A9ES	A9EQ	A9EO	A9EM	A9EL	A9EK	A9EJ	A9EI	A9EH	A9EF	A9EE	A9ED	A9EC	A9EA	A9E9	A9E8	A9E7	A9E5	A985	A984	A983	A982	A980	A8KO	A8KN	A8KM	A8KL	A8KK	A8KJ	A8KI	A8KH	A8KG	A8KF	A8KE	A8KD	A8KB	A8KA	A8K9	A8K8	A8K7	A88A	A888	A885	A884	A883	A882	A881	A880	A87Y	A87W	A87U	A87T
S100A10	S100A10-002	139.407	26.6722	108.637	80.3795	123.124	20.9298	85.4346	84.7588	142.295	97.8983	72.7924	88.5859	81.4705	119.971	104.727	94.441	54.9161	114.604	174.937	66.7696	148.783	36.6685	47.8588	32.4914	44.9889	142.665	71.6694	153.187	181.14	95.2561	79.5108	62.2641	114.662	64.1605	63.9068	41.8688	109.98700000000001	96.7258	198.44299999999998	85.155	53.6079	124.559	38.2681	89.4522	72.0121	8.45845	96.2873	67.64399999999999	60.6153	192.606	123.345	38.0967	106.061	58.0869	90.4506	74.5833	88.9951	54.3959	34.2838	62.1111	62.3389	116.68700000000001	236.044	87.5293	69.3532	35.445	151.72799999999998	83.3191	32.4499	182.175	43.1541	100.022	226.805	69.058	32.4975	54.0424	105.09	124.084	98.06200000000001	87.0116
S100A10	S100A10-001	19.5697	2.81387	11.7106	1.4192200000000001	9.18463	2.16666	7.7356	6.45898	13.0175	5.39778	6.868460000000001	6.899030000000001	8.5368	12.873	8.31604	7.2439100000000005	4.7069	11.327	16.3541	6.92253	11.9858	3.03183	3.12246	3.54434	4.2866800000000005	13.1873	11.0029	0.451402	19.4473	10.1536	8.61583	7.193739999999999	11.3877	2.25181	8.96053	3.5834099999999998	11.9345	10.1731	23.0802	7.298539999999999	4.81323	4.64734	3.1992	3.5747699999999996	9.88488	0.23683099999999999	4.05543	4.32624	5.4794	17.6351	13.9796	3.7145	9.11282	5.73519	5.5825	6.03585	10.0664	4.27254	3.93945	5.457409999999999	6.38534	10.1789	22.9788	9.01123	6.85977	3.78954	16.4954	7.567130000000001	3.1959	15.5214	4.0865800000000005	9.04561	19.6592	5.2462	2.8628	5.76529	13.8431	14.5819	9.20929	8.31425
S100A10	S100A10-004	1.7768700000000002	0.332833	0.6019979999999999	2.0472	0.0	0.0	0.7882319999999999	0.0	0.0	0.0	0.659655	0.0	0.0	0.0	0.35254	0.0	0.998518	2.02656	0.7933899999999999	1.12242	0.0	0.39309	0.0	0.0	0.37646399999999997	2.17141	4.6683900000000005	0.0	2.78905	0.0	0.0	0.0	1.11815	2.13509	0.759562	1.3492600000000001	0.9068940000000001	0.0	7.03206	0.0	0.0	0.0	0.0	0.0	0.0	0.0	0.0	0.0	0.0	0.0	0.0	0.0	0.0	1.2509700000000001	0.0	0.986405	0.598333	0.571074	0.0	0.0	0.702096	0.0	4.02266	0.520927	0.0	0.0	1.1842	0.387498	0.0	0.895068	0.0	0.0	4.306080000000001	1.1295600000000001	0.0	1.2275200000000002	1.91303	1.5532700000000002	0.45420299999999997	0.40570900000000004
S100A10	S100A10-003	49.3787	8.28892	29.6943	22.0995	30.2777	6.64067	13.4697	23.4549	42.2187	29.7638	22.5844	26.4932	31.7536	40.6386	32.2244	22.5845	20.4681	42.4546	48.8464	20.5774	37.1596	9.103060000000001	10.6514	15.2038	13.4993	40.5905	31.854	35.4741	56.1862	28.7362	24.9315	19.1253	30.8422	12.2284	22.7361	10.5708	34.6726	28.3227	67.7271	23.0404	15.0215	29.0206	10.5863	18.7355	23.0879	1.4405	26.3909	15.9716	22.1147	55.3659	42.9297	11.8727	25.6328	15.9537	21.445999999999998	18.9486	27.9968	13.4852	12.5353	19.9203	26.1995	33.0251	64.7259	29.3047	21.8984	9.38433	45.0979	29.2208	8.57945	40.5897	9.77294	25.6728	54.5302	12.7671	7.7754	18.94	31.1356	37.8399	19.843	24.7925
S100A11	S100A11-001	845.1139999999999	332.375	327.498	406.098	663.488	132.013	274.69599999999997	471.26599999999996	1038.48	435.24800000000005	415.8	378.293	449.37	479.144	249.71599999999998	692.592	240.89	498.639	672.701	786.903	648.692	363.085	568.556	396.38699999999994	339.912	689.689	299.323	402.029	402.339	596.519	257.82	748.966	572.677	300.036	522.049	508.847	364.532	312.475	743.198	333.397	276.925	818.488	341.621	874.023	451.774	326.19599999999997	165.851	118.92299999999999	306.138	402.62699999999995	466.809	132.893	621.485	467.332	224.101	411.587	405.68699999999995	626.812	385.61	790.46	290.72900000000004	525.12	589.569	257.303	491.214	417.36	657.047	189.11599999999999	200.287	1004.98	513.415	823.687	885.578	567.519	276.904	405.62	666.738	377.543	301.563	164.817
S100A11	S100A11-002	0.23102199999999998	0.0	0.30648800000000004	0.0	1.42946	0.0	1.36753	0.196672	1.10759	0.0	0.0	1.06797	0.0	0.0	0.9710209999999999	1.0636299999999999	0.550276	0.237889	0.0	1.07046	0.376655	0.17896099999999998	0.328268	0.49314600000000003	0.577191	0.408828	0.0	0.0	0.976118	0.827702	0.0	0.437567	0.0	0.0	0.0	0.0	0.343303	0.20629899999999998	0.37194499999999997	0.25909	0.407961	1.01252	0.18892	0.877934	0.215284	2.19719	0.0	0.75862	0.303814	0.0	0.24482800000000002	0.532523	0.512087	0.166802	0.0	0.306528	0.49517799999999995	0.0	0.777514	0.161272	0.202855	0.931103	0.0	0.0	0.56908	0.733689	0.357892	0.719388	0.20161700000000002	0.0	0.323922	0.876114	0.0	2.48032	0.20554699999999998	0.734157	0.47245	0.185758	1.16012	0.322348
TCHHL1	TCHHL1-001	0.0	0.0	0.0	0.0	0.0	0.0	0.0	0.0	0.0	0.0	0.0	0.0	0.0	0.0	0.0	0.0	0.0	0.0	0.0	0.0	0.0	0.0	0.0	0.0	0.0	0.0	0.0	0.0	0.0	0.0	0.0	0.00659985	0.0	0.0	0.0	0.0	0.0	0.0	0.0	0.0	0.0	0.0	0.0	0.0	0.0	0.0	0.0	0.0	0.0	0.0	0.0	0.0	0.0	0.0	0.0	0.0	0.0	0.0	0.00363742	0.0	0.0	0.0	0.0	0.0	0.0	0.0	0.0	0.0	0.0	0.0	0.0	0.012214200000000001	0.0	0.0	0.0	0.0	0.0	0.0	0.0	0.0
TCHH	TCHH-001	0.170034	0.0571826	0.160684	0.532094	0.0485282	0.00185043	0.00483832	0.048874	0.08622660000000001	0.031763400000000004	0.00760911	0.0123852	0.07498760000000002	0.752155	0.011729999999999999	0.0399695	0.017943999999999998	0.153257	0.0	0.150489	0.09272480000000001	0.00447109	0.0441991	0.12352300000000001	0.021761199999999998	0.288877	0.171881	0.0	0.053216099999999995	0.035343400000000004	0.40271599999999996	0.013459299999999999	2.2712099999999999e-07	0.0563813	0.016354399999999998	0.07708200000000001	0.026381	0.029588599999999996	0.150916	0.033931699999999995	0.00712655	0.013878799999999998	0.00444157	0.24780500000000003	0.10884	0.00997215	0.108918	0.00705555	0.0109694	0.06548630000000001	0.15251800000000001	0.00960833	0.10902	0.0765138	0.00860452	0.0247828	0.0107612	0.09562369999999999	0.0410551	0.0562346	0.0412034	0.024369099999999998	0.109037	0.0136517	0.0991479	0.0122708	0.0233203	0.00422044	0.0333792	0.116552	0.00741108	0.0456279	0.14121199999999998	0.0210452	0.00264223	0.0	0.185628	0.0103537	0.00449774	0.00624718
TCHH	TCHH-201	4.733509999999999e-10	2.37751e-10	1.8133799999999997e-10	4.4238599999999995e-08	8.45906e-10	0.0	1.38785e-10	1.99381e-09	1.2777299999999999e-09	1.23861e-08	0.0	4.9634e-09	3.9113999999999995e-09	2.64166e-08	1.15586e-09	2.2821599999999998e-10	1.1337500000000001e-10	1.09628e-08	0.0319728	1.6234400000000001e-09	3.5042e-10	0.0	9.62225e-09	2.2675199999999998e-10	2.6206999999999995e-10	3.62872e-10	2.77935e-10	0.0	0.0	7.526210000000001e-10	4.0079199999999993e-10	4.83783e-11	0.112278	1.0975499999999999e-10	0.0	1.32092e-10	1.07161e-09	1.9112599999999998e-10	9.882619999999999e-10	5.98485e-11	8.24284e-10	0.0	2.1576499999999998e-10	2.43256e-07	3.94484e-10	1.0316900000000002e-09	5.608630000000001e-10	5.45434e-10	0.0	1.8197900000000002e-10	1.94012e-10	8.97138e-10	1.5402799999999998e-08	1.45458e-09	0.0	1.86584e-09	0.0	0.0	1.03051e-08	3.75324e-08	1.41678e-10	0.0	1.72054e-09	5.56961e-10	6.42633e-11	3.89307e-10	8.43399e-11	4.23363e-11	7.12276e-11	4.5913e-09	6.64444e-11	2.7137599999999996e-10	3.6268e-11	2.6145999999999996e-09	0.0	0.0	1.1203700000000001e-08	3.16853e-11	1.0648299999999999e-10	0.0
RPTN	RPTN-001	0.0	0.00454237	0.0	0.0	0.0	0.0	0.0	0.0	0.0	0.0	0.0	0.0	0.0	0.0	0.0	0.0	0.0	0.0	0.0	0.0	0.0	0.0	0.0	0.0	0.0	0.0	0.0	0.0	0.0	0.0	0.0	0.0	0.0	0.0	0.0	0.0	0.0	0.0	0.0	0.0	0.0	0.0	0.0	0.0	0.0	0.0	0.0	0.0	0.0105869	0.0	0.0	0.0	0.0	0.0	0.0	0.0	0.0	0.0	0.0	0.0	0.0	0.0	0.0	0.0	0.0	0.0	0.0	0.0	0.0	0.0	0.0	0.0	0.0	0.0	0.0	0.0	0.0	0.0	0.0	0.0
HRNR	HRNR-001	0.310662	0.358016	0.420584	2.45181	0.0306994	0.413642	0.219454	0.496305	0.244758	0.00961097	0.0349892	0.017534400000000002	0.336638	0.09664360000000001	1.20775	0.16126500000000002	0.237619	1.0445799999999998	0.21300500000000003	0.0449017	0.27069099999999996	0.0138282	0.159528	0.321795	0.06309400000000001	0.279194	0.945034	0.0650403	0.167641	0.029444	0.136625	0.6878270000000001	0.0790918	0.0861716	0.0461634	0.340415	0.5964649999999999	0.13819700000000001	0.0293062	0.0141317	0.0761444	0.07413589999999999	0.0275428	0.415975	0.608527	0.040387599999999996	0.315815	0.0299753	0.020771599999999998	0.00386181	0.334841	0.5099229999999999	0.51137	0.0420277	0.0290649	0.09594950000000001	0.45511	0.0645086	0.0261281	0.017160400000000003	0.45172399999999996	0.623729	0.0186558	0.30096	0.0462517	0.283814	0.0147369	0.056907900000000004	0.0280155	0.0897796	0.0262853	0.322203	0.14660399999999998	0.625634	0.8054359999999999	0.04843719999999999	0.729403	0.601484	0.569797	0.559226
FLG	FLG-001	0.686416	0.58743	0.15176900000000002	0.513184	0.6244930000000001	0.287124	0.022968099999999998	0.228629	0.04411230000000001	0.0112315	0.536443	0.171461	0.143387	1.31534	0.344376	0.11220899999999999	0.704418	0.29885100000000003	0.10936300000000002	0.292061	0.47343900000000005	0.0834228	0.127189	0.285978	0.400016	0.311237	0.653884	0.11311500000000001	0.0562725	0.24066700000000002	1.34864	0.18870399999999998	0.145018	0.40413899999999997	0.155132	0.0709261	0.051894100000000006	0.154405	0.00710463	0.00776361	0.07312819999999999	0.306791	0.295969	0.10964700000000001	0.36640100000000003	0.0938928	0.217169	0.12215	0.00416307	0.0	0.4964	0.317882	0.19328199999999998	0.057775599999999996	0.18601199999999998	0.041816900000000004	0.41431899999999994	0.356031	0.142376	0.566104	0.590176	0.910127	0.00278848	0.316178	0.511958	0.275248	0.0	0.275748	0.0201513	0.0699487	0.29272800000000004	0.224325	0.00672957	0.193201	0.12171099999999999	0.36499299999999996	0.21055	0.657205	0.114792	0.302325
FLG2	FLG2-001	0.00861873	0.030835900000000003	0.015271100000000001	0.033637099999999996	0.0055998	0.00357976	0.0	0.00247541	0.0	0.00570358	0.00479754	0.0	0.017697900000000003	0.00693665	0.041046	0.00466249	0.0202568	0.0236275	0.00661303	0.018506900000000003	0.00800791	0.0	0.00323894	0.0153268	0.0101571	0.0187894	0.024855000000000002	0.0	0.0158671	0.00715235	0.020455	0.00777823	0.00919238	0.027187400000000004	0.00189884	0.0100651	0.00565691	0.00857793	0.017960900000000002	0.00247098	0.0	0.0	0.0	0.0120186	0.00795345	0.0	0.00411117	0.0130612	0.00627076	0.018946	0.0365901	0.025714400000000002	0.00273661	0.0167464	0.0	0.00229137	0.0166665	0.0055048	0.00431723	0.00384232	0.038792	0.00427428	0.00826041	0.016993599999999998	0.0105906	0.0115726	0.00389909	0.033361	0.00452913	0.00330379	0.011470000000000001	0.00716248	0.00784726	0.00772155	0.00693452	0.014714600000000001	0.0133003	0.049431800000000005	0.014834799999999999	0.037707
CRNN	CRNN-001	0.0	0.0	0.0	0.0	0.0	0.0	0.0	0.0	0.0	0.0	0.0	0.0	0.0	0.046692800000000007	0.0	0.0	0.0	0.0	0.0	0.0	0.0	0.0	0.0	0.0	0.00775808	0.0	0.0	0.0	0.0	0.0	0.0	0.0	0.0	0.013876	0.0	0.0	0.0	0.0	0.0	0.0	0.0	0.0	0.0	0.0	0.0	0.0	0.0	0.0	0.009455700000000001	0.0	0.0	0.0	0.0	0.0	0.0	0.0415677	0.0	0.0	0.0	0.0	0.0	0.0	0.0	0.0	0.0	0.0	0.0	0.0	0.0	0.0	0.0	0.0	0.00892154	0.0	0.0	0.0	0.0	0.0	0.0	0.0
S100A9	S100A9-001	1.56829	4.04232	0.960191	1.3934	4.09924	0.914825	5.00471	1.6684299999999999	6.49815	7.32835	1.8925400000000001	1.06521	4.73165	5.0857	0.183825	0.679685	2.5251	3.82913	8.21446	8.489469999999999	10.4226	3.08722	1.49961	4.46574	1.28589	7.657139999999999	10.1868	0.9350569999999999	0.6603399999999999	2.2267799999999998	4.02072	2.33365	9.81942	14.7696	3.4034400000000002	2.6169	6.38945	3.87551	7.07454	7.8612	0.565851	1.31395	2.11663	17.9848	1.27494	1.7206700000000001	1.32457	2.40416	6.44371	10.7544	3.33625	0.314917	12.574000000000002	28.2304	0.619008	3.57085	2.00327	3.6673699999999996	0.424829	11.671	0.20571799999999998	1.2464	12.4644	0.7574770000000001	5.597980000000001	1.45938	0.937327	2.89509	2.9634099999999997	8.19535	0.745464	14.8687	15.905	4.69909	3.8611199999999997	1.30682	4.39789	0.7215630000000001	1.79245	0.508315
S100A12	S100A12-001	0.0	0.0	0.0	0.0	0.291694	0.0	0.168376	0.12612	0.0777115	0.0	0.0612568	0.0	0.0	0.0	0.096001	0.0	0.126389	0.0	0.340174	0.106656	0.0998712	0.212171	0.0	0.0	0.0877628	0.0601611	0.143713	0.0	0.0	0.363469	0.0	0.0	0.116808	0.21965900000000002	0.0495685	0.05233009999999999	0.0977127	0.0	0.0	0.37298600000000004	0.0	0.0744307	0.106557	0.20186600000000002	0.0	0.0	0.0	0.0792711	0.055025599999999994	0.121465	0.0	0.05977280000000001	0.363257	0.142591	0.20458099999999999	0.176249	0.0534674	0.0	0.0	0.289604	0.0	0.0	0.0	0.0554923	0.66681	0.0506967	0.049995599999999994	0.0538447	0.0	0.344537	0.0	0.0613156	0.655783	0.101025	0.0	0.0	0.0	0.0	0.274107	0.0
S100A8	S100A8-002	0.0	2.06733e-05	0.0	0.0	0.0	0.464164	0.0	0.504872	0.0	0.0	0.0	0.122528	0.0	0.0	0.0	0.11992	0.0	0.0	6.22776e-06	0.0	0.16886099999999998	0.0	0.23849800000000002	0.0	0.0	0.0	0.0	1.14163	0.0	0.0	0.0	0.0	0.0	0.0	0.0	0.421804	2.68938e-06	0.0	2.70344e-08	0.0	0.0	0.302749	0.0	1.3695	0.20241199999999998	0.0	0.198997	0.408563	0.0	0.364429	7.24238e-07	0.0	0.0	0.0	0.0	0.8993200000000001	0.0	0.0	0.18595799999999998	0.0	0.201015	0.0	0.0	0.0	0.0	4.18308e-05	0.0	0.0	0.0	0.0	0.45463400000000004	0.0	0.0	0.0	0.0	0.0	0.0	0.0	0.0	0.0
S100A8	S100A8-001	0.538745	0.505111	0.0720166	0.0	0.9434290000000001	0.0	2.11654	0.0	0.9247780000000001	1.45591	0.615726	0.0	1.14844	1.31259	0.133599	0.0	1.09851	1.05054	2.5856	1.9357900000000001	1.4083299999999999	0.43291599999999997	0.0	0.61797	0.40763699999999997	4.89991	0.529466	0.0	0.340017	0.558894	0.6744760000000001	0.307744	1.5257399999999999	2.02483	0.857498	0.0	1.0417299999999998	0.8726860000000001	1.14723	2.52913	0.633159	0.0	0.341683	6.61612	0.0	0.365723	0.0	0.0	1.25308	0.0	1.37858	0.163176	2.08145	3.85477	0.314807	0.687988	0.586187	0.46534	0.0	3.7645699999999995	0.0	0.30181199999999997	1.75593	0.152311	3.3114800000000004	0.558474	0.418116	1.32212	0.804949	4.364330000000001	0.0	3.4623699999999995	9.69594	1.02185	0.549524	0.17632	3.41149	0.641304	0.912647	0.376193
S100A8	S100A8-003	0.0	0.032661	0.0	0.0	0.0	0.0	0.0	0.0	0.0	0.0	0.0	0.0	0.0	0.0	0.0	0.0	0.0	0.0	0.0	0.0	0.0	0.0	0.0	0.0349902	0.0	0.040940199999999996	0.0	0.0	0.0	0.0	0.15556	0.0	0.0731914	0.0	0.033054900000000005	0.0	0.0	0.0	0.0387474	0.0	0.0	0.0	0.0	0.136155	0.0	0.0	0.0	0.0	0.06734019999999999	0.0	0.0	0.0	0.044193699999999995	0.0	0.0	0.0	0.0	0.0	0.0	0.0	0.0	0.0	0.0325744	0.0	0.0350298	0.0	0.0	0.0	0.0	0.11389	0.0	0.0	0.0324739	0.0	0.0	0.0	0.0	0.0	0.0	0.0
S100A7A	S100A7A-003	0.0	0.0	0.0	0.0	0.0	0.0	0.0	0.0	0.0	0.0	0.0	0.0	0.0	0.0	0.0	0.0	0.0	0.0	0.0	0.0	0.0	0.0	0.0	0.0	0.0	0.0	0.0	0.0	0.0	0.0	0.0	0.0	0.0	0.0	0.0	0.0	0.0	0.0	0.0	0.0	0.0	0.0	0.0	0.0	0.0	0.0	0.0	0.0	0.0	0.0	0.0	0.0	0.0	0.0	0.0	0.0	0.0	0.0	0.0	0.0	0.0	0.0	0.0	0.0	0.0	0.0	0.0	0.0	0.0	0.0	0.0	0.0	0.0	0.0	0.0	0.0	0.0	0.0	0.0	0.0
S100A7A	S100A7A-002	0.0	0.0	0.0456601	0.0	0.0	0.0	0.0	0.0	0.0	0.0	0.0	0.0	0.0	0.0	0.0	0.0	0.0	0.0	0.0	0.0	0.0	0.0	0.0	0.0	0.0	0.0	0.0	0.0	0.0	0.0	0.0	0.0	0.0	0.0	0.0	0.0	0.0	0.0	0.0	0.0	0.0	0.0	0.0	0.0	0.0	0.0	0.0	0.0	0.0	0.0	0.0	0.0	0.0	0.0	0.0	0.0	0.0	0.0	0.0	0.0	0.0	0.0	0.0	0.0	0.0	0.0	0.0	0.0	0.0	0.0	0.0	0.0	0.0	0.0	0.0	0.0	0.0	0.0677673	0.0	0.0
S100A7A	S100A7A-001	0.0	0.00376465	0.0	0.0230508	0.0	0.00374271	0.00453747	0.00512734	0.0	0.0	0.0	0.0	0.0	0.00721786	0.0	0.00485923	0.0	0.0	0.00687296	0.0043273999999999995	0.0	0.0	0.0	0.0	0.0	0.0247011	0.0	0.0	0.0	0.0	0.0	0.0	0.0	0.00623466	0.0	0.0	0.0	0.0	0.0	0.0	0.0	0.0	0.00432835	0.0	0.0217655	0.0	0.0	0.0	0.0	0.0	0.0	0.0	0.0	0.0	0.011237	0.0	0.0	0.00576601	0.0	0.0	0.00539111	0.0	0.0	0.0	0.00447454	0.0	0.0	0.0	0.0	0.0	0.0	0.00498274	0.0	0.0	0.0	0.010264299999999999	0.0	0.00551301	0.0	0.0
S100A7L2	S100A7L2-001	0.0	0.0	0.0	0.0	0.0	0.0	0.0	0.0	0.0	0.0	0.0	0.0	0.0	0.0	0.0	0.0	0.0	0.0	0.0	0.0	0.0	0.0	0.0	0.0	0.0	0.0	0.0	0.0	0.0	0.0	0.0	0.0	0.0	0.0	0.0	0.0	0.0	0.0	0.0	0.0	0.0	0.0	0.0	0.0	0.0	0.0	0.0	0.0	0.0	0.0	0.0	0.0	0.0	0.0	0.0	0.0	0.0	0.0	0.0	0.0	0.0	0.0	0.0	0.0	0.0	0.0	0.0	0.0	0.0	0.0	0.0	0.0	0.0	0.0	0.0	0.0	0.0	0.0	0.0	0.0
S100A7	S100A7-002	0.0	0.0	0.0	0.0	0.0859737	0.0	0.0	0.0	0.0	0.0	0.0	0.0	0.0	0.0	0.0	0.0	0.0	0.0	0.0	0.0	0.0	0.0	0.0922089	0.0655156	0.0	0.0	0.0	0.0	0.0	0.0	0.0	0.235224	0.0	0.0	0.0	0.0	0.0	0.0	0.0665316	0.0	0.0	0.0	0.0	0.0	0.0	0.0	0.0	0.092835	0.0	0.0	0.24040300000000003	0.0	0.0	0.0	0.0	0.0	0.0	0.0	0.0	0.0	0.0	0.0	0.0	0.0	0.0	0.0	0.0	0.0	0.0	0.0	0.0	0.0	0.0	0.0	0.0	0.0	0.0	0.00151206	0.0	0.0
S100A7	S100A7-001	0.0	0.0484652	0.0	0.0	0.0	0.0	0.0	0.0	0.0	0.0	0.254341	0.0	0.0	0.0	0.0	0.0	0.0	0.0	0.0	0.0	0.0	0.0	0.0	0.0	0.0	0.813129	0.0	0.0	0.04219	0.0632021	0.0	0.0	0.0	0.0	0.0	0.0	0.0	0.0	0.0	0.0	0.0	0.0	0.0	1.38635	0.0	0.0	0.0	0.0	0.0	0.0	0.0	0.0	0.0	0.0	0.0	0.0	0.0	0.0	0.0	0.0	0.0	0.0	0.0	0.0	0.34326	0.0	0.0	0.0	0.0	0.543851	0.0	0.0	0.0	0.0	0.0	0.0	0.0	0.0	0.0	0.0
S100A6	S100A6-009	1371.3	130.738	573.101	348.381	161.46	162.868	232.882	310.502	823.165	384.691	193.88299999999998	278.79900000000004	614.471	659.747	134.671	443.42800000000005	124.586	619.873	340.639	927.209	713.828	66.1148	306.535	694.45	141.012	960.3960000000001	500.67199999999997	152.862	209.46099999999998	493.29900000000004	237.002	380.397	1053.35	167.979	275.914	708.75	323.63599999999997	378.86800000000005	1763.79	343.765	79.1249	321.346	80.1163	360.92400000000004	233.22400000000002	152.032	326.25	132.635	206.542	166.731	524.226	73.3585	481.36300000000006	337.17800000000005	240.331	488.91	209.27200000000002	564.602	348.866	478.30199999999996	400.51300000000003	279.91	933.362	69.2868	161.58	171.31	1061.7	99.2208	263.656	869.953	95.9084	396.01199999999994	906.538	215.513	102.287	240.49200000000002	695.302	198.137	152.694	115.92
S100A6	S100A6-008	2.7038	0.676578	1.7784400000000002	10.4376	1.02459	3.2408200000000003	2.13568	1.9607700000000001	3.41405	0.835441	2.2217	2.93075	2.13901	2.4243900000000003	2.9296599999999997	1.9986	1.1194899999999999	0.802659	3.78989	2.54677	1.73037	0.227714	3.41634	0.8381370000000001	0.87987	2.7679400000000003	0.966651	4.95544	1.0805	1.01063	0.685774	1.87517	0.851188	2.67002	1.6619	1.15229	4.330080000000001	1.00427	3.3618699999999997	2.7091	0.424987	2.42619	0.8515	1.74725	0.743197	2.2227200000000003	1.70033	1.6986700000000001	2.14985	1.44468	4.8898	1.0896299999999999	1.8597299999999999	2.3484700000000003	0.851858	2.72689	0.7069409999999999	0.941077	1.83939	2.49289	2.3584	3.64722	2.8824799999999997	0.37292	1.23181	0.546954	2.7206	1.44921	1.13842	3.5110900000000003	0.733376	2.78592	3.8397900000000003	2.88662	0.601601	1.15301	3.8806	3.85875	3.6145400000000003	2.51092
S100A6	S100A6-010	2.0789299999999997	0.0	0.952094	0.0	0.134633	0.0	0.0	0.424854	1.00791	0.715639	0.281733	0.0	0.600517	0.807871	0.288978	1.45845	0.135199	1.90095	0.373911	3.06095	0.810285	0.0	0.0	1.6174899999999999	0.49460600000000005	2.8525099999999997	0.6749069999999999	0.0	0.447999	0.752042	0.8240639999999999	1.40975	1.41808	0.37990799999999997	0.45623400000000003	1.25252	0.47449399999999997	0.5429729999999999	9.27391	0.233316	0.0	0.641559	0.0	0.228702	0.22901999999999997	0.151889	0.692801	0.0	0.817713	0.0	0.49280100000000004	0.24533200000000002	0.213042	0.556135	0.161677	0.0	0.329115	0.553685	0.355948	0.580654	1.06345	0.0	2.46171	0.0	0.285181	0.12729100000000002	0.990727	0.378393	0.30335500000000004	1.40533	0.0	0.10323099999999999	2.0702700000000003	0.688854	0.116145	0.163724	0.9157870000000001	0.9213610000000001	0.305028	0.324008
S100A6	S100A6-007	1.71055	0.8536309999999999	1.42611	61.5132	0.399725	0.22673000000000001	0.409441	0.0	1.35334	0.0	0.349666	0.0	2.82043	0.763388	0.0	0.322961	0.36035900000000004	5.77564	0.46123800000000004	7.5125	1.0663	0.0	0.0	1.744	0.23298600000000003	3.22083	0.588643	28.2877	0.515085	0.379405	0.42148900000000006	2.08965	3.8618699999999997	0.0	1.74046	0.858533	0.228487	0.7460979999999999	17.8187	0.0	0.0	0.653594	0.0	3.9549199999999995	0.41539499999999996	0.0	10.8543	0.0	0.724392	0.0	0.49573500000000004	0.949083	0.8540209999999999	0.8266819999999999	0.276579	0.61839	0.33374000000000004	0.5344770000000001	2.06358	1.29728	2.61142	0.312025	2.41668	0.257739	0.0	1.0008299999999999	4.39807	0.5868760000000001	0.0	0.5338689999999999	0.0	1.1737	3.05302	0.0	0.29291500000000004	1.2882	2.13667	1.46983	0.664914	0.688832
S100A6	S100A6-006	39.7822	4.83296	17.2346	13.4377	3.85497	2.99587	5.24089	8.47285	22.6536	7.873810000000001	4.61943	7.145789999999999	20.6519	18.8291	3.21671	11.8661	7.0048699999999995	19.6029	10.1896	29.3462	21.4493	2.60716	8.721810000000001	17.3575	4.52339	31.254	15.2761	5.0109	7.712210000000001	16.3406	6.04367	10.787	34.2686	4.1012900000000005	11.0171	19.8715	9.76313	12.0807	42.0758	9.423960000000001	1.8729900000000002	14.6757	4.8421199999999995	10.4807	7.03782	4.21439	11.6749	4.16713	5.14891	3.6510800000000003	17.9058	1.45612	12.9036	10.6923	4.97865	13.2711	5.50326	13.9287	13.9742	14.7333	10.1127	6.8787	27.9619	2.93302	8.29807	5.41665	33.8878	2.314	6.29102	24.7436	4.03897	9.79451	30.4897	4.22994	2.31511	6.15752	25.6536	6.63485	4.73241	2.74207
S100A5	S100A5-002	0.0	0.0	0.0	0.0	0.0	0.0	0.0	0.0	0.0	0.0	0.0	0.0	0.0	0.0	0.0456735	0.0	0.0	0.0	0.0	0.0505583	0.0943609	0.0	0.0	0.053234699999999996	0.0	0.0	0.0	0.0	0.0	0.0	0.126475	0.125864	0.0570377	0.0	0.0	0.0	0.0	0.0	0.20352699999999999	0.0	0.0	0.0	0.0	0.0	0.0	0.0	0.0	0.0777848	0.0	0.0	0.0644064	0.0	0.06816110000000002	0.045954	0.0	0.0	0.0	0.06849939999999999	0.0	0.0	0.0	0.0	0.0500175	0.0	0.0	0.0	0.0	0.0	0.0	0.0	0.0	0.057874	0.0	0.0	0.0552807	0.0	0.13172	0.0	0.0517827	0.0
S100A5	S100A5-001	0.0	0.027016500000000002	0.0	0.164052	0.0	0.0	0.0	0.0	0.0	0.0	0.0	0.0	0.0	0.0	0.0	0.0	0.0	0.0	0.0	0.0	0.0	0.0	0.0	0.0	0.0	0.0	0.0	0.0	0.0	0.0	0.0	0.0	0.0	0.0	0.0	0.0	0.0	0.0	0.173287	0.03628169999999999	0.0	0.0	0.0	0.0592808	0.0	0.0	0.0	0.0	0.0	0.0	0.0	0.0	0.0	0.0	0.0	0.0	0.0	0.0	0.0	0.0	0.0	0.0	0.0	0.0	0.0	0.0	0.0	0.0	0.0	0.0	0.0	0.0	0.0	0.0	0.0	0.0	0.0	0.0	0.0	0.029608099999999995
S100A4	S100A4-002	132.84799999999998	0.817292	3.4482	1.13513	0.376259	0.0	0.7031810000000001	4.50633	3.11654	5.13935	0.399887	0.163449	19.5524	4.937930000000001	0.0	4.20908	4.36991	175.173	1.2923	4.98181	7.3338	0.13860699999999998	0.492525	85.9183	0.403525	51.9004	5.71897	0.0	0.729876	2.13567	1.59401	2.47091	31.8103	0.257257	1.0549	166.101	0.572557	10.9964	446.545	4.3867400000000005	0.32647800000000005	2.97554	0.136152	4.7912099999999995	0.213034	2.32265	9.13229	2.2989	0.20319700000000002	1.54264	1.70908	0.0	31.9317	7.20615	3.0321700000000003	3.9567	3.17768	20.8486	0.6906359999999999	1.9170099999999999	7.415019999999999	0.165443	6.07629	1.57234	1.42875	0.572589	14.6278	0.154191	0.999985	5.00891	0.0	0.372425	14.3379	2.17421	0.0	0.43941	12.4143	0.593398	0.420915	0.0
S100A4	S100A4-006	0.0	0.0	0.0	0.0	0.0	0.0	0.0	0.0	0.0	0.0	0.0	0.0	0.0	0.0	0.0	0.0	0.0	0.0	0.0	0.0	0.0	0.0	0.0	0.0	0.0	0.0	0.0	0.0	0.0	0.0	0.0	0.0	0.0	0.0	0.0	0.152088	0.0	0.0	0.0	0.21254699999999999	0.0	0.0	0.0	0.0	0.0	0.0	0.0	0.0	0.0	0.0	0.0	0.0	0.0	0.0	0.0	0.0	0.0	0.0	0.0	0.0	0.0	0.0	0.0	0.0	0.0	0.0	0.0	0.0	0.0	0.0	0.0	0.0	0.0	0.0	0.0	0.0	0.22603	0.0	0.0	0.0
S100A4	S100A4-003	4.2815900000000005	0.217896	0.486562	1.20046	0.0	0.19431400000000001	0.0	0.35657	1.66267	0.355896	0.0253924	0.142504	5.18829	0.8806620000000001	0.0159079	0.722353	1.3178e-08	6.54915	0.0	2.67892	1.7412900000000002	0.0	0.343454	3.70358	0.766095	8.98273	2.62719	0.0	0.36199499999999996	0.119395	0.9994040000000001	2.22898	6.49142	0.224875	0.6402439999999999	4.83344	0.0	1.9832400000000001	7.104480000000001	0.8908510000000001	0.224081	0.5462859999999999	0.11796500000000001	0.464945	0.41924700000000004	1.20506	0.250525	0.07060880000000001	3.45711e-05	0.650241	2.8472299999999997	0.154077	3.7850900000000003	3.72155	0.857942	2.80551	0.262214	2.05762	0.366132	1.29703	3.6163800000000004	0.437141	2.90863	0.25462199999999996	0.0513494	0.393872	7.21177	0.0	0.580734	4.24234	0.0	0.591121	2.90162	0.0	0.30171	0.0	5.30486	0.172333	0.0	0.0
S100A4	S100A4-001	260.902	5.33913	2.5225299999999997	2.89913	9.84247	0.883583	29.5998	5.04816	25.7664	29.4787	5.13259	7.6775	61.5879	23.1969	1.6946	15.7875	9.14546	329.134	25.6655	32.7687	74.7903	4.59923	15.4129	190.25099999999998	3.8363400000000003	141.349	23.1647	10.9837	4.24108	7.705	12.9582	19.3668	89.5024	15.7615	7.85302	382.404	21.2592	19.7569	799.8860000000001	43.355	5.33725	10.7233	2.30681	39.759	1.06798	12.3717	10.7811	13.8327	4.41175	7.85877	16.3522	0.512709	71.1777	68.0907	5.92053	13.4061	10.3304	72.4618	3.9184900000000003	17.6194	18.2585	2.88651	47.2649	3.2751900000000003	7.079439999999999	7.828810000000001	59.4046	2.5785299999999998	6.582889999999999	31.7234	1.8307	28.1865	42.0897	19.1999	12.8222	5.28603	53.1382	1.27798	4.60845	2.0838900000000002
S100A4	S100A4-005	27.9671	0.6551779999999999	1.7763799999999998	2.5062	0.0	0.014746	0.0	0.50888	0.0	1.18077	0.30497199999999997	0.0	3.78634	0.0	0.0	0.0	1.65777	36.3607	0.0	1.43408	3.12677	0.0	0.0	20.5803	0.768243	16.1689	0.603166	1.31159	0.0	0.405001	0.0	4.3214	10.5809	1.03183	0.0	21.0287	0.62517	1.61036	116.125	2.141	0.0	0.0	6.874509999999999e-07	0.0	0.0	1.12014	4.68161	1.34604	0.0	1.48884	1.40146	0.0	7.39772	1.83975	1.0431	1.81552	0.406607	7.4567	0.313312	0.394561	1.10991	0.0	5.80322	0.44815600000000005	0.0	1.12174	4.975709999999999	0.591603	0.0	3.35583	0.6406350000000001	0.0	0.534208	0.0	0.0	0.0	9.33799	1.1219	0.0	0.0
S100A4	S100A4-004	5.49996	0.056933500000000005	0.41472	0.0	0.140922	0.10872899999999999	0.22888200000000003	0.160931	0.606025	0.0	0.09848889999999999	0.0	1.6735200000000001	0.87084	0.15892799999999999	0.447233	0.405158	8.76646	0.172006	1.2698200000000002	1.28742	0.0	0.18946400000000002	6.4596800000000005	0.21154499999999998	7.4592600000000004	0.996049	0.0	0.114355	0.199572	0.627235	1.57087	3.74641	0.0	0.107951	5.8728	0.394475	0.913424	27.2211	0.7145050000000001	0.198129	0.132019	0.100118	0.12224000000000002	0.260676	0.8340120000000001	0.309485	0.27959	0.173527	0.0	0.579151	0.0	2.2770200000000003	2.00849	0.393877	0.39106399999999997	0.390737	2.09749	0.318497	0.406776	1.73784	0.0	1.8265200000000001	0.0	0.0876737	0.24365900000000001	3.4057800000000005	0.15734	0.0826803	2.89473	0.0	0.529493	1.7076900000000002	0.21327100000000002	0.0	0.0	4.0858300000000005	0.129139	0.060009400000000004	0.055057299999999997
S100A3	S100A3-002	0.47030600000000006	0.0	0.0	0.193064	0.0	0.0	0.0	0.0	0.0	0.0	0.0	0.0	0.0	0.10078200000000001	0.0	0.0	0.0462987	0.663271	0.0	0.13915999999999998	0.174713	0.0	0.0	0.349517	0.0	0.546097	0.0	0.45389700000000005	0.030468400000000003	0.18524200000000002	0.0	0.296292	0.0	0.0	0.0	0.876765	0.0	0.0	1.73412	0.12211199999999998	0.0	0.39778800000000003	0.039050800000000004	0.0	0.0	0.0201269	0.138638	0.0	0.0399185	0.0	0.058951699999999996	0.0	0.45963100000000007	0.0	0.0	0.0	0.156031	0.154192	0.06975579999999999	0.018773599999999998	0.218889	0.0	0.0	0.0	0.07811019999999999	0.0	0.0	0.0	0.021448500000000002	0.13868699999999998	0.0653712	0.0	0.0	0.0	0.042929400000000006	0.0	0.189381	0.0934675	0.0402504	0.0
S100A3	S100A3-001	0.106523	0.123195	0.173051	0.0	0.0641234	0.0	0.0981171	0.0	0.1336	0.129768	0.186335	0.052882000000000005	0.5488	0.0958194	0.0212127	0.552383	0.0829887	1.25489	0.0	0.41683400000000004	0.9911190000000001	0.0932099	0.0	1.4178899999999999	0.05925369999999999	1.40386	0.850718	0.0	0.0	0.26133	0.029506400000000002	0.142716	1.25809	0.0	0.10899400000000001	1.04056	0.150275	0.268013	3.5673199999999996	0.392119	0.075548	0.14326	0.0	0.352077	0.08720130000000001	0.06564869999999999	0.193118	0.0	0.0	0.052425099999999995	0.295473	0.0259238	0.46234	0.7442989999999999	0.05951030000000001	0.35993400000000003	0.0	0.255801	0.039664099999999994	0.052483	0.165176	0.0475173	0.861023	0.048374400000000005	0.0	0.48537600000000003	0.806964	0.0	0.06358	0.372058	0.0	0.21600999999999998	0.5748310000000001	0.217135	0.133556	0.111643	0.597324	0.0	0.0	0.0
S100A2	S100A2-004	0.0	0.262029	0.0	0.0	0.0	0.0	0.0	0.05206519999999999	0.0	0.0	0.0	0.0	0.0	0.0	0.0	0.0	0.0	0.0	0.0	0.0	0.0312351	0.0	0.0	0.184568	0.0	0.19846	0.0	0.0	0.0	0.0	0.0	0.078372	0.0	0.0	0.0	0.15500799999999998	0.052314400000000004	0.155654	0.552784	0.143894	0.0	0.0	0.0	0.720146	0.0	0.0	0.0	0.0	0.137403	0.0	0.0	0.049611699999999995	0.0	0.0	0.0	0.033548400000000006	0.0	0.0	0.0	0.12601099999999998	0.0	0.0	0.30335700000000004	0.0	0.0269615	0.07315189999999999	0.0	0.0	0.0	0.6919029999999999	0.0	0.156916	0.0	0.0	0.0	0.0	0.148618	0.0	0.0	0.0
S100A2	S100A2-001	0.6221300000000001	0.0	0.0	0.0	0.0	0.0	0.0306156	0.0	0.0	0.16553299999999999	0.033717199999999996	0.0	0.115417	0.0	0.0256795	0.030841900000000005	0.0	0.077816	0.0	0.0	0.263221	0.0	0.0	0.0	0.0248518	0.251742	0.155976	0.0	0.0153613	0.029901499999999998	0.0	0.030411599999999997	0.133746	0.0	0.023615	0.222493	0.0	0.0	0.617179	0.0499065	0.0	0.0	0.0	0.17516900000000002	0.0	0.0924193	0.0	0.0	0.0	0.0	0.0	0.0	0.0	0.0221457	0.0	0.08437599999999999	0.102262	0.0	0.0	0.0	0.0912732	0.0	0.046701	0.0	0.0435361	0.0238512	0.181539	0.0	0.0	0.0	0.0	0.155323	0.06996849999999999	0.10671900000000001	0.0	0.0	0.256284	0.0	0.0	0.0
S100A2	S100A2-002	3.20172	0.628977	0.36794899999999997	0.000481979	0.0	0.0	0.0	0.206391	0.586881	0.0	0.0	0.26852	1.2017200000000001	0.348227	0.404043	0.698046	0.640876	0.79035	0.557982	0.999663	0.9415030000000001	0.0	0.771818	1.4211	0.0	0.899063	0.962166	0.00790641	0.04508669999999999	0.44336400000000004	0.303197	0.46455100000000005	1.43994	0.206945	0.286587	1.39362	0.202255	0.0	2.34128	1.03272	0.0	0.411897	0.0	1.9596799999999999	0.0	0.474091	0.0	0.267254	0.43457399999999996	0.0	1.40485	0.0	0.321248	0.47590200000000005	0.0	0.5463640000000001	0.51574	1.06348	0.20315899999999998	0.309082	0.23020500000000002	0.0	0.44022	0.30430999999999997	0.426623	0.752844	0.742476	0.348926	0.0	1.6537400000000002	0.19577999999999998	1.38562	1.49464	0.0	0.160138	0.35081799999999996	1.32564	0.0	0.301248	0.28267
S100A2	S100A2-003	0.0	0.0	0.0	0.505685	0.0	0.21172399999999997	0.0317602	0.0	0.0	0.154319	0.242537	0.0	0.0	0.184923	0.0	0.0	0.0	0.0	0.0	0.0	0.0	0.0	0.0	0.0	0.22475799999999999	0.0	0.0	0.687869	0.0	0.0	0.0960541	0.0	0.08931839999999999	0.0	0.0	0.0	0.107223	0.36567	0.0	0.0	0.129367	0.0	0.0597335	0.0	0.0	0.0	0.0	0.0	0.0	0.13636600000000001	0.0	0.0	0.0	0.0	0.0	0.0	0.0	0.0	0.0	0.0	0.0	0.12353	0.0	0.0	0.0	0.0	0.0	0.0	0.132204	0.0	0.0	0.0	0.0	0.329565	0.162824	0.0	0.203374	0.30237600000000003	0.0	0.0
S100A2	S100A2-005	0.061067899999999994	0.0	0.0	0.0	0.0	0.0	0.0	0.0	0.0	0.0	0.0	0.0	0.0	0.0	0.0	0.0	0.09369119999999999	0.06626239999999999	0.0	0.0	0.0	0.0	0.0	0.09805610000000001	0.0	0.0502213	0.0	0.0	0.0220016	0.0	0.0	0.0	0.0	0.0	0.03810669999999999	0.0	0.0	0.0	0.33286	0.0	0.0	0.0	0.0	0.0	0.0	0.0	0.0	0.0	0.0370365	0.0	0.0	0.0	0.0	0.07088939999999999	0.0	0.0	0.0	0.0	0.0	0.0	0.0	0.0	0.0	0.0	0.0	0.0388089	0.0	0.0	0.0	0.0	0.0	0.0520679	0.0	0.0	0.0349746	0.0	0.0711155	0.128084	0.0	0.0
S100A2	S100A2-006	0.0	0.0	0.034163	0.21277	0.0	0.0	0.0	0.0	0.0	0.0	0.0	0.0	0.0	0.13316	0.0	0.0	0.0	0.0	0.0	0.0	0.0	0.0	0.0	0.0	0.0	0.061075300000000006	0.0	0.0	0.0	0.0	0.0656335	0.0	0.0	0.0654567	0.0	0.161904	0.0	0.0585211	0.15906099999999998	0.0	0.0	0.0	0.0	0.0	0.038488999999999995	0.0	0.0596225	0.0	0.0762327	0.0	0.0521264	0.0	0.0	0.0	0.0	0.0	0.0	0.0653172	0.0	0.0	0.010082299999999999	0.0	0.129079	0.0	0.0	0.0	0.0	0.0	0.0	0.086752	0.0	0.0	0.09868869999999999	0.00990868	0.0	0.0	0.0	0.0	0.0	0.0
S100A16	S100A16-007	1.7735900000000002	0.0	4.05754	10.6697	4.4811	0.0915429	1.0986799999999999	1.29557	6.8516	2.84922	0.38377100000000003	3.36096	1.2360799999999998	3.1646400000000003	0.0	1.7501200000000001	0.0	4.6701	0.0	6.9558	2.58365	0.38156	0.0	4.67385	0.0	2.25108	5.14515	40.6534	1.28328	7.29942	4.27698	3.15067	5.83957	0.0	0.8242870000000001	6.28052	1.5265799999999998	2.91702	11.3597	4.767519999999999	1.67186	0.713729	0.649319	16.1714	0.58349	0.0	3.75779	3.8953900000000004	0.0	2.49419	1.5010700000000001	0.42659899999999995	2.24943	6.20125	5.32833	1.46697	0.609158	5.06996	0.42995900000000004	0.384096	0.0606504	0.17816099999999999	3.36386	1.0465200000000001	0.0	2.8648700000000002	5.55261	0.645021	1.60359	1.48551	0.505413	6.93184e-06	2.80573	0.0	1.1122299999999998	0.6061340000000001	3.7885800000000005	0.452487	0.0	0.0
S100A16	S100A16-008	1.2092399999999999	0.405124	2.17611	1.9287599999999998	0.0	0.359711	0.0	0.989246	4.88957	0.234992	0.0	0.581655	0.320581	0.50666	0.086405	0.816334	0.0	2.5699400000000003	0.44516400000000006	2.8944400000000003	0.454158	0.0	0.0	1.74236	0.317117	3.65277	1.11869	0.0	1.53493	3.81952	3.94766	0.47585500000000003	1.7791700000000001	0.0	0.571471	5.48369	1.39352	2.40372	1.67818	1.32628	0.758308	0.601978	1.1813799999999999	14.1985	0.0	0.164691	2.17806	4.64313	0.0	1.58391	0.7132609999999999	0.0	0.0	3.68629	7.30911	1.0627	0.225654	1.31856	0.337334	0.758252	0.738332	0.0	1.12379	0.365559	0.404052	1.7414	2.38473	0.10948800000000002	2.44305	2.157	2.46275	1.01488	0.6591100000000001	0.0	0.587427	0.506214	2.05247	0.559222	0.350245	0.281196
S100A16	S100A16-010	8.40943	2.04871	2.92984	2.66451	4.1321	0.351113	0.8682469999999999	5.67647	8.05561	5.10774	0.8359989999999999	2.8513	2.07203	10.874	1.0317399999999999	2.81102	2.31596	5.34477	4.2547	7.17939	3.8121199999999997	0.958467	1.36735	8.06082	2.65077	3.44465	4.79962	2.60661	1.40205	9.47007	10.6059	4.998130000000001	3.46666	3.3961300000000003	1.49537	7.8227899999999995	1.7256099999999999	3.8966199999999995	25.3295	5.7866800000000005	0.799133	4.9042900000000005	1.2173100000000001	15.5834	0.9238129999999999	1.68229	4.57351	4.520230000000001	1.54431	14.8931	3.93106	0.703631	4.9524300000000006	5.53324	7.78752	3.8904300000000003	1.5904200000000002	3.8616699999999997	3.11491	2.68975	2.86945	1.05871	3.9450300000000005	1.07082	1.96292	3.69069	4.39499	1.52545	3.06683	3.12606	0.44334700000000005	3.65496	3.55305	1.4755	2.26418	1.40752	7.89887	2.96612	1.26985	0.809349
S100A16	S100A16-009	44.7595	6.51095	8.79087	16.8752	4.4625699999999995	0.0	3.7252699999999996	20.4958	7.89346	12.2245	0.9361649999999999	3.28232	6.096080000000001	60.4495	11.1759	7.5746899999999995	17.159000000000002	4.7138599999999995	63.2771	12.6386	17.6589	2.24118	3.4790400000000004	26.4279	15.4929	5.09593	5.4539800000000005	43.9109	1.11818	16.0924	21.9622	26.6528	3.79604	41.5236	3.93229	5.75995	0.9989629999999999	8.82125	160.436	12.2053	0.5873430000000001	59.3705	1.24396	12.2418	2.50806	31.4534	15.0131	8.45485	14.9347	139.436	15.7908	0.5151600000000001	9.904639999999999	5.74054	10.9661	16.5155	23.5589	8.68633	9.373569999999999	7.67535	5.0221800000000005	2.76207	12.946	1.7163099999999998	8.73903	3.0142900000000004	7.13983	7.86833	4.25841	13.9383	2.79817e-06	13.9065	23.1183	8.94618	36.9201	1.7644799999999998	20.9577	59.918	3.20586	4.70186
S100A16	S100A16-011	1.3070700000000002	0.137754	0.289673	0.0	0.07959379999999999	0.0	0.104676	0.336983	0.0731046	0.0	0.12916	0.0	0.0881454	1.8216700000000001	0.7073229999999999	0.300444	1.03711	0.08596039999999999	1.0908	0.0	0.36196799999999996	0.053530600000000005	0.0	0.582959	1.0645799999999999	0.0640235	0.0819595	4.067880000000001	0.0	0.0660747	0.319185	1.72048	0.0	0.8681700000000001	0.0542707	0.0	0.0	0.125909	4.07707	0.0694819	0.0	1.6375899999999999	0.0	0.0	0.0	1.13677	0.26563000000000003	0.0885278	1.11158	3.76151	0.46122299999999994	0.0	0.0	0.04686459999999999	0.06495509999999999	0.171194	0.921325	0.21620799999999998	0.090525	0.195521	0.0	0.0	0.0623875	0.0	0.19628800000000002	0.10607799999999999	0.0	0.8624860000000001	0.056688800000000004	0.246074	0.0	0.26260300000000003	0.10513299999999999	0.0	0.746633	0.0	0.295288	3.1417200000000003	0.0	0.201548
S100A14	S100A14-201	0.469319	0.0	0.207551	0.0	0.0	0.0	0.0	0.0	0.0	0.0	0.0	0.0	0.0	0.0	0.0	0.0	0.0	0.0	0.0	0.0	0.017578	0.0	0.0	0.0	0.813183	0.0	0.0	0.0	0.0	0.0	0.0	0.166408	0.0	0.0	0.0	0.11181500000000001	0.06900110000000001	0.0	0.18454600000000002	0.0	0.0	0.0	0.0	1.00985	0.0	0.45530200000000004	0.0	0.0	0.0	0.0	0.0	0.0	0.0	0.0	0.0	0.0	0.0	0.0	5.2112099999999995	0.153109	0.0	0.0	0.0	0.0	0.0	1.7492299999999998	0.0	0.0	0.0	0.330868	0.0	0.0	0.0	0.0	0.0634215	0.0	0.0	0.0	0.0304716	0.0
S100A14	S100A14-004	0.0	0.0625606	0.0	0.0	0.0	0.0	0.0	0.059922500000000004	0.0	0.0	0.0	0.0	0.0	0.0	0.0	0.11418199999999999	0.0	0.0	0.0	0.0	0.0	0.0	0.0	0.0	0.010757899999999999	0.07304429999999999	0.0	0.0	0.0	0.0	0.0	0.0	0.0	0.0	0.0	0.0	0.0	0.0203915	0.0	0.0	0.0	0.0	0.0	0.0	0.0	0.0	0.0	0.0	0.0526092	0.0	0.0	0.0	0.0	0.0	0.0644952	0.0	0.102129	0.0691301	0.0	0.0	0.0	0.0	0.0160331	0.0	0.051173199999999995	0.0	0.00895316	0.0	0.0	0.054511800000000006	0.0	0.0	0.096032	0.0	0.0	0.0617769	0.0	0.0	0.0219127	0.0
S100A14	S100A14-002	0.0	0.0	0.0	0.0	0.0	0.0	0.0	0.0	0.0	0.0	0.0	0.0	0.0	0.0	0.0	0.0	0.0	0.0	0.0	0.0	0.0	0.0	0.0	0.0	0.0	0.0	0.0	0.0	0.0	0.0	0.0	0.0	0.0	0.0	0.0	0.0	0.0	0.0	0.0	0.0	0.0	0.0	0.0	0.0	0.0	0.0	0.0	0.0	0.0	0.0	0.0	0.0	0.0	0.0	0.0	0.0	0.0	0.0	0.239938	0.0	0.0	0.0	0.0	0.0	0.0	0.0	0.0	0.0	0.0	0.0	0.0	0.0	0.0	0.0	0.0	0.0	0.0	0.0	0.0	0.0
S100A14	S100A14-003	0.0	0.0	0.0	0.0	0.0	0.0	0.0	0.0	0.0	0.0	0.0	0.0	0.0	0.0	0.0	0.0	0.0	0.0	0.0	0.0	0.0	0.0	0.0	0.0	0.0	0.0	0.0645486	0.0	0.0	0.03629419999999999	0.0402569	0.131607	0.0	0.0	0.0	0.0	0.0	0.0	0.0	0.0	0.0	0.0	0.0	0.0	0.0	0.0	0.0	0.0	0.0	0.0	0.0	0.0	0.0429033	0.0	0.0	0.0	0.0	0.0	0.144519	0.0	0.026598	0.0	0.138213	0.0	0.0	0.0	0.0	0.0	0.0	0.0	0.0	0.0	0.0	0.0	0.0	0.0	0.0276221	0.0	0.0	0.0
S100A14	S100A14-005	0.0	0.0	0.0	0.0	0.0	0.0	0.0	0.0	0.0	0.0	0.0	0.0	0.0	0.0	0.0	0.0	0.0	0.0	0.25109000000000004	0.00863445	0.0	0.0	0.185499	0.0692461	0.0	0.0	0.0	0.0	0.0	0.0	0.0	0.10609400000000001	0.0	0.0	0.0	0.0	0.0	0.0	0.0	0.0	0.08819819999999999	0.0	0.0	0.0	0.0	0.0	0.0	0.0	0.0	0.0	0.0	0.040599500000000004	0.0	0.0	0.0	0.0	0.0	0.0	0.0	0.0	0.05520599999999999	0.0	0.0	0.0667456	0.0	0.0	0.0	0.0	0.0	0.0418702	0.0	0.114751	0.0	0.0	0.0	0.0	0.058704700000000005	0.0	0.0	0.0625491
S100A14	S100A14-001	0.0	0.027739099999999996	0.0	0.0	0.0	0.0	0.0	0.0	0.0280178	0.0	0.0	0.0	0.056998099999999996	0.129436	0.0	0.0	0.04626040000000001	0.0838575	0.26231	0.05651609999999999	0.0	0.0	0.0	0.0	0.0	0.21687199999999998	0.0	0.0	0.0	0.0	0.0	0.0	0.15379600000000002	0.0	0.0	0.0	0.0	0.0329486	0.0	0.0454624	0.11996300000000001	0.029242400000000005	0.0	0.193902	0.0244107	0.0	0.193464	0.0305986	0.0	0.0	0.025002299999999998	0.0312595	0.0	0.0883347	0.0	0.0	0.0	0.0	0.0	0.0	0.0	0.0	0.0	0.0	0.0	0.0	0.089304	0.019359900000000003	0.0	0.0	0.0	0.0323427	0.0	0.0	0.0	0.0	0.0	0.0	0.0	0.0
S100A13	S100A13-001	175.635	25.2432	80.0169	134.608	17.2853	30.0835	30.9852	44.6184	96.3046	108.54	32.7891	33.8942	90.2049	46.7058	8.78608	81.2699	22.4366	37.8614	16.8972	170.157	82.7506	9.08023	26.5796	136.861	20.4759	105.96600000000001	124.17299999999999	55.949	16.749000000000002	86.4182	60.4156	24.7729	174.41299999999998	37.412	41.1681	116.55799999999999	32.4966	90.9689	163.30200000000002	116.64299999999999	14.7583	46.8212	20.7704	101.035	54.6405	26.4677	81.1937	48.3839	17.7446	15.2241	72.992	8.9384	110.009	79.6218	106.59700000000001	114.499	39.7175	124.329	34.3062	55.0299	75.2858	13.5429	117.684	23.6301	17.7041	51.1886	183.426	24.4079	78.429	153.129	26.7429	50.8606	123.289	18.6575	48.1229	32.9271	166.57	9.01136	14.2384	18.5686
S100A13	S100A13-201	23.7601	2.8275099999999997	6.91967	21.7549	2.41243	1.7517599999999998	4.07836	5.7448	11.5615	6.31745	6.1723099999999995	3.835	4.3701099999999995	3.3747300000000005	1.58279	5.47128	1.0628799999999998	4.02994	9.39598	9.02311	6.54783	0.597846	4.26354	8.060889999999999	1.70409	11.1768	7.37219	4.77911	2.1067400000000003	10.1002	10.3872	5.330030000000001	6.80629	2.51767	4.72495	5.91299	2.06547	4.97007	10.9948	9.20133	1.8784	2.38877	1.85905	3.90544	1.21902	5.1428	5.22391	2.18167	2.86762	1.37175	9.1811	0.329432	12.2433	14.394	5.32618	9.09027	1.486	4.16642	5.01433	5.89847	8.15714	1.98775	7.655710000000001	0.0	5.11166	4.58535	12.2631	1.1508399999999999	4.16191	13.8136	1.80978	15.2627	9.29548	5.316	6.2956199999999995	3.02326	7.7722	2.39131	3.3444	2.26634
S100A13	S100A13-202	28.5494	15.7924	12.2362	29.0679	28.2416	10.7066	16.8438	21.4492	63.9063	9.78415	25.7526	28.7532	14.7929	14.1431	24.8308	12.9311	25.3499	19.8806	63.4183	23.0011	18.8188	10.6038	28.1161	19.9493	22.7	18.9262	16.77	64.1675	3.48878	17.9288	17.1748	30.7395	11.0211	35.4668	52.9692	12.4582	15.7559	13.9012	27.8609	23.5065	11.757	34.6946	19.0505	19.4917	7.655189999999999	19.3076	12.5971	4.37226	21.8079	25.4984	37.6737	6.79603	18.4526	43.7386	13.2776	16.9721	26.2707	13.2395	14.9275	52.5411	23.2341	15.0837	29.6311	17.8293	21.8793	46.9628	27.5792	16.9503	13.024000000000001	38.6218	34.1477	99.8591	21.6225	12.7563	17.8731	26.776999999999997	37.2015	33.275999999999996	16.9821	20.4462
S100A13	S100A13-203	429.21	106.259	167.717	141.165	90.0798	80.6453	58.1349	174.007	286.248	163.066	106.47	115.62700000000001	177.919	209.546	63.2425	208.40400000000002	67.3927	133.07299999999998	114.398	288.56	197.55900000000003	64.7395	138.119	220.26	84.413	223.225	219.625	81.0387	43.4207	272.547	156.136	127.292	234.265	84.6512	137.845	211.017	92.6406	177.63	277.908	194.201	49.7373	135.554	91.1248	208.125	164.37400000000002	111.015	119.82700000000001	72.3361	65.6548	91.9853	172.03	38.7319	196.74200000000002	242.96599999999998	128.80700000000002	154.181	99.8579	297.48	98.6357	162.996	188.442	71.637	229.886	76.9507	98.0986	149.895	298.05	75.2832	155.54	266.909	102.675	200.21400000000003	257.948	102.499	91.1242	94.4844	248.753	55.3522	81.8252	76.1257
S100A13	S100A13-002	36.3411	13.4769	18.5193	11.4307	6.79374	8.61862	4.71312	16.8005	9.34601	6.83827	7.8171800000000005	8.12476	14.1169	27.7378	2.41281	14.102	4.406969999999999	8.878680000000001	2.65311	18.8587	10.6595	4.9747	4.20768	12.4527	7.06035	15.1888	11.435	0.0	0.528415	14.437000000000001	3.84087	11.3447	18.9292	0.0	10.8084	13.3657	5.98604	7.861110000000001	21.0235	15.8812	2.4978700000000003	2.1851	3.38545	2.99132	15.1134	11.440999999999999	11.2837	10.0903	3.1724799999999997	6.98038	13.8785	2.16454	10.8256	11.45	5.28425	11.5136	7.26065	17.6154	4.37208	5.3326199999999995	8.013810000000001	0.7592	23.3325	9.02135	11.835	9.761439999999999	13.2121	7.22036	6.39556	10.914000000000001	3.0443	15.2788	16.0894	4.13698	13.263	11.414000000000001	15.1761	4.3504	1.7686400000000002	3.7433
S100A13	S100A13-006	4.66449	1.27071	2.1785099999999997	4.45443	0.778337	0.484984	0.393984	0.8216180000000001	1.58861	0.316162	0.898626	0.742272	0.9238850000000001	0.7603979999999999	1.11647	0.866008	0.773243	2.20266	1.50904	1.39448	0.9128139999999999	0.443895	1.05433	2.06393	0.880017	2.6393299999999997	2.49195	1.32677	0.6674859999999999	1.06741	1.18525	1.37107	2.17917	1.52434	1.36863	1.48165	0.8612360000000001	0.600746	4.7416	0.867288	0.343075	0.933707	0.47549300000000005	0.683554	0.606531	0.669312	0.680967	0.214725	1.0436	0.5302180000000001	0.7141489999999999	0.8055439999999999	1.1768399999999999	1.6583299999999999	0.8700469999999999	0.920436	1.0685799999999999	0.611009	1.21947	1.8098900000000002	2.2614400000000003	0.438055	2.14748	0.633522	1.28451	1.8246799999999999	1.71502	1.12678	0.526513	1.97733	0.90065	1.76437	2.8978200000000003	0.742037	1.32398	0.700241	2.14107	2.04304	1.07172	2.20413
S100A1	S100A1-001	4735.45	1116.83	1205.19	1856.18	168.218	293.557	65.4997	1630.02	889.7869999999999	2178.09	372.37699999999995	1076.04	1594.81	2089.1	46.9143	3242.76	658.138	1732.08	96.4422	2167.56	732.916	903.3989999999999	683.443	1853.49	676.0010000000001	1412.84	1905.16	779.253	10.5861	1783.49	689.373	1479.8	1894.47	159.178	1194.24	1732.32	183.269	1256.49	1923.03	1523.92	449.064	2187.09	222.51	1001.96	1730.2	1222.68	872.0310000000001	1124.2	147.196	98.709	1381.23	9.86403	1889.09	1716.66	1615.93	1372.19	1206.78	3225.9	181.72799999999998	2893.07	1038.23	28.9847	1423.54	823.3389999999999	1209.39	1060.73	1724.37	629.8240000000001	2064.51	886.59	580.375	2687.69	1150.13	353.925	1191.07	641.8290000000001	2152.35	121.553	72.6256	118.146
S100A1	S100A1-005	395.01599999999996	231.75400000000002	52.6866	167.278	12.2494	42.9903	4.66309	33.4188	95.4469	123.719	61.6534	221.097	243.767	217.398	9.26019	112.031	81.7496	87.0503	6.088830000000001	178.71099999999998	67.0995	133.808	101.678	185.395	104.77600000000001	238.335	177.555	57.9231	0.57038	135.168	56.4249	28.5586	204.571	15.3906	174.125	94.5195	28.7579	93.5665	112.016	148.81	72.6416	330.661	42.6472	53.7261	167.127	273.806	143.773	87.0246	28.8924	7.620660000000001	70.8728	4.7155	111.613	161.16	120.229	119.495	58.9438	284.252	12.790999999999999	301.70799999999997	123.74799999999999	5.08689	66.2817	86.27600000000001	120.023	132.869	192.22799999999998	142.113	261.982	90.4666	66.3485	324.814	46.4814	8.21538	207.215	95.8432	128.517	13.6776	5.5683300000000004	15.9653
S100A1	S100A1-003	0.841784	0.9866010000000001	0.78323	0.0	0.517595	0.442087	0.23690799999999998	1.08158	1.76155	0.437671	0.42253100000000005	1.01352	0.8961379999999999	2.24647	0.13658800000000001	0.262108	0.441931	1.28409	0.737467	1.6068799999999999	1.14624	0.617537	1.3915	0.7306	0.250281	0.08852310000000001	0.618196	1.1448	0.11310799999999999	1.05277	0.37867199999999995	2.47243	0.699856	0.9107379999999999	1.2031399999999999	0.527451	2.04224	0.802193	0.838774	1.25291	0.161653	0.244741	0.30275599999999997	0.727069	1.97743	0.861964	0.785458	0.9888889999999999	0.5249510000000001	1.0140799999999999	1.07081	0.0	1.23537	0.563765	0.595923	0.59729	0.594308	0.9270309999999999	0.20927199999999999	0.632706	1.31925	0.0	1.45424	0.546567	0.8366549999999999	0.70875	0.9413739999999999	0.44471000000000005	0.575955	0.496467	0.7660710000000001	1.50037	0.655913	1.1446100000000001	0.586275	0.8854780000000001	1.2010299999999998	0.17645999999999998	0.459053	0.707372
S100A1	S100A1-004	33.0051	1.39262	2.4703	26.5936	1.27109	0.687449	0.219561	25.2716	6.47933	15.3792	0.7294470000000001	2.36674	16.5916	15.7905	0.0	24.1843	2.2134	14.9982	0.331131	20.8373	1.67925	3.6402	1.52883	16.3801	4.7852	12.1774	9.959660000000001	0.0	0.0	9.21335	3.5449300000000004	47.5124	9.4302	0.0	9.35582	24.3976	0.643062	10.3077	14.9835	10.3676	1.2148700000000001	24.0406	3.04921	7.25643	16.1834	9.343110000000001	6.02827	2.93288	0.21612800000000001	1.75142	13.7044	0.0	11.4256	16.705	11.5002	12.1569	6.45938	42.5512	1.4646700000000001	29.515	10.6588	0.0	8.2831	4.00211	6.43755	12.5914	9.86797	6.27176	9.407210000000001	10.3244	3.14626	5.875780000000001	14.0883	6.8070699999999995	2.41173	3.2229799999999997	8.84528	0.741508	0.0	0.0
S100A1	S100A1-002	7.569939999999999	2.27575	2.0021299999999997	4.05069	0.44516700000000003	1.3685200000000002	0.360329	3.89888	1.6426	1.97375	1.31134	1.67935	2.30075	2.60822	0.37396399999999996	3.8961300000000003	1.46023	3.98809	0.523383	3.34082	1.0576	0.8209139999999999	7.146669999999999	3.44309	1.13209	2.38415	4.00286	1.36752	0.149498	2.0359700000000003	1.0423	1.61609	3.0219400000000003	0.784619	1.9942900000000001	2.68686	1.11107	1.5401	4.53878	2.0657900000000002	0.562821	1.7198099999999998	0.329261	1.3179299999999998	3.3744699999999996	1.04524	1.16546	1.35819	0.45086000000000004	0.750858	1.85778	0.240711	2.02123	2.2594	1.53308	1.61847	1.7691299999999999	3.8965099999999997	0.328383	3.06446	2.56945	0.16362100000000002	2.2170900000000002	1.5321200000000001	1.88549	1.23595	1.98175	1.4795200000000002	2.4842400000000002	1.73868	0.8926709999999999	3.8065300000000004	2.93092	0.438849	2.00895	1.0862	3.07192	0.571459	0.543308	0.9260440000000001
LCE5A	LCE5A-001	0.034158600000000004	0.0	0.0363926	0.0	0.0341713	0.0	0.0	0.0	0.0	0.0	0.16833199999999998	0.0	0.0	0.0	0.0	0.027803300000000003	0.0	0.0	0.0393151	0.0	0.0	0.024556900000000003	0.0370606	0.0	0.0	0.0	0.0	0.0	0.0	0.0	0.0310971	0.0	0.0	0.0	0.023046	0.0	0.0227263	0.0258361	0.0	0.0	0.0	0.0	0.0	0.0	0.0621946	0.0	0.0	0.0	0.0	0.0	0.0	0.0	0.0	0.0	0.0	0.0	0.024581	0.0	0.0	0.0	0.0	0.101215	0.0	0.0	0.024878599999999997	0.0	0.0	0.0	0.0	0.0799016	0.0	0.0287115	0.0	0.0	0.0	0.059040699999999995	0.0	0.029329	0.0	0.0
CRCT1	CRCT1-001	0.0	0.0	0.0	0.0	0.0	0.0	0.0	0.0	0.0	0.0	0.0	0.0	0.0	0.0	0.0	0.0	0.0	0.0	0.0	0.0	0.0	0.0	0.0	0.0	0.0	0.0	0.0	0.0	0.0	0.0	0.0	0.0	0.0	0.0	0.0	0.0	0.0	0.0	0.0	0.0	0.0	0.0	0.0	0.10288	0.0	0.0	0.0	0.0	0.0	0.0	0.0	0.0	0.0	0.0	0.0	0.0	0.0	0.0	0.0	0.0	0.0	0.0	0.0	0.0	0.0	0.0	0.0	0.0	0.0	0.0	0.0	0.0	0.0	0.0	0.0	0.0	0.0	0.0	0.0	0.0
LCE3E	LCE3E-001	0.0	0.0	0.0	0.0	0.0	0.0	0.0	0.0	0.0	0.0992662	0.0	0.0	0.0	0.0	0.0	0.0	0.0	0.0	0.0	0.0	0.0	0.0	0.0	0.0	0.0	0.0828777	0.0	0.0	0.0	0.0	0.0	0.0	0.0	0.0	0.0	0.0	0.0	0.0	0.0	0.0	0.0	0.0	0.0	0.0	0.0	0.0	0.0	0.0	0.0	0.0	0.0	0.0	0.0	0.0	0.0	0.0	0.0	0.0	0.0	0.0	0.0	0.0	0.0	0.0	0.0	0.0	0.0	0.0	0.0	0.0	0.0	0.0	0.0	0.0	0.0	0.0	0.0	0.0	0.0	0.0
LCE3D	LCE3D-001	0.0	0.0	0.0	0.0	0.0	0.0	0.0	0.0	0.0	0.0	0.0408159	0.0	0.0	0.0	0.0	0.0	0.0	0.0	0.0	0.0	0.0	0.0	0.0	0.0	0.0	0.0818085	0.0	0.0	0.0	0.0	0.0	0.0	0.0	0.0	0.0	0.0	0.0	0.0	0.0	0.0	0.0	0.0	0.0	0.0	0.0	0.0	0.0	0.0	0.0	0.0	0.0	0.0	0.0	0.0	0.0	0.0	0.0	0.0	0.0	0.0	0.0	0.0	0.0	0.0	0.03551459999999999	0.0	0.0	0.0	0.0	0.0	0.0	0.0	0.0	0.0	0.0	0.0425929	0.0	0.0	0.0	0.0
LCE3C	LCE3C-001	0.0	0.0	0.0	0.0	0.0	0.0	0.0	0.0	0.0	0.0	0.0	0.0	0.0	0.0	0.0	0.0	0.0	0.0	0.0	0.0	0.0	0.0	0.0	0.0	0.0	0.0	0.0	0.0	0.0	0.0	0.0	0.0	0.0	0.0	0.0	0.0	0.0	0.0	0.0	0.0	0.0	0.0	0.0	0.0	0.0	0.0	0.0	0.0	0.0	0.0	0.0	0.0	0.0	0.0	0.0	0.0	0.0	0.0	0.0	0.0	0.0	0.0	0.0	0.0	0.0	0.0	0.0	0.0	0.0	0.0	0.0	0.0	0.0	0.0	0.0	0.0	0.0	0.0	0.0	0.0
LCE3C	LCE3C-201	0.0	0.0	0.0	0.0	0.0	0.0	0.0	0.0	0.0	0.0	0.0	0.0	0.0	0.0	0.0	0.0	0.0	0.0	0.0	0.0	0.0	0.0	0.0	0.0	0.0	0.0	0.0	0.0	0.0	0.0	0.0	0.0	0.0	0.0	0.0	0.0	0.0	0.0	0.0	0.0	0.0	0.0	0.0	0.0	0.0	0.0	0.0	0.0	0.0	0.0	0.0	0.0	0.0	0.0	0.0	0.0	0.0	0.0	0.0	0.0	0.0	0.0	0.0	0.0	0.0	0.0	0.0	0.0	0.0	0.0	0.0	0.0	0.0	0.0	0.0	0.0	0.0	0.0	0.0	0.0
LCE3B	LCE3B-001	0.0	0.0	0.0	0.0	0.0	0.0	0.0	0.0	0.0	0.0	0.0	0.0	0.0	0.0	0.0	0.0	0.0	0.0	0.0	0.0	0.0	0.0	0.0	0.0	0.0	0.0	0.0	0.0	0.0	0.0	0.0	0.0	0.0	0.0	0.0	0.0	0.0	0.0	0.0	0.0	0.0	0.0	0.0	0.0	0.0	0.0	0.0	0.0	0.0	0.0	0.0	0.0	0.0	0.0	0.0	0.0	0.0	0.0	0.0	0.0	0.0	0.0	0.0	0.0	0.0	0.0	0.0	0.0	0.0	0.0	0.0	0.0	0.0	0.0	0.0	0.0	0.0	0.0	0.0	0.0
LCE3A	LCE3A-001	0.0	0.0	0.0	0.0	0.0	0.0	0.0	0.0	0.0	0.0	0.0	0.0	0.0	0.0	0.0	0.0	0.0	0.0	0.0	0.0	0.0	0.0	0.0	0.0	0.0	0.0	0.0	0.0	0.0	0.0	0.0	0.0	0.0	0.0	0.0	0.0	0.0	0.0	0.0	0.0	0.0	0.0	0.0	0.0	0.0	0.0	0.0	0.0	0.0	0.0	0.0	0.0	0.0	0.0	0.0	0.0	0.0	0.0	0.0	0.0	0.0	0.0	0.0	0.0	0.0	0.0	0.0	0.0	0.0	0.0	0.0	0.0	0.0	0.0	0.0	0.0	0.0	0.0	0.0	0.0
LCE2D	LCE2D-001	0.0	0.0	0.0	0.0	0.0	0.0	0.0	0.0	0.0	0.0	0.0	0.0	0.0	0.0	0.0	0.0	0.0	0.0	0.0	0.0	0.0	0.0	0.0	0.0	0.0	0.0	0.0	0.0	0.0	0.0	0.0	0.0	0.0	0.0	0.0	0.0	0.0	0.0	0.0	0.0	0.0	0.0	0.0	0.0	0.0	0.0	0.0	0.0	0.0	0.0	0.0	0.0	0.0	0.0	0.0	0.0	0.0	0.0	0.0	0.0	0.0	0.0	0.0	0.0	0.0	0.0	0.0	0.0	0.0	0.0	0.0	0.0	0.0	0.0	0.0	0.0	0.0	0.0	0.0	0.0
LCE2C	LCE2C-001	0.0	0.0	0.0	0.0	0.0	0.0	0.0	0.0	0.0	0.0	0.0	0.0	0.0	0.0	0.0	0.0	0.0	0.0	0.0	0.0	0.0	0.0	0.0	0.0	0.0	0.0	0.0	0.0	0.0	0.0	0.0	0.0	0.0	0.0	0.0	0.0	0.0	0.0	0.0	0.0	0.0	0.0	0.0	0.0	0.0	0.0	0.0	0.0	0.0	0.0	0.0	0.0	0.0	0.0	0.0	0.0	0.0	0.0	0.0	0.0	0.0	0.0	0.0	0.0	0.0	0.0	0.0	0.0	0.0	0.0	0.0	0.0	0.0	0.0	0.0	0.0	0.0	0.0	0.0	0.0
LCE2B	LCE2B-001	0.0	0.0	0.0	0.0	0.0	0.0	0.0	0.0	0.0	0.0	0.0	0.0	0.0	0.0	0.0	0.0	0.0	0.0	0.0	0.0	0.0	0.0	0.0	0.0	0.0	0.0	0.0	0.0	0.0	0.0	0.0	0.0	0.0	0.0	0.0	0.0	0.0	0.0	0.0	0.0	0.0	0.0	0.0	0.0	0.0	0.0	0.0	0.0	0.0	0.0	0.0	0.0	0.0	0.0	0.0	0.0	0.0	0.0	0.0	0.0	0.0	0.0	0.0	0.0	0.0	0.0	0.0	0.0	0.0	0.0	0.0	0.0	0.0	0.0	0.0	0.0	0.0	0.0	0.0	0.0
LCE2A	LCE2A-001	0.254143	2.29483	0.027227699999999997	0.19827	0.304262	0.0	0.0	0.043250300000000005	0.314706	1.63565	0.0421833	0.0419339	0.489541	1.1676	0.234981	1.02536	0.21836799999999998	1.29704	0.0	1.53603	0.37855500000000003	0.6122479999999999	0.10890799999999999	1.1416	0.062182100000000004	0.08393869999999999	0.050250300000000005	0.0	0.0859568	0.12583	0.141217	0.0	1.4804899999999999	0.0	0.0689142	1.3385799999999999	0.169127	0.11480599999999999	0.60319	0.12901600000000002	0.0	0.10947799999999999	0.03672380000000001	0.827672	0.632288	0.162688	0.576224	0.925501	0.0	0.0	0.047398699999999995	0.0	0.66284	0.06705239999999998	0.0935851	0.201156	0.0	3.83111	0.0257084	0.033481	0.093909	0.0	0.148003	0.42035900000000004	0.0	0.0	0.0353673	0.0	0.160127	0.35600000000000004	0.243468	0.21259	0.17363900000000002	0.0	0.04158219999999999	0.13289	0.14670899999999998	0.0	0.0	0.0
LCE4A	LCE4A-201	0.0	0.0	0.0	0.0	0.0	0.0	0.0	0.0	0.107152	0.0	0.0	0.0	0.0	0.12565	0.0	0.0	0.0	0.0	0.0	0.0	0.0	0.0	0.0	0.0	0.0	0.0	0.0	0.0	0.0	0.0	0.0	0.0	0.00973493	0.0	0.0	0.0	0.0	0.0	0.0	0.0	0.0	0.0	0.0	0.0	0.0	0.0	0.0	0.0	0.0	0.0	0.0	0.0	0.0	0.0	0.0	0.0	0.0	0.100788	0.0	0.0	0.0	0.0	0.0	0.0	0.0	0.0	0.0	0.0	0.0	0.0	0.0	0.0	0.0	0.0	0.0	0.0	0.0	0.0	0.0	0.0
LCE4A	LCE4A-001	0.0	0.0	0.0240241	0.0	0.0	0.0	0.0	0.0	0.0	0.0	0.0	0.0	0.0	0.0	0.0	0.0	0.0	0.0464457	0.0	0.0331339	0.0	0.0	0.0	0.0	0.0	0.0	0.0	0.0	0.025097	0.0	0.0	0.0	0.255652	0.0	0.0	0.0	0.0	0.0	0.0	0.03805069999999999	0.0	0.0	0.0	0.0	0.0	0.0	0.0	0.0	0.0	0.0	0.0	0.0	0.0	0.0	0.0	0.0	0.0	0.0	0.0	0.0	0.0	0.0	0.0	0.0	0.0	0.0	0.0	0.0	0.0	0.0	0.0	0.0	0.0	0.0	0.0	0.0	0.0	0.0	0.0	0.0
C1orf68	C1orf68-001	0.0	0.0	0.0	0.0	0.0	0.0	0.0	0.0	0.0	0.0	0.0	0.0	0.0	0.0	0.0	0.0	0.0	0.0	0.0	0.0	0.0	0.0	0.0	0.0	0.0	0.0	0.0	0.0	0.0	0.0	0.0	0.0	0.0	0.0	0.0	0.0	0.0	0.0	0.0	0.0	0.0	0.0	0.0	0.0	0.0	0.0	0.0	0.033901	0.0	0.0	0.0	0.0	0.0	0.0	0.0274603	0.023566099999999996	0.0	0.0	0.0	0.0	0.0	0.0	0.0425626	0.0	0.0	0.0	0.0202744	0.0	0.0	0.0	0.0	0.0	0.0	0.0	0.0	0.0	0.0	0.0	0.0	0.0
KPRP	KPRP-001	0.0	0.0	0.0	0.0	0.0	0.0	0.0	0.0	0.0	0.0	0.0	0.0	0.0	0.0	0.0	0.0	0.0	0.0	0.0	0.0	0.0	0.0	0.0	0.0	0.0	0.016155600000000003	0.0	0.0	0.0	0.0	0.0	0.0	0.0	0.0	0.0	0.0	0.0	0.0	0.0	0.0	0.0	0.0	0.0	0.0	0.0	0.0	0.0	0.0	0.0	0.0	0.0	0.0	0.0	0.0	0.0	0.0	0.0	0.0	0.0	0.0	0.0	0.0	0.0	0.0	0.0	0.0	0.0	0.0	0.0	0.0	0.0	0.0	0.0	0.0	0.0	0.0	0.0	0.0	0.0	0.0
LCE1F	LCE1F-001	0.0	0.0	0.0	0.0	0.0	0.0	0.0	0.0	0.0	0.0	0.0	0.0	0.0	0.0	0.0	0.0	0.0	0.0	0.124268	0.0	0.0	0.0	0.0	0.0	0.0	0.0	0.0	0.0	0.0	0.0	0.0	0.0	0.0	0.0	0.0	0.0	0.0	0.0	0.0	0.0	0.0	0.0	0.0	0.0	0.0	0.0	0.0	0.0	0.0	0.0	0.0	0.0	0.0	0.0	0.0	0.0	0.0	0.0	0.0	0.0	0.0	0.0	0.0	0.0	0.0	0.0	0.0	0.0	0.0	0.0	0.0	0.0	0.0	0.0	0.0	0.0	0.0	0.0	0.0	0.0
LCE1E	LCE1E-001	0.0	0.0	0.0	0.0	0.0	0.0	0.0	0.0	0.0	0.0	0.0	0.0	0.0	0.0	0.0	0.0	0.0	0.0231917	0.0	0.0327834	0.0	0.0162349	0.0	0.017176900000000002	0.0	0.0414334	0.0219421	0.0	0.0	0.0	0.0	0.0	0.0	0.0	0.0	0.0215991	0.0297817	0.0	0.0	0.0	0.0	0.0	0.0	0.0	0.0	0.0	0.0	0.0	0.0	0.0	0.0	0.0	0.0	0.0	0.0	0.0	0.0	0.0	0.0	0.0	0.0204477	0.0	0.0	0.0	0.0	0.0	0.0	0.0	0.0	0.0	0.0	0.018768	0.0	0.0	0.0	0.0	0.0	0.0	0.0	0.0
LCE1E	LCE1E-002	0.0	0.0	0.0	0.0	0.0	0.0	0.0	0.0	0.0	0.0	0.0	0.0	0.0	0.0	0.0	0.0	0.0	0.0	0.0	0.0	0.0	0.0	0.0	0.0	0.0	0.0	0.0	0.0	0.0	0.0	0.0	0.0	0.0	0.0	0.0	0.0	0.0	0.0	0.0	0.0	0.0	0.0	0.0	0.0	0.0	0.0	0.0	0.0	0.0	0.0	0.0	0.0	0.0	0.0	0.0	0.0	0.0	0.0	0.0	0.0352128	0.0	0.0	0.0	0.0	0.0	0.0	0.0	0.0	0.0	0.0	0.0	0.0	0.0	0.0	0.0	0.0	0.0	0.0	0.0	0.0
LCE1E	LCE1E-201	0.0	0.0	0.0	0.0	0.0	0.0	0.0	0.0	0.0	0.0	0.0	0.0	0.0	0.0	0.0	0.0	0.0	0.0	0.0	0.0	0.0	0.0	0.0	0.0	0.0	0.12796300000000002	0.0	0.0	0.0	0.0	0.0	0.0	0.0	0.0	0.0	0.0	0.0	0.0	0.0	0.0	0.0	0.0	0.0	0.0	0.0	0.0	0.0	0.0	0.0	0.0	0.0	0.0	0.0	0.0	0.0	0.0	0.0	0.0	0.0	0.0	0.0	0.0	0.0	0.0	0.0	0.0	0.0	0.0	0.0	0.0	0.0	0.0	0.0	0.0	0.0	0.0	0.0	0.0	0.0	0.0
LCE1D	LCE1D-001	0.0	0.0	0.0	0.0	0.0	0.0	0.0	0.0	0.0	0.0	0.0	0.0	0.0	0.0	0.0	0.0	0.0	0.0	0.0	0.239718	0.0	0.0	0.0	0.127055	0.0	0.0	0.0	0.0	0.0	0.0	0.0	0.0	0.0690028	0.0	0.0	0.0	0.0	0.0	0.0	0.0	0.0	0.0	0.0	0.108527	0.0	0.0	0.0	0.0	0.0	0.0	0.0	0.0	0.0	0.0	0.0	0.0	0.0	0.0	0.0	0.0	0.0	0.0	0.0	0.0	0.0	0.0	0.0	0.0	0.0	0.0	0.0	0.0	0.0	0.0	0.0	0.0	0.0	0.0	0.0	0.0
LCE1C	LCE1C-002	0.0	0.0	0.0	0.0	0.0	0.0	0.0	0.0	0.0	0.0	0.0	0.0	0.0	0.0	0.0	0.0	0.0	0.0	0.0	0.0	0.0	0.0	0.0	0.0	0.0	0.0	0.0	0.0	0.0	0.0	0.0	0.0	0.0	0.0	0.0	0.0	0.0	0.0	0.0	0.0	0.0	0.0	0.0	0.0	0.0	0.0	0.0	0.0	0.0	0.0	0.0	0.0	0.0	0.0	0.0	0.0	0.0	0.0	0.0	0.0	0.0	0.0	0.0	0.0	0.0	0.0	0.0	0.0	0.0	0.0	0.0	0.0	0.0	0.0	0.0	0.0	0.0	0.0	0.0	0.0
LCE1C	LCE1C-001	0.0	0.0	0.0	0.0	0.0	0.0	0.0	0.0	0.0467806	0.0908104	0.0	0.0	0.0	0.0	0.0	0.0	0.0	0.0	0.0	0.0	0.0	0.0	0.0	0.0	0.0	0.0	0.0	0.0	0.0	0.0	0.0419228	0.0	0.0	0.0	0.0	0.0	0.0	0.0	0.0	0.0	0.0	0.0	0.0	0.0	0.0	0.0	0.0643881	0.0	0.0	0.0	0.0	0.0	0.0	0.0	0.0	0.0359342	0.0	0.0	0.0	0.0	0.0	0.0	0.0	0.0	0.0	0.0	0.0	0.0	0.0	0.0	0.0	0.0	0.0	0.0	0.0	0.0	0.0	0.0	0.0	0.0
LCE1B	LCE1B-001	0.0	0.0	0.0	0.0	0.0	0.0	0.0	0.0	0.0	0.0	0.0	0.0	0.0	0.0	0.0	0.0	0.0	0.025280700000000003	0.0	0.0	0.0	0.0	0.0	0.0	0.0	0.0	0.0	0.0	0.0	0.0	0.0	0.0	0.0	0.0	0.0	0.0	0.0	0.0	0.0	0.0	0.0	0.0	0.0	0.0	0.0	0.0	0.0346717	0.0	0.0	0.0	0.0	0.0	0.0	0.0	0.0	0.0	0.0	0.0	0.012161700000000001	0.0	0.0	0.0	0.0	0.0	0.0	0.0	0.0	0.0	0.0	0.0	0.0	0.0	0.0	0.0	0.0	0.0	0.0	0.0	0.0	0.0
LCE1A	LCE1A-001	0.0	0.0	0.0	0.0	0.0	0.0	0.0	0.0	0.0	0.0	0.0	0.0	0.0	0.0	0.0	0.0	0.0	0.0	0.0	0.0	0.0	0.0	0.0	0.0	0.0	0.0	0.08535889999999999	0.0	0.0	0.0	0.0	0.0	0.0	0.0	0.0	0.041366	0.0	0.0	0.0684995	0.0	0.0	0.0	0.0	0.0	0.0	0.0	0.0	0.0	0.0	0.0	0.0	0.0	0.0	0.0	0.0	0.0	0.0	0.0	0.0	0.0	0.0	0.0	0.0	0.0	0.0	0.0	0.0	0.0	0.0	0.0	0.0	0.0	0.0	0.110528	0.0705283	0.0	0.0	0.0	0.0	0.0
LCE6A	LCE6A-001	0.0	0.0	0.0	0.0	0.0	0.0	0.0	0.0	0.0	0.0	0.0	0.0	0.0	0.0	0.0	0.0	0.0	0.0	0.0	0.0	0.0	0.0	0.0	0.0	0.0	0.0	0.0	0.0	0.0	0.0	0.0	0.0	0.0	0.0	0.0	0.0	0.0	0.0	0.0	0.0	0.0	0.0	0.0	0.0	0.0	0.0	0.0	0.0	0.0	0.0	0.0	0.0	0.0	0.0	0.0	0.0	0.0	0.0	0.0	0.0	0.0	0.0	0.0	0.0	0.0	0.0	0.0	0.0	0.0	0.0	0.0	0.0	0.0	0.0	0.0	0.0	0.0	0.0	0.0	0.0
SMCP	SMCP-001	0.0	0.0	0.0	0.0	0.0	0.0	0.0	0.0	0.0	0.0	0.0	0.0	0.0	0.0	0.0	0.0	0.0	0.0	0.0	0.0	0.0	0.0	0.0	0.0	0.0	0.0	0.0	0.0	0.0	0.0	0.0	0.0	0.0	0.0	0.0	0.0	0.0	0.0	0.0	0.0	0.0	0.0	0.0	0.0	0.0	0.0	0.0	0.0	0.0	0.0	0.0	0.0	0.0	0.0	0.0	0.0	0.0	0.0	0.0	0.0	0.0	0.0	0.0	0.0	0.0	0.0	0.0	0.0	0.0	0.0	0.0	0.0	0.0	0.0	0.0	0.0	0.037091000000000006	0.0	0.0	0.0
IVL	IVL-001	0.0330576	0.02808	0.0	0.0	0.0	0.0	0.0	0.0	0.0	0.0	0.0	0.0	0.0116598	0.0	0.0	0.0	0.0	0.0112481	0.0	0.0	0.0	0.0	0.012125799999999999	0.0	0.0	0.0733805	0.0	0.0	0.0	0.0	0.0	0.0	0.0	0.0	0.0	0.0	0.0	0.0	0.0	0.00932437	0.0	0.0	0.0	0.0902678	0.0	0.0	0.0	0.0	0.06400030000000001	0.0	0.0	0.0	0.0	0.0	0.0	0.0710029	0.0	0.0	0.0	0.0	0.0	0.0	0.0	0.0	0.0239773	0.0	0.0	0.0	0.0	0.18049	0.0	0.0	0.0	0.029913599999999995	0.0	0.0	0.0	0.0	0.0	0.0
SPRR4	SPRR4-001	0.0	0.0	0.0	0.0	0.0	0.0	0.0	0.0	0.0	0.0	0.0	0.0	0.0	0.0	0.0	0.0	0.0	0.0	0.0	0.0	0.0	0.0	0.0	0.0	0.0	0.0	0.0	0.0	0.0	0.0	0.0	0.0	0.0	0.0	0.0	0.0	0.0	0.0	0.0	0.0	0.0	0.0	0.0	0.0559173	0.0	0.0	0.0	0.0	0.0	0.0	0.0	0.0	0.0	0.0	0.0	0.0	0.0	0.0	0.0	0.0	0.0	0.0	0.0	0.0	0.0	0.0	0.0	0.0	0.0	0.0	0.0	0.0	0.0	0.0	0.0	0.0	0.0	0.0	0.0	0.0
SPRR1A	SPRR1A-001	0.0	1.2204700000000002	0.0	0.0	0.0	0.0	0.0	0.0	0.0	0.0	0.0	0.0	0.0	0.0	0.0	0.0	0.0	0.0	0.0	0.0	0.0	0.0	0.0	0.0	0.0	0.6628689999999999	0.0	0.0	0.0	0.0	0.0	0.0	0.0	0.0	0.0	0.0	0.0	0.0	0.0	0.0	0.0	0.0	0.0	5.890630000000001	0.0	0.0	0.0	0.0	2.06641	0.0	0.0	0.0	0.0	0.0	0.0	0.0	0.0	0.0	0.0	0.0	0.0	0.0	0.0	0.0	0.0	0.0	0.0	0.0	0.0	0.720692	0.0	0.0	0.0	0.0	0.0	0.0	0.0	0.0	0.0	0.0
SPRR3	SPRR3-001	0.0	0.387731	0.0	0.0	0.0	0.0	0.0	0.0	0.0	0.0	0.0	0.0	0.0	0.0	0.0	0.0	0.0	0.0	0.0	0.0	0.0	0.0	0.0	0.0	0.020315	0.0	0.0	0.0	0.0	0.0	0.0	0.0	0.0	0.0	0.0	0.0	0.0	0.0	0.0	0.0	0.0	0.0	0.0	2.32842	0.0	0.0	0.0	0.0	0.31273	0.0	0.0	0.0	0.0	0.0	0.0	0.0270894	0.0	0.0	0.0	0.0	0.0	0.0	0.0	0.0	0.0	0.0	0.0	0.0	0.0269686	0.0396276	0.0	0.0	0.0	0.0	0.0	0.0	0.0	0.0	0.0	0.0
SPRR3	SPRR3-201	0.0	0.0	0.0	0.0	0.0	0.0	0.0	0.0	0.0	0.0	0.0	0.0	0.0	0.0	0.0	0.0	0.0	0.0	0.0	0.0	0.0	0.0	0.0	0.0	0.0	0.0	0.0	0.0	0.0	0.0	0.0	0.0	0.0	0.0	0.0	0.0	0.0	0.0	0.0	0.0	0.0	0.0	0.0	0.43892700000000007	0.0	0.0	0.0	0.0	0.030776599999999998	0.0	0.0	0.0	0.0	0.0	0.0	0.0	0.0	0.0	0.0	0.0	0.0	0.0	0.0	0.0	0.0	0.0	0.0	0.0	0.0	0.0	0.0	0.0	0.0	0.0	0.0	0.0	0.0	0.0	0.0	0.0
SPRR3	SPRR3-003	0.0	0.0	0.0	0.0	0.0	0.0	0.0	0.0	0.0	0.0	0.0	0.0	0.0	0.0	0.0	0.0	0.0	0.0	0.0	0.0	0.0	0.0	0.0	0.0	0.0	0.0	0.0	0.0	0.0	0.0	0.0	0.0	0.0	0.0	0.0	0.0	0.0	0.0	0.0	0.0	0.0409946	0.0	0.0	1.32873e-07	0.0	0.0	0.0	0.0	0.12552	0.0	0.0	0.0	0.0	0.0	0.0	0.0	0.0	0.0	0.0	0.0	0.0	0.0	0.0	0.0	0.0	0.0	0.0	0.0	0.0	0.0	0.0	0.044050599999999995	0.0	0.0	0.0	0.0	0.0	0.0	0.0	0.0
SPRR3	SPRR3-002	0.0	0.0	0.0	0.0	0.0	0.0	0.0	0.0	0.0	0.0	0.0	0.0	0.0	0.0	0.0	0.0	0.0	0.0	0.0	0.0	0.0	0.0	0.0	0.0	0.0	0.0	0.0	0.0	0.0	0.0	0.0	0.0	0.0	0.0	0.0	0.0	0.0	0.0	0.0	0.0	0.0	0.0	0.0	0.108752	0.0	0.0	0.0	0.0	0.0	0.0	0.0	0.0	0.0	0.0	0.0	0.0	0.0	0.0	0.0	0.0	0.0	0.0	0.0	0.0	0.0	0.0	0.0	0.0	0.0	0.0	0.0	0.0	0.0	0.0	0.0	0.0	0.0	0.0	0.0	0.0
SPRR1B	SPRR1B-001	0.0	0.325144	0.0	0.0	0.0	0.0	0.0	0.0	0.0	0.0	0.0427089	0.0	0.0	0.0	0.0	0.0	0.0	0.0	0.0	0.0	0.0	0.0	0.0	0.0	0.0	0.42390500000000003	0.0	0.0	0.029022500000000003	0.0	0.0	0.0	0.0	0.0	0.0	0.0	0.0	0.0390043	0.0	0.0	0.0	0.0	0.0	2.00429	0.0	0.0	0.0	0.0	0.9188299999999999	0.0	0.048104	0.0	0.0	0.0	0.0	0.0	0.0	0.0	0.0	0.0	0.0	0.0	0.0	0.0	0.112876	0.0	0.0	0.0	0.0	0.419048	0.0	0.0	0.0	0.137199	0.0	0.0450491	0.0	0.0	0.0	0.0
SPRR2D	SPRR2D-001	0.0938409	0.280287	0.0	0.0	0.0	0.0	0.0	0.0	0.0	0.0	0.0	0.0	0.0	0.0	0.0	0.0	0.0	0.0	0.0	0.0	0.0	0.0	0.0	0.0	0.0	0.19175899999999999	0.0	0.0	0.0	0.0	0.0	0.0427706	0.0	0.0	0.0	0.0	0.0	0.0	0.0	0.0	0.0	0.0	0.0	1.50959	0.171565	0.0	0.0	0.0529311	0.46306499999999995	0.0	0.0	0.0	0.0	0.0	0.0	0.0	0.0	0.0	0.0	0.0	0.0	0.0	0.0	0.0	0.0	0.0	0.0	0.0	0.0	0.0	0.0	0.0	0.0	0.06350019999999999	0.0	0.0	0.0	0.0	0.0	0.0
SPRR2D	SPRR2D-003	0.0	0.0	0.0	0.0	0.0	0.0	0.0	0.0	0.0	0.0	0.0	0.0	0.0	0.0	0.0	0.0	0.0	0.0	0.0	0.0	0.0	0.0	0.0	0.0	0.0	0.0	0.0	0.0	0.0	0.0	0.0	0.0	0.0	0.0	0.0	0.0	0.0	0.0	0.0	0.0	0.0	0.0	0.0	0.0	0.0	0.0	0.0	0.0	0.0	0.0	0.0	0.0	0.0	0.0	0.0	0.0	0.0	0.0	0.0	0.0	0.0	0.0	0.0	0.0	0.0	0.0	0.0	0.0	0.0	0.0	0.0	0.0	0.0	0.0	0.0	0.0	0.0	0.0	0.0	0.0
SPRR2D	SPRR2D-002	0.0	0.0	0.0	0.0	0.0	0.0	0.0	0.0	0.0	0.0	0.0	0.0	0.0	0.0	0.0	0.0	0.0	0.0	0.0	0.0	0.0	0.0	0.0	0.0	0.0	0.0	0.0	0.0	0.0	0.0	0.0	0.0	0.0	0.0	0.0	0.0	0.0	0.0	0.0	0.0	0.0	0.0	0.0	0.0	0.0	0.0	0.0	0.0	0.0	0.0	0.0	0.0	0.0	0.0	0.0	0.0	0.0	0.0	0.0	0.0	0.0	0.0	0.0	0.0	0.0	0.0	0.0	0.0	0.0	0.0	0.0	0.0	0.0	0.0	0.0	0.0	0.0	0.0	0.0	0.0
SPRR2D	SPRR2D-004	0.0	0.0	0.0	0.0	0.0	0.0	0.0	0.0	0.0	0.0	0.0	0.0	0.0	0.0	0.0	0.0	0.0	0.0	0.0	0.0	0.0	0.0	0.0	0.0	0.0	0.0	0.0	0.0	0.0	0.0	0.0	0.0	0.0	0.0	0.0	0.0	0.0	0.0	0.0	0.0	0.0	0.0	0.0	0.0	0.0	0.0	0.0	0.0	0.0	0.0	0.0	0.0	0.0	0.0	0.0	0.0	0.0	0.0	0.0	0.0	0.0	0.0	0.0	0.0	0.0	0.0	0.0	0.0	0.0	0.0	0.0	0.0	0.0	0.0	0.0	0.0	0.0	0.0	0.0	0.0
SPRR2A	SPRR2A-001	0.0	0.479205	0.0	0.0	0.0441334	0.0	0.0	0.0	0.0	0.0	0.0	0.0	0.0	0.0	0.0	0.0	0.0	0.0	0.0	0.0	0.0	0.0	0.0	0.0	0.0	0.42022299999999996	0.0	0.0	0.0	0.0	0.0	0.0	0.0	0.0	0.0	0.0	0.0	0.0	0.0	0.0	0.0	0.0	0.0	1.70275	0.0	0.0	0.0	0.09974	0.633323	0.0	0.0	0.0	0.0	0.0	0.0	0.0	0.0	0.0	0.0	0.0	0.0	0.0	0.0319886	0.0	0.13087000000000001	0.0	0.0	0.0	0.0	0.155507	0.0	0.0	0.0303435	0.0	0.0	0.0	0.0	0.0	0.0	0.0
SPRR2B	SPRR2B-001	0.0	0.110728	0.0	0.0	0.0	0.0	0.0	0.0	0.0	0.0	0.0	0.0	0.0	0.0	0.0	0.0	0.0	0.0	0.0	0.0	0.0	0.0	0.0	0.0	0.0	0.287929	0.0	0.0	0.0	0.0	0.0	0.0	0.0	0.0	0.0	0.0	0.0	0.0	0.0	0.0	0.0	0.0	0.0	0.0	0.0	0.0	0.0	0.0	0.0470952	0.0	0.0	0.0	0.0	0.0	0.0	0.0	0.0	0.0	0.0	0.0	0.0	0.0	0.0	0.0	0.0	0.0	0.0	0.0	0.0	0.0	0.0	0.0	0.0	0.0	0.0	0.0	0.0	0.0	0.0	0.0
SPRR2E	SPRR2E-002	0.0479446	0.1723	0.0	0.0	0.0	0.0	0.0	0.0	0.0	0.0	0.0	0.0	0.0	0.0	0.0	0.0	0.0	0.0495702	0.0	0.0	0.0	0.0	0.0	0.0	0.0	0.156818	0.0	0.0	0.0	0.0	0.0	0.0	0.0	0.0	0.0	0.0	0.0	0.0	0.0	0.0	0.0	0.0	0.0	0.40666599999999997	0.0	0.0	0.0	0.0	0.383466	0.0	0.044476199999999994	0.0	0.0	0.0	0.0	0.0	0.0	0.0	0.0	0.0	0.0	0.0	0.0	0.0	0.0	0.0	0.0	0.0	0.0	0.0557101	0.0	0.0	0.0	0.0	0.0	0.0	0.0	0.0	0.0	0.0
SPRR2E	SPRR2E-001	0.0	0.0	0.0	0.0	0.0	0.0	0.0	0.0	0.0	0.0	0.0	0.0	0.0	0.0	0.0	0.0	0.0	0.0	0.0	0.0	0.0	0.0	0.0	0.0	0.0	0.0	0.0	0.0	0.0	0.0	0.0	0.0	0.0	0.0	0.0	0.0	0.0	0.0	0.0	0.0	0.0	0.0	0.0	0.0	0.0	0.0	0.0	0.0	0.0	0.0	0.0	0.0	0.0	0.0	0.0	0.0	0.0	0.0	0.0	0.0	0.0	0.0	0.0	0.0	0.0	0.0	0.0	0.0	0.0	0.0	0.0	0.0	0.0	0.0	0.0	0.0	0.0	0.0	0.0	0.0
SPRR2F	SPRR2F-001	0.0	0.029968400000000003	0.0	0.0	0.0	0.0	0.0	0.0	0.195262	0.0	0.0	0.0	0.0	0.0	0.0	0.0	0.0	0.0	0.0	0.0	0.0	0.0	0.0	0.0	0.0	0.0	0.0	0.0	0.0	0.0	0.0	0.0	0.0	0.0	0.0	0.0	0.0	0.0	0.0	0.0	0.0	0.0	0.0	0.0	0.0	0.0	0.0	0.0	0.034949400000000005	0.306358	0.0	0.0	0.0	0.0	0.0	0.0	0.0	0.0	0.0	0.0	0.0	0.0	0.0	0.0	0.0345219	0.0	0.0	0.0	0.0	0.0	0.056821800000000006	0.0	0.0	0.0	0.0	0.0	0.0	0.0	0.034888	0.0
SPRR2C	SPRR2C-001	0.0	0.0	0.0	0.0	0.0	0.0	0.0	0.0	0.0	0.0	0.0	0.0	0.0	0.0	0.0	0.0	0.0	0.0	0.0	0.0	0.0	0.0	0.0	0.0	0.0	0.0	0.0	0.0	0.0	0.0	0.0	0.0	0.0	0.0	0.0	0.0	0.0	0.0	0.0	0.0	0.0	0.0	0.0	0.0	0.0	0.0	0.0	0.0	0.0	0.0	0.0	0.0	0.0	0.0	0.0	0.0	0.0	0.0	0.0	0.0	0.0	0.0	0.0	0.0	0.0	0.0	0.0	0.0	0.0	0.0	0.0	0.0	0.0	0.0	0.0	0.0	0.0	0.0	0.0	0.0
SPRR2G	SPRR2G-001	0.0	0.0	0.0	0.0	0.0	0.0	0.0	0.0	0.0	0.0	0.0	0.0	0.0	0.0	0.0	0.0	0.0	0.0	0.0	0.0	0.0	0.0	0.0	0.0	0.0	0.504484	0.0	0.0	0.0	0.0	0.0	0.0	0.0	0.0	0.0	0.0	0.0	0.0	0.0	0.0	0.0	0.0	0.0	0.0	0.0	0.0	0.0	0.0	0.09209869999999999	0.0	0.0572461	0.0	0.0	0.0	0.0	0.0	0.0	0.0	0.0	0.0	0.0	0.0	0.0	0.0	0.0454943	0.0	0.0	0.0	0.0	0.0715809	0.0	0.0	0.0	0.0	0.0	0.0	0.0	0.0	0.0	0.0
LELP1	LELP1-001	0.0	0.0	0.0	0.0	0.0	0.0	0.0	0.0	0.0	0.0	0.0	0.0	0.0	0.0	0.0	0.0	0.0	0.0	0.0	0.0	0.0	0.0	0.0	0.0	0.0	0.0	0.0	0.0	0.0	0.0	0.0	0.0	0.0	0.0	0.0	0.0	0.0	0.0	0.0	0.0	0.0	0.0	0.0	0.0	0.0	0.0	0.0	0.0	0.0	0.0	0.0	0.0	0.0	0.0	0.0	0.0	0.0	0.0	0.0	0.0	0.0	0.0	0.0	0.0	0.0	0.0	0.0	0.0	0.0	0.0	0.0	0.0	0.0	0.0	0.0	0.0	0.0	0.0	0.0	0.0
LOR	LOR-001	0.017218599999999997	0.0	0.0	0.0	0.0	0.0	0.0	0.0	0.0	0.0	0.028307799999999998	0.0	0.0	0.0	0.0111094	0.0	0.0	0.0	0.0	0.0	0.0	0.0	0.0186534	0.0	0.0	0.0150021	0.0	0.0	0.0	0.0	0.0	0.0	0.0	0.0	0.0	0.0129605	0.0	0.0	0.0	0.0	0.0	0.0	0.0	0.0	0.0	0.0	0.0	0.0	0.0	0.0	0.0	0.0	0.035325199999999994	0.0	0.0	0.0	0.0	0.0	0.0	0.0	0.0	0.0	0.0	0.0	0.0	0.0	0.0	0.0	0.0	0.0208825	0.0	0.0	0.110431	0.0	0.0	0.0	0.0	0.0	0.0	0.0
PGLYRP4	PGLYRP4-001	0.0	0.00885334	0.0	0.0	0.0	0.0	0.0	0.0	0.0	0.0	0.0	0.0	0.014709799999999999	0.0	0.0	0.0	0.0	0.0	0.0	0.0204032	0.0	0.0	0.0	0.0	0.0	0.0	0.0	0.0	0.0	0.0	0.0	0.0	0.0	0.0	0.0	0.0	0.0	0.0	0.0	0.0	0.0	0.0	0.0	0.0	0.0	0.0	0.0	0.0	0.0	0.0	0.0	0.0	0.0	0.0	0.0	0.0	0.0	0.0	0.0	0.00917183	0.0	0.0	0.0100444	0.0	0.0	0.0	0.00962919	0.0	0.0	0.0	0.0	0.0	0.0	0.0	0.0	0.0	0.0	0.0	0.0207494	0.0
PGLYRP4	PGLYRP4-002	0.0	0.0	0.0	0.0	0.0	0.0	0.0	0.0	0.0	0.0	0.0	0.0	0.0	0.0	0.0	0.0	0.0	0.0	0.0	0.0	0.0	0.0	0.0	0.0	0.0	0.0	0.0	0.0	0.0	0.0	0.0	0.0	0.0	0.0	0.0	0.0	0.0	0.0	0.0	0.0	0.0	0.0	0.0	0.0	0.0	0.0	0.0	0.0	0.0	0.0	0.0	0.0	0.0	0.0	0.0	0.0	0.0	0.0	0.0	0.0	0.0	0.0	0.0	0.0	0.0	0.0	0.0	0.0	0.0	0.0	0.0	0.0	0.0	0.0	0.0	0.0	0.0	0.0	0.0	0.0
PGLYRP4	PGLYRP4-003	0.0	0.0	0.0	0.0	0.0	0.0	0.0	0.0	0.0	0.0	0.0	0.0	0.0	0.0	0.0	0.0	0.0	0.0	0.0	0.0471705	0.0	0.0	0.0	0.0	0.0	0.0	0.0	0.0	0.0	0.0	0.0	0.0	0.0	0.0	0.0	0.0	0.0	0.0	0.0	0.0	0.0	0.0	0.0	0.0	0.0	0.0	0.0	0.0	0.0	0.0	0.0	0.0	0.0	0.0	0.0	0.0	0.0	0.0	0.0	0.0	0.0	0.0	0.0	0.0	0.0470207	0.0	0.0	0.0	0.0	0.0	0.0	0.0	0.0	0.0	0.0	0.0	0.0	0.0	0.0	0.0
PGLYRP3	PGLYRP3-001	0.0	0.014580700000000002	0.0	0.0	0.0	0.0	0.0	0.0	0.0	0.0	0.0	0.0	0.0	0.0	0.0	0.0	0.0	0.0	0.0	0.0	0.0	0.0	0.0	0.0	0.0	0.0	0.0	0.0	0.0	0.0	0.0	0.0	0.0	0.0	0.0	0.0	0.0	0.0	0.0	0.0	0.0	0.0	0.0	0.0	0.0	0.0	0.0	0.0	0.0	0.0	0.0	0.0	0.0	0.0	0.0	0.0	0.0	0.0	0.0	0.0	0.0	0.0	0.0	0.0	0.0	0.0	0.0	0.0	0.0	0.0	0.0	0.0	0.0	0.0	0.0	0.0	0.0	0.0	0.0	0.0
